time,open,high,low,close,volume
2026-07-28T23:45:00+00:00,1.065,1.0673,1.0644,1.0665,196723.763852
2026-07-28T23:50:00+00:00,1.0666,1.0684,1.0665,1.0682,680683.183392
2026-07-28T23:55:00+00:00,1.0682,1.0685,1.0673,1.0678,63323.493074
2026-07-29T00:00:00+00:00,1.0677,1.0708,1.0677,1.0708,603063.050393
2026-07-29T00:05:00+00:00,1.0708,1.0734,1.0708,1.0728,224671.800759
2026-07-29T00:10:00+00:00,1.0725,1.0727,1.0715,1.0722,132150.142407
2026-07-29T00:15:00+00:00,1.0721,1.0755,1.0716,1.0743,105113.987184
2026-07-29T00:20:00+00:00,1.0744,1.0747,1.0728,1.0736,276875.868462
2026-07-29T00:25:00+00:00,1.0733,1.0742,1.0717,1.0732,383117.343516
2026-07-29T00:30:00+00:00,1.0732,1.0733,1.0702,1.0708,238461.680147
2026-07-29T00:35:00+00:00,1.0708,1.0743,1.07,1.074,161816.397848
2026-07-29T00:40:00+00:00,1.074,1.0762,1.0731,1.076,267433.787738
2026-07-29T00:45:00+00:00,1.076,1.0783,1.0749,1.0756,188094.399737
2026-07-29T00:50:00+00:00,1.0754,1.0793,1.0754,1.0792,125384.466663
2026-07-29T00:55:00+00:00,1.0791,1.0792,1.077,1.0782,94929.28128
2026-07-29T01:00:00+00:00,1.0779,1.0797,1.0773,1.079,112695.81471
2026-07-29T01:05:00+00:00,1.079,1.0795,1.0761,1.0768,372228.287092
2026-07-29T01:10:00+00:00,1.0765,1.0768,1.0748,1.0755,145048.351813
2026-07-29T01:15:00+00:00,1.0755,1.0756,1.0729,1.0752,984321.940662
2026-07-29T01:20:00+00:00,1.0753,1.0783,1.0753,1.0766,182900.474034
2026-07-29T01:25:00+00:00,1.0766,1.0778,1.0756,1.0761,80037.70246
2026-07-29T01:30:00+00:00,1.0758,1.0769,1.0746,1.0762,133425.75327
2026-07-29T01:35:00+00:00,1.0761,1.0762,1.0743,1.0752,49793.683561
2026-07-29T01:40:00+00:00,1.0752,1.0755,1.0733,1.0737,238605.058711
2026-07-29T01:45:00+00:00,1.0736,1.0736,1.0717,1.0721,103281.298104
2026-07-29T01:50:00+00:00,1.0722,1.0734,1.0717,1.0722,125427.373754
2026-07-29T01:55:00+00:00,1.0721,1.0722,1.0699,1.0705,127683.975051
2026-07-29T02:00:00+00:00,1.0703,1.0717,1.0687,1.0691,78702.820833
2026-07-29T02:05:00+00:00,1.0692,1.0719,1.0692,1.0717,76326.927953
2026-07-29T02:10:00+00:00,1.0715,1.0736,1.0713,1.0725,143172.290556
2026-07-29T02:15:00+00:00,1.0726,1.0726,1.0695,1.0704,80073.075147
2026-07-29T02:20:00+00:00,1.0704,1.0743,1.0704,1.0727,105114.338883
2026-07-29T02:25:00+00:00,1.0726,1.0789,1.0724,1.0788,116226.94101
2026-07-29T02:30:00+00:00,1.0788,1.0811,1.0771,1.0772,557184.958291
2026-07-29T02:35:00+00:00,1.0772,1.0799,1.0772,1.0799,264538.358035
2026-07-29T02:40:00+00:00,1.08,1.0807,1.0784,1.0786,56016.005186
2026-07-29T02:45:00+00:00,1.0784,1.0788,1.0769,1.0773,147036.691278
2026-07-29T02:50:00+00:00,1.0773,1.078,1.0767,1.0773,56370.786143
2026-07-29T02:55:00+00:00,1.0774,1.0787,1.077,1.078,42814.119466
2026-07-29T03:00:00+00:00,1.078,1.0786,1.0758,1.0763,377319.201
2026-07-29T03:05:00+00:00,1.0764,1.0796,1.0762,1.0796,73943.560436
2026-07-29T03:10:00+00:00,1.0795,1.0795,1.0766,1.0767,81531.209533
2026-07-29T03:15:00+00:00,1.0768,1.0774,1.0742,1.0742,45324.822915
2026-07-29T03:20:00+00:00,1.0742,1.0762,1.0741,1.0744,52348.175315
2026-07-29T03:25:00+00:00,1.0744,1.0744,1.0718,1.0718,74157.49062
2026-07-29T03:30:00+00:00,1.0717,1.0726,1.0699,1.0713,62786.404655
2026-07-29T03:35:00+00:00,1.0712,1.0738,1.0711,1.0723,78847.502217
2026-07-29T03:40:00+00:00,1.0723,1.0725,1.0707,1.0721,82586.947116
2026-07-29T03:45:00+00:00,1.0721,1.0724,1.0707,1.0709,90144.317917
2026-07-29T03:50:00+00:00,1.0709,1.0712,1.0702,1.0709,109608.022023
2026-07-29T03:55:00+00:00,1.0709,1.0709,1.0696,1.07,39084.733178
2026-07-29T04:00:00+00:00,1.07,1.0703,1.0675,1.0681,183700.343502
2026-07-29T04:05:00+00:00,1.0681,1.0719,1.0665,1.0717,307852.321882
2026-07-29T04:10:00+00:00,1.0715,1.0723,1.0697,1.0715,186576.02009
2026-07-29T04:15:00+00:00,1.0715,1.0721,1.0689,1.0701,210422.043833
2026-07-29T04:20:00+00:00,1.0702,1.0724,1.0683,1.0724,132786.733887
2026-07-29T04:25:00+00:00,1.072,1.074,1.0711,1.0738,97673.793908
2026-07-29T04:30:00+00:00,1.0738,1.0742,1.0721,1.0726,163420.566328
2026-07-29T04:35:00+00:00,1.0727,1.0772,1.0724,1.0772,220048.008939
2026-07-29T04:40:00+00:00,1.0771,1.0789,1.0764,1.0764,365383.913661
2026-07-29T04:45:00+00:00,1.0765,1.0765,1.0743,1.0746,152800.060294
2026-07-29T04:50:00+00:00,1.0747,1.077,1.0745,1.0767,54250.084338
2026-07-29T04:55:00+00:00,1.0767,1.0795,1.0764,1.0789,131030.369645
2026-07-29T05:00:00+00:00,1.0792,1.0844,1.079,1.0826,152266.124885
2026-07-29T05:05:00+00:00,1.0826,1.0848,1.0815,1.0836,213219.056932
2026-07-29T05:10:00+00:00,1.0836,1.0869,1.0836,1.086,200654.44813
2026-07-29T05:15:00+00:00,1.086,1.086,1.0821,1.0826,193903.055757
2026-07-29T05:20:00+00:00,1.0825,1.0844,1.0817,1.0831,151414.022413
2026-07-29T05:25:00+00:00,1.083,1.0869,1.083,1.0852,169455.781891
2026-07-29T05:30:00+00:00,1.0852,1.0871,1.0844,1.0871,109856.645197
2026-07-29T05:35:00+00:00,1.0871,1.0897,1.0853,1.0854,373711.418233
2026-07-29T05:40:00+00:00,1.0853,1.0865,1.0849,1.0857,63822.40423
2026-07-29T05:45:00+00:00,1.0858,1.0871,1.0855,1.0862,59581.681373
2026-07-29T05:50:00+00:00,1.0862,1.087,1.0856,1.0868,54813.295213
2026-07-29T05:55:00+00:00,1.0869,1.0869,1.0844,1.0845,87326.081089
2026-07-29T06:00:00+00:00,1.0845,1.0854,1.083,1.0832,62211.258794
2026-07-29T06:05:00+00:00,1.0833,1.0833,1.0817,1.0818,74070.090368
2026-07-29T06:10:00+00:00,1.0818,1.0841,1.0816,1.0835,98850.669289
2026-07-29T06:15:00+00:00,1.0835,1.0852,1.0828,1.0848,76865.117847
2026-07-29T06:20:00+00:00,1.0847,1.0875,1.0847,1.0869,48747.033846
2026-07-29T06:25:00+00:00,1.087,1.0885,1.0863,1.0872,112803.982647
2026-07-29T06:30:00+00:00,1.0872,1.0881,1.0863,1.0873,21270.611258
2026-07-29T06:35:00+00:00,1.0873,1.0878,1.0856,1.0859,69238.390304
2026-07-29T06:40:00+00:00,1.0859,1.0871,1.0856,1.0869,67100.774098
2026-07-29T06:45:00+00:00,1.0867,1.0867,1.0853,1.0856,80076.988159
2026-07-29T06:50:00+00:00,1.0856,1.0864,1.0855,1.0858,55604.752665
2026-07-29T06:55:00+00:00,1.0859,1.0865,1.0853,1.0865,65071.570239
2026-07-29T07:00:00+00:00,1.0865,1.0868,1.0849,1.0858,44855.80635
2026-07-29T07:05:00+00:00,1.0858,1.087,1.0858,1.0869,29598.123232
2026-07-29T07:10:00+00:00,1.0869,1.0873,1.0863,1.0872,44834.201643
2026-07-29T07:15:00+00:00,1.0872,1.0872,1.0861,1.0865,25219.092238
2026-07-29T07:20:00+00:00,1.0866,1.087,1.0857,1.0864,54331.284204
2026-07-29T07:25:00+00:00,1.0863,1.0875,1.086,1.0875,41741.223568
2026-07-29T07:30:00+00:00,1.0875,1.0876,1.0859,1.0865,235514.599398
2026-07-29T07:35:00+00:00,1.0866,1.0879,1.0859,1.0878,217596.552152
2026-07-29T07:40:00+00:00,1.0878,1.0878,1.0868,1.087,109730.243358
2026-07-29T07:45:00+00:00,1.087,1.0876,1.0867,1.0874,43318.760643
2026-07-29T07:50:00+00:00,1.0873,1.0875,1.0865,1.0866,43782.060705
2026-07-29T07:55:00+00:00,1.0866,1.0892,1.0866,1.089,193680.599072
2026-07-29T08:00:00+00:00,1.089,1.09,1.0874,1.0882,218091.64207
2026-07-29T08:05:00+00:00,1.0881,1.0881,1.087,1.0872,153726.208447
2026-07-29T08:10:00+00:00,1.0872,1.0872,1.0849,1.0853,445128.367808
2026-07-29T08:15:00+00:00,1.0854,1.0863,1.0852,1.0859,80524.269324
2026-07-29T08:20:00+00:00,1.0859,1.0861,1.085,1.0853,32574.011228
2026-07-29T08:25:00+00:00,1.0853,1.0853,1.0839,1.0845,156778.613689
2026-07-29T08:30:00+00:00,1.0844,1.086,1.0838,1.086,105291.262254
2026-07-29T08:35:00+00:00,1.0859,1.0871,1.0859,1.0865,21684.760021
2026-07-29T08:40:00+00:00,1.0864,1.0883,1.0864,1.0871,38384.516343
2026-07-29T08:45:00+00:00,1.0871,1.0882,1.086,1.0863,36633.014653
2026-07-29T08:50:00+00:00,1.0862,1.0863,1.0854,1.0856,98625.776331
2026-07-29T08:55:00+00:00,1.0856,1.0863,1.0854,1.0859,34402.536041
2026-07-29T09:00:00+00:00,1.0858,1.0876,1.0858,1.0872,33466.865876
2026-07-29T09:05:00+00:00,1.0871,1.0874,1.0863,1.0872,133133.460078
2026-07-29T09:10:00+00:00,1.0873,1.0884,1.0872,1.0881,31093.919289
2026-07-29T09:15:00+00:00,1.0881,1.0893,1.0877,1.0891,127485.83544
2026-07-29T09:20:00+00:00,1.089,1.0893,1.0882,1.0888,45761.993697
2026-07-29T09:25:00+00:00,1.0887,1.0904,1.0887,1.0902,137474.493297
2026-07-29T09:30:00+00:00,1.0904,1.0925,1.0903,1.0909,447179.948851
2026-07-29T09:35:00+00:00,1.0908,1.0909,1.0896,1.0897,74516.151541
2026-07-29T09:40:00+00:00,1.0898,1.0915,1.0894,1.0898,167903.799827
2026-07-29T09:45:00+00:00,1.0897,1.0899,1.0874,1.0875,277402.408457
2026-07-29T09:50:00+00:00,1.0875,1.0886,1.0871,1.0883,176139.490728
2026-07-29T09:55:00+00:00,1.0882,1.0882,1.0871,1.0873,48642.688857
2026-07-29T10:00:00+00:00,1.0872,1.0881,1.0869,1.0873,90183.120803
2026-07-29T10:05:00+00:00,1.0873,1.0878,1.0865,1.0873,136455.781429
2026-07-29T10:10:00+00:00,1.0873,1.0879,1.0868,1.0878,62618.114688
2026-07-29T10:15:00+00:00,1.0879,1.0879,1.0868,1.0875,46789.887277
2026-07-29T10:20:00+00:00,1.0877,1.0887,1.0873,1.0883,67487.977774
2026-07-29T10:25:00+00:00,1.0881,1.0883,1.0864,1.0866,64665.708188
2026-07-29T10:30:00+00:00,1.0865,1.0866,1.0853,1.0856,91753.993386
2026-07-29T10:35:00+00:00,1.0855,1.0857,1.085,1.0853,18368.041044
2026-07-29T10:40:00+00:00,1.0853,1.0874,1.0853,1.0874,139110.324008
2026-07-29T10:45:00+00:00,1.0873,1.0885,1.0867,1.0874,348127.636224
2026-07-29T10:50:00+00:00,1.0874,1.0878,1.0851,1.0857,194079.967044
2026-07-29T10:55:00+00:00,1.0858,1.0862,1.0851,1.0862,342241.467572
2026-07-29T11:00:00+00:00,1.0862,1.0871,1.0859,1.0859,54512.32874
2026-07-29T11:05:00+00:00,1.0859,1.0875,1.0853,1.0871,94888.626836
2026-07-29T11:10:00+00:00,1.0871,1.0876,1.0867,1.0873,97312.161788
2026-07-29T11:15:00+00:00,1.0873,1.0879,1.0858,1.0861,126218.103415
2026-07-29T11:20:00+00:00,1.086,1.0879,1.0849,1.0849,395952.7082
2026-07-29T11:25:00+00:00,1.0851,1.0854,1.0849,1.085,47828.843233
2026-07-29T11:30:00+00:00,1.085,1.0851,1.0834,1.0835,48039.13089
2026-07-29T11:35:00+00:00,1.0834,1.0841,1.0827,1.0834,297148.868341
2026-07-29T11:40:00+00:00,1.0833,1.0843,1.083,1.0832,138902.627007
2026-07-29T11:45:00+00:00,1.0832,1.084,1.0829,1.084,59698.016307
2026-07-29T11:50:00+00:00,1.0839,1.0842,1.0831,1.0833,60739.710758
2026-07-29T11:55:00+00:00,1.0834,1.0836,1.0829,1.0829,74369.785397
2026-07-29T12:00:00+00:00,1.0828,1.0831,1.0808,1.0812,147361.042804
2026-07-29T12:05:00+00:00,1.0812,1.0814,1.0803,1.081,216827.686942
2026-07-29T12:10:00+00:00,1.081,1.0821,1.0807,1.0813,66838.033541
2026-07-29T12:15:00+00:00,1.0812,1.0813,1.0768,1.0777,248976.575776
2026-07-29T12:20:00+00:00,1.0776,1.0783,1.0765,1.0767,474854.386291
2026-07-29T12:25:00+00:00,1.0768,1.0773,1.0754,1.0758,331944.086421
2026-07-29T12:30:00+00:00,1.0757,1.0765,1.074,1.0765,552268.783302
2026-07-29T12:35:00+00:00,1.0766,1.0772,1.0758,1.0771,90758.35602
2026-07-29T12:40:00+00:00,1.0771,1.0774,1.0765,1.0774,38777.219552
2026-07-29T12:45:00+00:00,1.0773,1.0778,1.0764,1.0771,155018.79339
2026-07-29T12:50:00+00:00,1.0771,1.0777,1.0763,1.0771,191517.375142
2026-07-29T12:55:00+00:00,1.077,1.0772,1.076,1.0769,117623.734517
2026-07-29T13:00:00+00:00,1.077,1.077,1.0762,1.0767,39130.657957
2026-07-29T13:05:00+00:00,1.0766,1.0773,1.0762,1.0765,208176.943899
2026-07-29T13:10:00+00:00,1.0766,1.0767,1.0761,1.0767,113720.431517
2026-07-29T13:15:00+00:00,1.0766,1.0768,1.0737,1.074,144853.515543
2026-07-29T13:20:00+00:00,1.0739,1.075,1.0728,1.0738,236449.922415
2026-07-29T13:25:00+00:00,1.0735,1.0755,1.0731,1.0746,126565.398472
2026-07-29T13:30:00+00:00,1.0745,1.0762,1.073,1.0747,207743.871994
2026-07-29T13:35:00+00:00,1.0746,1.0747,1.071,1.0734,265332.344292
2026-07-29T13:40:00+00:00,1.0735,1.0746,1.0723,1.0744,93491.583459
2026-07-29T13:45:00+00:00,1.0742,1.0747,1.0717,1.0736,209650.498748
2026-07-29T13:50:00+00:00,1.0736,1.0738,1.0704,1.0723,148358.17686
2026-07-29T13:55:00+00:00,1.0723,1.0744,1.0694,1.0744,329243.940805
2026-07-29T14:00:00+00:00,1.0745,1.0753,1.0733,1.0741,419150.939205
2026-07-29T14:05:00+00:00,1.0741,1.0751,1.0717,1.073,198843.165648
2026-07-29T14:10:00+00:00,1.0727,1.0729,1.0701,1.0706,183657.145344
2026-07-29T14:15:00+00:00,1.0706,1.0733,1.0706,1.0718,170316.942459
2026-07-29T14:20:00+00:00,1.0719,1.0735,1.0702,1.0706,108917.296709
2026-07-29T14:25:00+00:00,1.0706,1.0706,1.0681,1.0698,137213.579364
2026-07-29T14:30:00+00:00,1.0699,1.0735,1.0698,1.071,426270.008449
2026-07-29T14:35:00+00:00,1.0711,1.0716,1.0698,1.0707,111069.758658
2026-07-29T14:40:00+00:00,1.0707,1.0724,1.0701,1.0713,164692.163073
2026-07-29T14:45:00+00:00,1.0714,1.0733,1.0709,1.0728,80171.957053
2026-07-29T14:50:00+00:00,1.0728,1.0742,1.072,1.0741,172802.800426
2026-07-29T14:55:00+00:00,1.0741,1.0742,1.0708,1.0709,198943.548992
2026-07-29T15:00:00+00:00,1.0708,1.0721,1.0701,1.0716,115644.834535
2026-07-29T15:05:00+00:00,1.0717,1.0717,1.0704,1.0715,101869.140138
2026-07-29T15:10:00+00:00,1.0716,1.0718,1.0696,1.071,90690.27441
2026-07-29T15:15:00+00:00,1.071,1.0722,1.0676,1.0678,231073.411054
2026-07-29T15:20:00+00:00,1.0676,1.0705,1.0675,1.0697,125702.280658
2026-07-29T15:25:00+00:00,1.0694,1.0698,1.068,1.0694,69436.393894
2026-07-29T15:30:00+00:00,1.0692,1.0703,1.0687,1.0691,127677.946319
2026-07-29T15:35:00+00:00,1.069,1.0713,1.0669,1.0673,134511.584278
2026-07-29T15:40:00+00:00,1.0673,1.0679,1.0668,1.0675,64043.685579
2026-07-29T15:45:00+00:00,1.0674,1.0685,1.0667,1.0682,169086.075848
2026-07-29T15:50:00+00:00,1.0682,1.0683,1.0662,1.0662,95943.219233
2026-07-29T15:55:00+00:00,1.0662,1.067,1.0652,1.0666,227028.807637
2026-07-29T16:00:00+00:00,1.0667,1.0671,1.0647,1.0652,107104.130258
2026-07-29T16:05:00+00:00,1.0654,1.0673,1.0648,1.0667,133844.658944
2026-07-29T16:10:00+00:00,1.0669,1.068,1.0667,1.067,308175.177325
2026-07-29T16:15:00+00:00,1.067,1.0674,1.0664,1.067,262912.017652
2026-07-29T16:20:00+00:00,1.067,1.0706,1.0665,1.0692,174304.095633
2026-07-29T16:25:00+00:00,1.0693,1.0709,1.0687,1.0688,810588.225459
2026-07-29T16:30:00+00:00,1.0688,1.0691,1.0673,1.0676,80860.755858
2026-07-29T16:35:00+00:00,1.0675,1.0678,1.0667,1.0673,47797.101024
2026-07-29T16:40:00+00:00,1.0674,1.068,1.0652,1.066,283925.840193
2026-07-29T16:45:00+00:00,1.0659,1.0685,1.0654,1.0668,64854.488644
2026-07-29T16:50:00+00:00,1.0668,1.0678,1.0665,1.0675,52096.85453
2026-07-29T16:55:00+00:00,1.0675,1.069,1.0673,1.0684,106410.539855
2026-07-29T17:00:00+00:00,1.0684,1.0713,1.0683,1.07,153954.267657
2026-07-29T17:05:00+00:00,1.07,1.0704,1.069,1.0698,86391.951777
2026-07-29T17:10:00+00:00,1.0698,1.0733,1.0698,1.0728,142398.849541
2026-07-29T17:15:00+00:00,1.0727,1.0728,1.0714,1.0725,121820.606373
2026-07-29T17:20:00+00:00,1.0723,1.0728,1.071,1.0712,126459.180602
2026-07-29T17:25:00+00:00,1.0713,1.0726,1.0709,1.0713,392584.315978
2026-07-29T17:30:00+00:00,1.0713,1.0736,1.0707,1.0732,94144.828978
2026-07-29T17:35:00+00:00,1.0732,1.0733,1.0709,1.072,91557.990577
2026-07-29T17:40:00+00:00,1.0718,1.0739,1.0718,1.0738,114931.968709
2026-07-29T17:45:00+00:00,1.0738,1.0741,1.0727,1.0741,107320.372831
2026-07-29T17:50:00+00:00,1.0741,1.0771,1.0735,1.0757,463407.290977
2026-07-29T17:55:00+00:00,1.0761,1.0791,1.0758,1.0789,350904.502239
2026-07-29T18:00:00+00:00,1.0789,1.0865,1.0782,1.0852,1668062.407629
2026-07-29T18:05:00+00:00,1.0851,1.0899,1.0847,1.0853,590586.758228
2026-07-29T18:10:00+00:00,1.0854,1.0875,1.0844,1.0853,198987.320578
2026-07-29T18:15:00+00:00,1.0853,1.0861,1.0822,1.0832,245320.501053
2026-07-29T18:20:00+00:00,1.0833,1.0846,1.0811,1.0815,146673.208356
2026-07-29T18:25:00+00:00,1.0814,1.0824,1.0801,1.0818,157919.770296
2026-07-29T18:30:00+00:00,1.082,1.0829,1.0749,1.078,420175.530566
2026-07-29T18:35:00+00:00,1.0777,1.0847,1.0766,1.0837,164089.687778
2026-07-29T18:40:00+00:00,1.0835,1.0866,1.083,1.0855,318427.627626
2026-07-29T18:45:00+00:00,1.0852,1.0866,1.0839,1.086,214591.422588
2026-07-29T18:50:00+00:00,1.086,1.0887,1.0846,1.0874,112372.819928
2026-07-29T18:55:00+00:00,1.0876,1.0882,1.0853,1.0858,146877.117761
2026-07-29T19:00:00+00:00,1.0858,1.0886,1.0851,1.0857,206992.647492
2026-07-29T19:05:00+00:00,1.0856,1.0857,1.0818,1.0822,147388.913096
2026-07-29T19:10:00+00:00,1.0819,1.0837,1.0805,1.0824,85926.97397
2026-07-29T19:15:00+00:00,1.0821,1.0841,1.08,1.0811,74364.813376
2026-07-29T19:20:00+00:00,1.0813,1.0813,1.077,1.0786,710302.544928
2026-07-29T19:25:00+00:00,1.0782,1.0786,1.0757,1.0776,371671.175508
2026-07-29T19:30:00+00:00,1.0777,1.0782,1.0731,1.0753,215870.053885
2026-07-29T19:35:00+00:00,1.0754,1.0773,1.0734,1.0737,66391.47441
2026-07-29T19:40:00+00:00,1.0734,1.0749,1.0724,1.0736,126698.994577
2026-07-29T19:45:00+00:00,1.0736,1.0738,1.0685,1.0717,307962.976281
2026-07-29T19:50:00+00:00,1.0716,1.0723,1.0672,1.0702,537425.16971
2026-07-29T19:55:00+00:00,1.0701,1.0701,1.0663,1.0683,858965.94498
2026-07-29T20:00:00+00:00,1.0684,1.0693,1.063,1.0644,498815.708248
2026-07-29T20:05:00+00:00,1.0644,1.0662,1.0617,1.0622,403475.913449
2026-07-29T20:10:00+00:00,1.0623,1.0677,1.0621,1.0673,106414.53336
2026-07-29T20:15:00+00:00,1.0671,1.0696,1.0666,1.0689,329524.764861
2026-07-29T20:20:00+00:00,1.0689,1.0695,1.0664,1.0668,290145.875812
2026-07-29T20:25:00+00:00,1.0668,1.0674,1.0608,1.0643,356146.748272
2026-07-29T20:30:00+00:00,1.0641,1.0656,1.063,1.0652,253716.343673
2026-07-29T20:35:00+00:00,1.0653,1.0677,1.0651,1.0669,70042.045483
2026-07-29T20:40:00+00:00,1.0669,1.0682,1.0662,1.0664,42410.385914
2026-07-29T20:45:00+00:00,1.0664,1.0669,1.0645,1.0648,166349.533237
2026-07-29T20:50:00+00:00,1.0647,1.0662,1.064,1.0662,45921.925685
2026-07-29T20:55:00+00:00,1.0662,1.0668,1.0639,1.0648,101207.423729
2026-07-29T21:00:00+00:00,1.0647,1.0651,1.063,1.0637,155285.915824
2026-07-29T21:05:00+00:00,1.0637,1.0659,1.0625,1.0658,177408.674049
2026-07-29T21:10:00+00:00,1.0658,1.068,1.0658,1.068,135258.362561
2026-07-29T21:15:00+00:00,1.0677,1.068,1.066,1.0676,115479.774628
2026-07-29T21:20:00+00:00,1.0679,1.0694,1.0676,1.0692,66975.981765
2026-07-29T21:25:00+00:00,1.0692,1.072,1.0688,1.0719,272113.114561
2026-07-29T21:30:00+00:00,1.0719,1.0735,1.0715,1.0735,211660.852723
2026-07-29T21:35:00+00:00,1.0733,1.0777,1.0714,1.0777,414658.10268
2026-07-29T21:40:00+00:00,1.0775,1.0776,1.0752,1.0755,172810.709651
2026-07-29T21:45:00+00:00,1.0755,1.0756,1.0741,1.0741,19297.323367
2026-07-29T21:50:00+00:00,1.074,1.0751,1.074,1.0748,189608.759487
2026-07-29T21:55:00+00:00,1.0748,1.0749,1.0726,1.0736,96216.964163
2026-07-29T22:00:00+00:00,1.0736,1.0754,1.0729,1.0752,179276.489904
2026-07-29T22:05:00+00:00,1.0753,1.0783,1.0746,1.0748,482394.663047
2026-07-29T22:10:00+00:00,1.0749,1.0765,1.0747,1.0752,119903.728459
2026-07-29T22:15:00+00:00,1.0749,1.0768,1.0744,1.0764,93392.463725
2026-07-29T22:20:00+00:00,1.0764,1.0766,1.0747,1.0748,100568.517659
2026-07-29T22:25:00+00:00,1.0747,1.0751,1.0741,1.0749,47671.928545
2026-07-29T22:30:00+00:00,1.0748,1.0751,1.0731,1.0737,59647.349404
2026-07-29T22:35:00+00:00,1.0736,1.0737,1.0728,1.0732,20314.75278
2026-07-29T22:40:00+00:00,1.0731,1.0741,1.072,1.0738,127019.351564
2026-07-29T22:45:00+00:00,1.0739,1.0742,1.0723,1.0732,38627.707866
2026-07-29T22:50:00+00:00,1.0732,1.0739,1.073,1.0733,28696.015616
2026-07-29T22:55:00+00:00,1.0733,1.0737,1.0728,1.0731,56965.859055
2026-07-29T23:00:00+00:00,1.0732,1.0732,1.0707,1.0712,387568.111355
2026-07-29T23:05:00+00:00,1.0711,1.0724,1.0704,1.0718,207541.819506
2026-07-29T23:10:00+00:00,1.0715,1.0715,1.0694,1.07,109518.751477
2026-07-29T23:15:00+00:00,1.0699,1.0732,1.0696,1.0731,27679.101028
2026-07-29T23:20:00+00:00,1.0732,1.0733,1.0719,1.0723,59865.388355
2026-07-29T23:25:00+00:00,1.0721,1.0727,1.0717,1.0722,37086.294072
2026-07-29T23:30:00+00:00,1.0722,1.0731,1.0711,1.0712,44965.548271
2026-07-29T23:35:00+00:00,1.0713,1.0721,1.0712,1.0721,39373.24794
2026-07-29T23:40:00+00:00,1.072,1.0731,1.0709,1.0731,30684.550952
2026-07-29T23:45:00+00:00,1.0729,1.0741,1.072,1.0723,139481.159349
2026-07-29T23:45:00+00:00,1.0729,1.0741,1.072,1.0723,139481.159349
2026-07-29T23:50:00+00:00,1.0723,1.0732,1.0719,1.0731,114934.324611
2026-07-29T23:55:00+00:00,1.0731,1.0732,1.072,1.0725,27468.295712
2026-07-30T00:00:00+00:00,1.0724,1.0734,1.0716,1.0726,74658.814061
2026-07-30T00:05:00+00:00,1.0727,1.0744,1.0726,1.0737,73660.356945
2026-07-30T00:10:00+00:00,1.0736,1.0751,1.0734,1.0741,76800.248144
2026-07-30T00:15:00+00:00,1.0742,1.0758,1.0739,1.0744,43501.26813
2026-07-30T00:20:00+00:00,1.0744,1.0745,1.0736,1.0743,62346.750432
2026-07-30T00:25:00+00:00,1.0744,1.0745,1.0728,1.0738,42465.275467
2026-07-30T00:30:00+00:00,1.0739,1.074,1.0713,1.0718,113162.728288
2026-07-30T00:35:00+00:00,1.0716,1.0716,1.0701,1.0705,66756.253361
2026-07-30T00:40:00+00:00,1.0705,1.0705,1.0684,1.0689,97946.217935
2026-07-30T00:45:00+00:00,1.0688,1.07,1.0686,1.0693,41442.583034
2026-07-30T00:50:00+00:00,1.0693,1.0693,1.0676,1.0677,115609.292352
2026-07-30T00:55:00+00:00,1.0676,1.0693,1.0672,1.0693,76767.711721
2026-07-30T01:00:00+00:00,1.0693,1.0718,1.0685,1.0718,174897.855264
2026-07-30T01:05:00+00:00,1.0718,1.0738,1.0709,1.0722,127711.976542
2026-07-30T01:10:00+00:00,1.0721,1.0721,1.0687,1.0687,70790.660289
2026-07-30T01:15:00+00:00,1.0687,1.0705,1.0687,1.0701,76837.972693
2026-07-30T01:20:00+00:00,1.0701,1.0722,1.0701,1.0722,107129.82293
2026-07-30T01:25:00+00:00,1.072,1.0725,1.0719,1.0723,85822.718575
2026-07-30T01:30:00+00:00,1.0722,1.0747,1.072,1.0747,111443.367384
2026-07-30T01:35:00+00:00,1.0747,1.0758,1.073,1.073,54847.159426
2026-07-30T01:40:00+00:00,1.0729,1.0757,1.0728,1.0755,38441.921883
2026-07-30T01:45:00+00:00,1.0757,1.0793,1.0752,1.0791,438628.086775
2026-07-30T01:50:00+00:00,1.0789,1.0796,1.078,1.0795,67622.098523
2026-07-30T01:55:00+00:00,1.0796,1.0799,1.0767,1.0769,119997.240491
2026-07-30T02:00:00+00:00,1.077,1.0777,1.0763,1.0769,118039.115546
2026-07-30T02:05:00+00:00,1.077,1.0785,1.0764,1.0777,219321.094846
2026-07-30T02:10:00+00:00,1.0778,1.079,1.0775,1.0777,71074.06499
2026-07-30T02:15:00+00:00,1.0776,1.078,1.0766,1.0774,41762.180352
2026-07-30T02:20:00+00:00,1.0774,1.0785,1.0773,1.0774,15752.11175
2026-07-30T02:25:00+00:00,1.0773,1.0777,1.0762,1.0767,44987.610149
2026-07-30T02:30:00+00:00,1.0767,1.0768,1.0752,1.0758,39194.012817
2026-07-30T02:35:00+00:00,1.0756,1.0764,1.0747,1.0763,115672.16056
2026-07-30T02:40:00+00:00,1.0763,1.0772,1.0759,1.0771,42035.031992
2026-07-30T02:45:00+00:00,1.0771,1.0773,1.0758,1.0761,50493.90722
2026-07-30T02:50:00+00:00,1.076,1.0767,1.0754,1.0756,21980.112687
2026-07-30T02:55:00+00:00,1.0755,1.0757,1.0738,1.0741,35328.281618
2026-07-30T03:00:00+00:00,1.0742,1.0753,1.0736,1.0753,27603.422794
2026-07-30T03:05:00+00:00,1.0751,1.0756,1.0735,1.0742,11883.29068
2026-07-30T03:10:00+00:00,1.0742,1.0746,1.073,1.0746,20718.583168
2026-07-30T03:15:00+00:00,1.0744,1.0767,1.0744,1.0751,142891.547783
2026-07-30T03:20:00+00:00,1.0751,1.076,1.0745,1.0758,34476.071324
2026-07-30T03:25:00+00:00,1.0757,1.0765,1.0756,1.0764,41378.586221
2026-07-30T03:30:00+00:00,1.0763,1.0763,1.0744,1.0752,20272.104884
2026-07-30T03:35:00+00:00,1.0749,1.0753,1.0739,1.0743,26160.620156
2026-07-30T03:40:00+00:00,1.074,1.0748,1.074,1.0748,28527.634021
2026-07-30T03:45:00+00:00,1.0746,1.0753,1.0742,1.0743,68850.046579
2026-07-30T03:50:00+00:00,1.0745,1.0753,1.0739,1.0742,40703.417774
2026-07-30T03:55:00+00:00,1.0742,1.0746,1.0732,1.0741,22652.07929
2026-07-30T04:00:00+00:00,1.0741,1.0746,1.0734,1.0737,44699.781405
2026-07-30T04:05:00+00:00,1.0735,1.0739,1.0723,1.0731,28150.308861
2026-07-30T04:10:00+00:00,1.073,1.0731,1.0724,1.0726,106407.954548
2026-07-30T04:15:00+00:00,1.0726,1.073,1.0715,1.0718,23037.693358
2026-07-30T04:20:00+00:00,1.0718,1.0729,1.0716,1.0728,29880.935871
2026-07-30T04:25:00+00:00,1.0726,1.074,1.0726,1.0732,55552.582884
2026-07-30T04:30:00+00:00,1.0732,1.0747,1.0731,1.0745,14476.37807
2026-07-30T04:35:00+00:00,1.0744,1.0747,1.0729,1.0734,35572.883476
2026-07-30T04:40:00+00:00,1.0734,1.0738,1.0726,1.0736,72846.331234
2026-07-30T04:45:00+00:00,1.0736,1.0749,1.0735,1.0741,19699.588409
2026-07-30T04:50:00+00:00,1.0741,1.0748,1.0737,1.0737,17148.475435
2026-07-30T04:55:00+00:00,1.0737,1.0738,1.0719,1.0728,31138.529356
2026-07-30T05:00:00+00:00,1.0726,1.0729,1.0711,1.0723,39549.810672
2026-07-30T05:05:00+00:00,1.0724,1.0729,1.072,1.0722,11208.472727
2026-07-30T05:10:00+00:00,1.0721,1.0724,1.0717,1.072,25699.405926
2026-07-30T05:15:00+00:00,1.072,1.0728,1.0719,1.0728,72107.461318
2026-07-30T05:20:00+00:00,1.0728,1.0731,1.0715,1.0721,17483.11514
2026-07-30T05:25:00+00:00,1.072,1.0733,1.0716,1.073,39727.310918
2026-07-30T05:30:00+00:00,1.0731,1.0757,1.0729,1.0748,67821.633581
2026-07-30T05:35:00+00:00,1.0747,1.0748,1.0737,1.0738,109445.032154
2026-07-30T05:40:00+00:00,1.0739,1.0758,1.0739,1.0755,50742.466778
2026-07-30T05:45:00+00:00,1.0755,1.0768,1.0752,1.0759,88615.275677
2026-07-30T05:50:00+00:00,1.0759,1.076,1.0739,1.074,28465.619377
2026-07-30T05:55:00+00:00,1.0738,1.075,1.0734,1.075,19030.120885
2026-07-30T06:00:00+00:00,1.075,1.0757,1.0746,1.0757,5198.767195
2026-07-30T06:05:00+00:00,1.0757,1.0763,1.0741,1.0741,25693.690494
2026-07-30T06:10:00+00:00,1.074,1.0749,1.0738,1.074,24852.784478
2026-07-30T06:15:00+00:00,1.0739,1.0739,1.0724,1.0729,22607.222204
2026-07-30T06:20:00+00:00,1.0729,1.074,1.0728,1.074,52745.909802
2026-07-30T06:25:00+00:00,1.074,1.0749,1.074,1.0748,46538.217416
2026-07-30T06:30:00+00:00,1.0747,1.0747,1.0734,1.0736,16119.152445
2026-07-30T06:35:00+00:00,1.0736,1.074,1.0734,1.0735,26702.423231
2026-07-30T06:40:00+00:00,1.0735,1.074,1.0731,1.0733,40360.201177
2026-07-30T06:45:00+00:00,1.0733,1.0738,1.0718,1.0724,36059.378669
2026-07-30T06:50:00+00:00,1.0723,1.0723,1.0712,1.072,19180.449717
2026-07-30T06:55:00+00:00,1.0718,1.0723,1.0714,1.0723,24559.673621
2026-07-30T07:00:00+00:00,1.0723,1.0755,1.0721,1.0747,111471.131835
2026-07-30T07:05:00+00:00,1.0748,1.0756,1.0744,1.0751,23201.962987
2026-07-30T07:10:00+00:00,1.0751,1.0757,1.0748,1.0753,47381.794542
2026-07-30T07:15:00+00:00,1.0752,1.0777,1.0752,1.0774,223304.233889
2026-07-30T07:20:00+00:00,1.0775,1.0778,1.0764,1.0772,26980.703269
2026-07-30T07:25:00+00:00,1.0772,1.0776,1.0762,1.0775,77960.772738
2026-07-30T07:30:00+00:00,1.0774,1.0775,1.0761,1.0769,77098.135472
2026-07-30T07:35:00+00:00,1.0768,1.078,1.0763,1.078,95801.31841
2026-07-30T07:40:00+00:00,1.078,1.0785,1.0769,1.0775,48890.146721
2026-07-30T07:45:00+00:00,1.0776,1.0778,1.0766,1.0774,61455.641584
2026-07-30T07:50:00+00:00,1.0775,1.0775,1.0758,1.076,65026.663588
2026-07-30T07:55:00+00:00,1.0759,1.0762,1.0749,1.0754,32336.295854
2026-07-30T08:00:00+00:00,1.0754,1.0758,1.0737,1.0744,57433.946955
2026-07-30T08:05:00+00:00,1.0746,1.0762,1.0741,1.0752,38659.54815
2026-07-30T08:10:00+00:00,1.075,1.0756,1.0746,1.075,55008.770819
2026-07-30T08:15:00+00:00,1.0749,1.0759,1.0744,1.0754,21422.072808
2026-07-30T08:20:00+00:00,1.0754,1.0772,1.0754,1.077,35265.406524
2026-07-30T08:25:00+00:00,1.0769,1.0793,1.0766,1.0773,105027.633985
2026-07-30T08:30:00+00:00,1.0774,1.0782,1.0773,1.0776,131934.283943
2026-07-30T08:35:00+00:00,1.0776,1.0778,1.0763,1.0763,56017.855158
2026-07-30T08:40:00+00:00,1.0762,1.0777,1.0759,1.0776,25928.522154
2026-07-30T08:45:00+00:00,1.0775,1.0779,1.0769,1.0773,11380.992217
2026-07-30T08:50:00+00:00,1.0771,1.0773,1.0764,1.077,13509.742298
2026-07-30T08:55:00+00:00,1.0768,1.0772,1.0765,1.0768,30921.50736
2026-07-30T09:00:00+00:00,1.077,1.08,1.0768,1.0797,39901.494928
2026-07-30T09:05:00+00:00,1.0795,1.0796,1.079,1.0793,27530.951129
2026-07-30T09:10:00+00:00,1.0792,1.0801,1.0787,1.0799,35133.152885
2026-07-30T09:15:00+00:00,1.0797,1.08,1.079,1.0792,27055.342849
2026-07-30T09:20:00+00:00,1.079,1.0801,1.079,1.0798,38804.230905
2026-07-30T09:25:00+00:00,1.0799,1.0802,1.0794,1.08,82015.216937
2026-07-30T09:30:00+00:00,1.0801,1.0814,1.0795,1.0811,90132.679261
2026-07-30T09:35:00+00:00,1.0811,1.0812,1.0802,1.0805,11995.557962
2026-07-30T09:40:00+00:00,1.0805,1.0806,1.0789,1.0793,84408.396094
2026-07-30T09:45:00+00:00,1.0792,1.0802,1.079,1.0799,39558.920159
2026-07-30T09:50:00+00:00,1.0798,1.0799,1.0792,1.0794,7386.022125
2026-07-30T09:55:00+00:00,1.0795,1.0796,1.0787,1.0796,36050.290398
2026-07-30T10:00:00+00:00,1.0795,1.0812,1.0793,1.0804,33493.96028
2026-07-30T10:05:00+00:00,1.0803,1.0813,1.0802,1.0805,31292.026905
2026-07-30T10:10:00+00:00,1.0804,1.0809,1.0794,1.0799,18125.856335
2026-07-30T10:15:00+00:00,1.08,1.0808,1.0797,1.0802,16007.112617
2026-07-30T10:20:00+00:00,1.0801,1.0805,1.0797,1.0799,27371.528212
2026-07-30T10:25:00+00:00,1.0798,1.08,1.0792,1.0793,25443.993329
2026-07-30T10:30:00+00:00,1.0793,1.0795,1.0785,1.0787,32123.778421
2026-07-30T10:35:00+00:00,1.0787,1.079,1.0786,1.079,24910.728478
2026-07-30T10:40:00+00:00,1.079,1.0796,1.0785,1.0787,38052.17924
2026-07-30T10:45:00+00:00,1.0787,1.079,1.0774,1.0776,10133.813039
2026-07-30T10:50:00+00:00,1.0776,1.0779,1.0765,1.0766,13373.874265
2026-07-30T10:55:00+00:00,1.0766,1.0778,1.0766,1.0778,40148.616594
2026-07-30T11:00:00+00:00,1.0779,1.078,1.077,1.0777,32071.846363
2026-07-30T11:05:00+00:00,1.0776,1.0787,1.0772,1.0787,39184.441585
2026-07-30T11:10:00+00:00,1.0784,1.0787,1.0781,1.0786,140921.662016
2026-07-30T11:15:00+00:00,1.0786,1.0801,1.0785,1.0798,25846.779972
2026-07-30T11:20:00+00:00,1.0798,1.0798,1.0791,1.0795,13805.201759
2026-07-30T11:25:00+00:00,1.0796,1.0796,1.0792,1.0795,11927.598882
2026-07-30T11:30:00+00:00,1.0795,1.0795,1.0791,1.0791,25698.554293
2026-07-30T11:35:00+00:00,1.0791,1.0805,1.0789,1.0797,32545.108145
2026-07-30T11:40:00+00:00,1.0797,1.0803,1.0795,1.08,39983.878817
2026-07-30T11:45:00+00:00,1.0801,1.0809,1.08,1.0809,126184.188214
2026-07-30T11:50:00+00:00,1.081,1.0836,1.0809,1.0834,190725.363503
2026-07-30T11:55:00+00:00,1.0835,1.0836,1.0821,1.0825,50722.545932
2026-07-30T12:00:00+00:00,1.0827,1.0845,1.0827,1.083,108322.129232
2026-07-30T12:05:00+00:00,1.083,1.0835,1.0826,1.0833,24643.292332
2026-07-30T12:10:00+00:00,1.0833,1.084,1.0823,1.0837,115254.140094
2026-07-30T12:15:00+00:00,1.0837,1.084,1.082,1.0821,178135.849042
2026-07-30T12:20:00+00:00,1.0821,1.0831,1.0812,1.0825,188942.446372
2026-07-30T12:25:00+00:00,1.0825,1.0836,1.0809,1.0814,200106.0087
2026-07-30T12:30:00+00:00,1.0814,1.0828,1.0804,1.0816,180942.927464
2026-07-30T12:35:00+00:00,1.0815,1.0825,1.0815,1.0824,105977.207721
2026-07-30T12:40:00+00:00,1.0822,1.0822,1.0809,1.0811,85692.483119
2026-07-30T12:45:00+00:00,1.0811,1.0825,1.0811,1.0818,248712.978366
2026-07-30T12:50:00+00:00,1.0818,1.0827,1.0816,1.0825,62699.138044
2026-07-30T12:55:00+00:00,1.0825,1.0827,1.0821,1.0822,30771.643079
2026-07-30T13:00:00+00:00,1.0822,1.0827,1.0808,1.0813,98915.735096
2026-07-30T13:05:00+00:00,1.0813,1.0819,1.081,1.081,87272.551485
2026-07-30T13:10:00+00:00,1.0811,1.0811,1.0801,1.0807,35773.011103
2026-07-30T13:15:00+00:00,1.0807,1.0814,1.0802,1.0808,46802.871099
2026-07-30T13:20:00+00:00,1.0808,1.0809,1.0802,1.0809,53357.838387
2026-07-30T13:25:00+00:00,1.0809,1.0812,1.0794,1.0798,128663.050425
2026-07-30T13:30:00+00:00,1.0796,1.0799,1.0783,1.0786,198083.473767
2026-07-30T13:35:00+00:00,1.0785,1.0802,1.0781,1.0802,57242.997193
2026-07-30T13:40:00+00:00,1.0802,1.082,1.0785,1.0819,265240.02196
2026-07-30T13:45:00+00:00,1.0818,1.0858,1.0818,1.0849,1260628.941777
2026-07-30T13:50:00+00:00,1.0849,1.0879,1.0839,1.0862,807124.189334
2026-07-30T13:55:00+00:00,1.0861,1.0862,1.0841,1.0843,135175.98662
2026-07-30T14:00:00+00:00,1.084,1.085,1.0835,1.0844,485641.542534
2026-07-30T14:05:00+00:00,1.0844,1.0847,1.0819,1.0829,146716.014116
2026-07-30T14:10:00+00:00,1.0829,1.083,1.0816,1.0819,42279.86839
2026-07-30T14:15:00+00:00,1.0819,1.0832,1.0806,1.0812,65264.253348
2026-07-30T14:20:00+00:00,1.081,1.084,1.0804,1.0837,403739.718032
2026-07-30T14:25:00+00:00,1.0837,1.086,1.0837,1.0844,515885.40659
2026-07-30T14:30:00+00:00,1.0844,1.0881,1.0844,1.0871,253049.363421
2026-07-30T14:35:00+00:00,1.0871,1.0896,1.086,1.0878,525149.740472
2026-07-30T14:40:00+00:00,1.0878,1.0888,1.0861,1.0864,291370.421981
2026-07-30T14:45:00+00:00,1.0866,1.0879,1.0858,1.0879,146007.798811
2026-07-30T14:50:00+00:00,1.0878,1.0887,1.0865,1.0867,131868.110446
2026-07-30T14:55:00+00:00,1.0867,1.0867,1.0841,1.0863,343928.487212
2026-07-30T15:00:00+00:00,1.0863,1.0872,1.0845,1.087,112779.465846
2026-07-30T15:05:00+00:00,1.0869,1.0898,1.0864,1.0898,154381.067235
2026-07-30T15:10:00+00:00,1.0896,1.0898,1.087,1.0872,117063.685308
2026-07-30T15:15:00+00:00,1.087,1.0903,1.0865,1.0903,149878.66301
2026-07-30T15:20:00+00:00,1.0904,1.0938,1.0899,1.0915,675371.722037
2026-07-30T15:25:00+00:00,1.0915,1.0922,1.0896,1.091,241705.085725
2026-07-30T15:30:00+00:00,1.0909,1.0921,1.09,1.0913,179761.824519
2026-07-30T15:35:00+00:00,1.0915,1.0933,1.0903,1.0906,151660.470512
2026-07-30T15:40:00+00:00,1.0906,1.0912,1.0894,1.0906,124651.004011
2026-07-30T15:45:00+00:00,1.0908,1.0929,1.0906,1.0929,333462.601247
2026-07-30T15:50:00+00:00,1.0927,1.0929,1.09,1.0924,164441.641823
2026-07-30T15:55:00+00:00,1.0924,1.093,1.0909,1.0912,196685.446557
2026-07-30T16:00:00+00:00,1.0911,1.0925,1.0903,1.0921,266905.442747
2026-07-30T16:05:00+00:00,1.0921,1.0929,1.0904,1.0908,77373.75144
2026-07-30T16:10:00+00:00,1.0907,1.0911,1.0892,1.0901,144590.515732
2026-07-30T16:15:00+00:00,1.0901,1.0904,1.0885,1.0888,148259.981338
2026-07-30T16:20:00+00:00,1.0888,1.0894,1.0873,1.0885,143274.324901
2026-07-30T16:25:00+00:00,1.0885,1.0897,1.0883,1.0887,186819.019578
2026-07-30T16:30:00+00:00,1.0887,1.0897,1.0884,1.0894,167977.953326
2026-07-30T16:35:00+00:00,1.0893,1.0899,1.0885,1.0889,101896.890724
2026-07-30T16:40:00+00:00,1.0886,1.0886,1.0874,1.0874,82736.21025
2026-07-30T16:45:00+00:00,1.0876,1.0891,1.0875,1.0888,96745.052381
2026-07-30T16:50:00+00:00,1.0887,1.0897,1.0882,1.0897,202012.389505
2026-07-30T16:55:00+00:00,1.0897,1.09,1.0888,1.089,32043.786971
2026-07-30T17:00:00+00:00,1.0891,1.0901,1.0885,1.0894,43839.874864
2026-07-30T17:05:00+00:00,1.0892,1.09,1.0887,1.0893,102258.372195
2026-07-30T17:10:00+00:00,1.0893,1.0898,1.0874,1.0886,95971.897411
2026-07-30T17:15:00+00:00,1.0885,1.0895,1.088,1.0893,85377.431077
2026-07-30T17:20:00+00:00,1.0894,1.0901,1.0886,1.0895,288554.743745
2026-07-30T17:25:00+00:00,1.0894,1.0894,1.088,1.0881,167449.777228
2026-07-30T17:30:00+00:00,1.088,1.0883,1.0862,1.0865,64870.881689
2026-07-30T17:35:00+00:00,1.0865,1.0876,1.0862,1.0869,63943.802541
2026-07-30T17:40:00+00:00,1.087,1.0899,1.087,1.0898,54534.652466
2026-07-30T17:45:00+00:00,1.0899,1.0919,1.0897,1.091,59205.221598
2026-07-30T17:50:00+00:00,1.0908,1.0912,1.0894,1.0896,55967.068503
2026-07-30T17:55:00+00:00,1.0895,1.0905,1.0892,1.09,42414.951028
2026-07-30T18:00:00+00:00,1.0901,1.0911,1.09,1.0906,68121.424609
2026-07-30T18:05:00+00:00,1.0906,1.0915,1.0895,1.0904,106892.909241
2026-07-30T18:10:00+00:00,1.0905,1.0905,1.0892,1.0896,37164.936112
2026-07-30T18:15:00+00:00,1.0895,1.0901,1.0889,1.0892,70938.023325
2026-07-30T18:20:00+00:00,1.0889,1.0896,1.0885,1.0893,43840.403931
2026-07-30T18:25:00+00:00,1.0893,1.0902,1.0888,1.0895,39970.047105
2026-07-30T18:30:00+00:00,1.0895,1.0898,1.0881,1.0883,218811.535243
2026-07-30T18:35:00+00:00,1.0881,1.0889,1.0859,1.0866,202303.54652
2026-07-30T18:40:00+00:00,1.0867,1.0872,1.086,1.0863,101644.621204
2026-07-30T18:45:00+00:00,1.0864,1.0865,1.0852,1.0855,92886.604566
2026-07-30T18:50:00+00:00,1.0854,1.0857,1.0837,1.0837,101388.413308
2026-07-30T18:55:00+00:00,1.0838,1.0845,1.0836,1.0843,71708.321241
2026-07-30T19:00:00+00:00,1.0843,1.0846,1.0836,1.0842,78066.620562
2026-07-30T19:05:00+00:00,1.0841,1.0858,1.0838,1.0852,47357.814919
2026-07-30T19:10:00+00:00,1.0853,1.0864,1.0849,1.085,90855.385651
2026-07-30T19:15:00+00:00,1.085,1.0855,1.0843,1.0854,17449.446019
2026-07-30T19:20:00+00:00,1.0854,1.0864,1.0851,1.0863,40591.498825
2026-07-30T19:25:00+00:00,1.0862,1.0872,1.0861,1.0866,80054.17624
2026-07-30T19:30:00+00:00,1.0866,1.0871,1.0858,1.0871,140622.293414
2026-07-30T19:35:00+00:00,1.0871,1.0878,1.0862,1.0878,80454.246356
2026-07-30T19:40:00+00:00,1.0878,1.0881,1.0868,1.088,76031.49488
2026-07-30T19:45:00+00:00,1.088,1.0884,1.087,1.0877,36214.515284
2026-07-30T19:50:00+00:00,1.0875,1.0889,1.0871,1.0888,66472.256629
2026-07-30T19:55:00+00:00,1.0887,1.0899,1.0884,1.0887,344277.207495
2026-07-30T20:00:00+00:00,1.0888,1.0912,1.0882,1.0902,234489.828719
2026-07-30T20:05:00+00:00,1.0901,1.0905,1.0885,1.0886,89489.767354
2026-07-30T20:10:00+00:00,1.0885,1.0885,1.0871,1.0872,109318.204742
2026-07-30T20:15:00+00:00,1.087,1.0874,1.0858,1.0863,94492.021211
2026-07-30T20:20:00+00:00,1.0862,1.087,1.0862,1.0864,52221.876311
2026-07-30T20:25:00+00:00,1.0863,1.0864,1.085,1.0852,30665.923471
2026-07-30T20:30:00+00:00,1.0852,1.0859,1.084,1.0843,187185.302159
2026-07-30T20:35:00+00:00,1.0843,1.0851,1.084,1.085,33763.161629
2026-07-30T20:40:00+00:00,1.0849,1.0864,1.0849,1.0857,72638.231503
2026-07-30T20:45:00+00:00,1.0857,1.0863,1.0851,1.0858,84834.222312
2026-07-30T20:50:00+00:00,1.0858,1.086,1.085,1.0851,44584.947671
2026-07-30T20:55:00+00:00,1.0849,1.0852,1.0842,1.0845,90467.091251
2026-07-30T21:00:00+00:00,1.0844,1.086,1.0841,1.0845,185300.204776
2026-07-30T21:05:00+00:00,1.0843,1.0849,1.0843,1.0848,51539.488542
2026-07-30T21:10:00+00:00,1.0848,1.0854,1.0847,1.085,113922.112107
2026-07-30T21:15:00+00:00,1.085,1.085,1.0844,1.0849,29926.925512
2026-07-30T21:20:00+00:00,1.0849,1.0851,1.0841,1.0843,132416.834504
2026-07-30T21:25:00+00:00,1.0843,1.085,1.0839,1.0845,59123.149231
2026-07-30T21:30:00+00:00,1.0845,1.0847,1.0841,1.0843,54057.955979
2026-07-30T21:35:00+00:00,1.0843,1.0847,1.084,1.0847,49546.04969
2026-07-30T21:40:00+00:00,1.0847,1.085,1.0835,1.0839,59734.899527
2026-07-30T21:45:00+00:00,1.0839,1.0839,1.0828,1.0834,119320.960627
2026-07-30T21:50:00+00:00,1.0834,1.0837,1.083,1.0836,39772.644687
2026-07-30T21:55:00+00:00,1.0836,1.0841,1.0829,1.0835,68535.491633
2026-07-30T22:00:00+00:00,1.0834,1.0856,1.083,1.0855,400673.130412
2026-07-30T22:05:00+00:00,1.0855,1.0871,1.085,1.087,166565.284376
2026-07-30T22:10:00+00:00,1.0869,1.0873,1.0856,1.0862,129889.110715
2026-07-30T22:15:00+00:00,1.0862,1.0865,1.0855,1.0855,39945.101043
2026-07-30T22:20:00+00:00,1.0857,1.0865,1.0855,1.0864,63536.121863
2026-07-30T22:25:00+00:00,1.0865,1.0881,1.0863,1.0875,180572.465959
2026-07-30T22:30:00+00:00,1.0875,1.0875,1.0867,1.0869,231065.755255
2026-07-30T22:35:00+00:00,1.0869,1.0871,1.086,1.086,74325.433267
2026-07-30T22:40:00+00:00,1.0859,1.0863,1.0857,1.0863,42141.230837
2026-07-30T22:45:00+00:00,1.0862,1.0865,1.0853,1.0855,60322.452052
2026-07-30T22:50:00+00:00,1.0856,1.0857,1.0849,1.0852,46301.447575
2026-07-30T22:55:00+00:00,1.0852,1.0852,1.0847,1.085,49141.33867
2026-07-30T23:00:00+00:00,1.085,1.0854,1.0845,1.0853,41281.45242
2026-07-30T23:05:00+00:00,1.0853,1.0869,1.0853,1.0866,42991.91801
2026-07-30T23:10:00+00:00,1.0866,1.0876,1.0861,1.0876,92397.097633
2026-07-30T23:15:00+00:00,1.0876,1.0877,1.0865,1.0865,41018.14141
2026-07-30T23:20:00+00:00,1.0864,1.0864,1.0853,1.0856,38164.973401
2026-07-30T23:25:00+00:00,1.0855,1.086,1.0846,1.0849,46895.43516
2026-07-30T23:30:00+00:00,1.0848,1.0874,1.0847,1.0872,55240.458151
2026-07-30T23:35:00+00:00,1.0872,1.0888,1.0872,1.0886,111237.321526
2026-07-30T23:40:00+00:00,1.0885,1.0885,1.0839,1.084,514157.469143
2026-07-30T23:45:00+00:00,1.0843,1.0852,1.0834,1.0851,65022.734787
2026-07-30T23:45:00+00:00,1.0843,1.0852,1.0834,1.0851,65022.734787
2026-07-30T23:50:00+00:00,1.0851,1.0851,1.083,1.0835,274970.098811
2026-07-30T23:55:00+00:00,1.0835,1.0838,1.0816,1.0821,1110331.247314
2026-07-31T00:00:00+00:00,1.0821,1.0843,1.0819,1.0837,127794.108838
2026-07-31T00:05:00+00:00,1.0837,1.0843,1.082,1.0825,151265.70422
2026-07-31T00:10:00+00:00,1.0825,1.083,1.0821,1.0826,78474.435548
2026-07-31T00:15:00+00:00,1.0825,1.0828,1.0819,1.0822,91243.107976
2026-07-31T00:20:00+00:00,1.0822,1.0832,1.0821,1.0827,169013.679346
2026-07-31T00:25:00+00:00,1.0827,1.0833,1.0826,1.0833,102062.944465
2026-07-31T00:30:00+00:00,1.0833,1.0841,1.0822,1.0829,213628.263118
2026-07-31T00:35:00+00:00,1.0828,1.0829,1.082,1.0821,207099.863659
2026-07-31T00:40:00+00:00,1.0821,1.0824,1.0818,1.0822,69604.71208
2026-07-31T00:45:00+00:00,1.0823,1.0824,1.081,1.0813,107413.901374
2026-07-31T00:50:00+00:00,1.0812,1.0815,1.0802,1.0809,34075.155484
2026-07-31T00:55:00+00:00,1.0809,1.0815,1.0806,1.0813,66419.304928
2026-07-31T01:00:00+00:00,1.0813,1.084,1.0813,1.0838,252247.065342
2026-07-31T01:05:00+00:00,1.0838,1.0883,1.0836,1.088,274919.246581
2026-07-31T01:10:00+00:00,1.0877,1.0889,1.087,1.0875,177279.377272
2026-07-31T01:15:00+00:00,1.0874,1.0875,1.0854,1.0857,49885.095653
2026-07-31T01:20:00+00:00,1.0857,1.0865,1.0846,1.0863,126649.133974
2026-07-31T01:25:00+00:00,1.0864,1.0879,1.0864,1.0876,392823.614833
2026-07-31T01:30:00+00:00,1.0874,1.0875,1.0852,1.0856,90571.377251
2026-07-31T01:35:00+00:00,1.0858,1.0858,1.0835,1.0847,185097.163817
2026-07-31T01:40:00+00:00,1.0847,1.0853,1.0839,1.0842,97208.500498
2026-07-31T01:45:00+00:00,1.0841,1.0848,1.0796,1.0809,193065.865721
2026-07-31T01:50:00+00:00,1.0808,1.0814,1.0786,1.0789,155384.452229
2026-07-31T01:55:00+00:00,1.0789,1.0799,1.0783,1.0799,97390.977429
2026-07-31T02:00:00+00:00,1.0796,1.0802,1.0781,1.0795,89064.405091
2026-07-31T02:05:00+00:00,1.0794,1.0816,1.0794,1.0815,34327.866194
2026-07-31T02:10:00+00:00,1.0814,1.0815,1.0794,1.0794,23366.477844
2026-07-31T02:15:00+00:00,1.0793,1.0793,1.078,1.0785,90261.598455
2026-07-31T02:20:00+00:00,1.0784,1.0794,1.0783,1.079,44613.679681
2026-07-31T02:25:00+00:00,1.0789,1.0798,1.0788,1.079,49937.995966
2026-07-31T02:30:00+00:00,1.0789,1.0798,1.0783,1.0797,65734.75905
2026-07-31T02:35:00+00:00,1.0797,1.0797,1.0783,1.0791,44417.706805
2026-07-31T02:40:00+00:00,1.0789,1.0791,1.078,1.0784,57135.941886
2026-07-31T02:45:00+00:00,1.0784,1.0798,1.0782,1.079,41635.394164
2026-07-31T02:50:00+00:00,1.0789,1.0801,1.0786,1.0797,62394.482665
2026-07-31T02:55:00+00:00,1.0797,1.0799,1.0785,1.0798,43645.537596
2026-07-31T03:00:00+00:00,1.0798,1.0802,1.0788,1.0801,78748.757369
2026-07-31T03:05:00+00:00,1.0801,1.0801,1.0782,1.0785,72137.572409
2026-07-31T03:10:00+00:00,1.0784,1.0793,1.0774,1.0793,155185.591193
2026-07-31T03:15:00+00:00,1.0793,1.0808,1.0788,1.0808,308301.497217
2026-07-31T03:20:00+00:00,1.0808,1.0814,1.0803,1.0811,252753.309464
2026-07-31T03:25:00+00:00,1.0812,1.0819,1.0802,1.0803,115763.223645
2026-07-31T03:30:00+00:00,1.0804,1.0808,1.0795,1.0797,95381.919863
2026-07-31T03:35:00+00:00,1.0797,1.0808,1.0797,1.0799,43112.211251
2026-07-31T03:40:00+00:00,1.0799,1.0813,1.0799,1.0811,70928.788019
2026-07-31T03:45:00+00:00,1.0811,1.0816,1.0805,1.0806,35095.773353
2026-07-31T03:50:00+00:00,1.0806,1.0816,1.0801,1.0814,66713.747393
2026-07-31T03:55:00+00:00,1.0814,1.0814,1.0806,1.0806,47879.003682
2026-07-31T04:00:00+00:00,1.0805,1.0813,1.0799,1.0811,104885.042171
2026-07-31T04:05:00+00:00,1.0811,1.0812,1.0798,1.0811,42571.122626
2026-07-31T04:10:00+00:00,1.0811,1.0813,1.0808,1.0811,25142.869141
2026-07-31T04:15:00+00:00,1.0811,1.0816,1.0801,1.0808,54601.806611
2026-07-31T04:20:00+00:00,1.0808,1.0808,1.0799,1.08,55402.096512
2026-07-31T04:25:00+00:00,1.08,1.0813,1.0799,1.0812,64861.063264
2026-07-31T04:30:00+00:00,1.0811,1.0817,1.081,1.0812,113598.611175
2026-07-31T04:35:00+00:00,1.0812,1.0815,1.08,1.081,58021.289143
2026-07-31T04:40:00+00:00,1.081,1.0814,1.0807,1.0814,84640.288292
2026-07-31T04:45:00+00:00,1.0814,1.0818,1.0805,1.0807,133660.719556
2026-07-31T04:50:00+00:00,1.0805,1.081,1.0805,1.0809,14809.184379
2026-07-31T04:55:00+00:00,1.0809,1.0811,1.0806,1.0808,27357.943106
2026-07-31T05:00:00+00:00,1.0808,1.082,1.0808,1.0818,42566.2335
2026-07-31T05:05:00+00:00,1.0817,1.0821,1.081,1.0811,60051.968609
2026-07-31T05:10:00+00:00,1.081,1.0812,1.0802,1.0809,59079.635073
2026-07-31T05:15:00+00:00,1.0809,1.0813,1.08,1.0803,79350.107968
2026-07-31T05:20:00+00:00,1.0802,1.081,1.08,1.0801,24122.516437
2026-07-31T05:25:00+00:00,1.0801,1.0802,1.0785,1.0787,75574.510658
2026-07-31T05:30:00+00:00,1.0787,1.0794,1.0787,1.0788,86663.487652
2026-07-31T05:35:00+00:00,1.0787,1.0792,1.0782,1.0788,30132.10056
2026-07-31T05:40:00+00:00,1.0787,1.0791,1.0785,1.0787,16197.265497
2026-07-31T05:45:00+00:00,1.0788,1.0792,1.0785,1.0789,19468.464743
2026-07-31T05:50:00+00:00,1.0788,1.0798,1.0787,1.0795,37719.931979
2026-07-31T05:55:00+00:00,1.0795,1.0797,1.0792,1.0794,23368.29608
2026-07-31T06:00:00+00:00,1.0793,1.0794,1.0787,1.0793,16947.203494
2026-07-31T06:05:00+00:00,1.0793,1.0804,1.0793,1.0799,189961.113178
2026-07-31T06:10:00+00:00,1.0798,1.0804,1.0798,1.0802,80801.24929
2026-07-31T06:15:00+00:00,1.0801,1.0808,1.08,1.0807,115485.527388
2026-07-31T06:20:00+00:00,1.0807,1.0812,1.0805,1.0811,66525.610627
2026-07-31T06:25:00+00:00,1.0812,1.083,1.0812,1.0828,121709.388801
2026-07-31T06:30:00+00:00,1.0828,1.0832,1.0817,1.0824,207106.919194
2026-07-31T06:35:00+00:00,1.0823,1.0824,1.0812,1.0817,87535.023551
2026-07-31T06:40:00+00:00,1.0816,1.0817,1.08,1.0801,38747.59169
2026-07-31T06:45:00+00:00,1.0799,1.08,1.0783,1.0797,100164.51557
2026-07-31T06:50:00+00:00,1.0795,1.08,1.0791,1.0796,33932.878561
2026-07-31T06:55:00+00:00,1.0796,1.0801,1.0793,1.0794,83549.367483
2026-07-31T07:00:00+00:00,1.0792,1.0792,1.0755,1.0761,113185.874607
2026-07-31T07:05:00+00:00,1.0758,1.076,1.0735,1.0754,141319.139207
2026-07-31T07:10:00+00:00,1.0753,1.0755,1.0741,1.0744,45237.132243
2026-07-31T07:15:00+00:00,1.0743,1.0748,1.0731,1.0747,57502.159887
2026-07-31T07:20:00+00:00,1.0747,1.0748,1.073,1.0732,80073.338155
2026-07-31T07:25:00+00:00,1.0731,1.0745,1.0731,1.0735,38338.571021
2026-07-31T07:30:00+00:00,1.0734,1.0752,1.0732,1.0741,107210.857846
2026-07-31T07:35:00+00:00,1.0742,1.0749,1.0736,1.0748,183286.577171
2026-07-31T07:40:00+00:00,1.0748,1.0751,1.0744,1.075,80045.40803
2026-07-31T07:45:00+00:00,1.075,1.0769,1.075,1.0769,79760.074486
2026-07-31T07:50:00+00:00,1.0768,1.0786,1.0768,1.0781,118395.877605
2026-07-31T07:55:00+00:00,1.0781,1.0787,1.0777,1.078,206283.953641
2026-07-31T08:00:00+00:00,1.0778,1.0791,1.0777,1.0791,38460.493785
2026-07-31T08:05:00+00:00,1.079,1.0794,1.0774,1.0781,54450.852141
2026-07-31T08:10:00+00:00,1.078,1.079,1.0778,1.0782,21766.538379
2026-07-31T08:15:00+00:00,1.0782,1.0789,1.0765,1.077,45986.960844
2026-07-31T08:20:00+00:00,1.0769,1.077,1.0757,1.0761,33912.103351
2026-07-31T08:25:00+00:00,1.076,1.0777,1.0759,1.0771,41914.290843
2026-07-31T08:30:00+00:00,1.077,1.0773,1.0765,1.0767,36631.346429
2026-07-31T08:35:00+00:00,1.0766,1.0766,1.0747,1.075,29294.399403
2026-07-31T08:40:00+00:00,1.0748,1.0754,1.0747,1.0754,26016.703817
2026-07-31T08:45:00+00:00,1.0754,1.0766,1.0752,1.0765,17408.891309
2026-07-31T08:50:00+00:00,1.0765,1.077,1.0753,1.0753,50359.60834
2026-07-31T08:55:00+00:00,1.0753,1.0764,1.0752,1.0763,64616.120894
2026-07-31T09:00:00+00:00,1.0763,1.0766,1.0762,1.0762,11185.648202
2026-07-31T09:05:00+00:00,1.0762,1.0765,1.0756,1.0759,75740.692124
2026-07-31T09:10:00+00:00,1.076,1.0762,1.0751,1.0752,25691.942051
2026-07-31T09:15:00+00:00,1.075,1.0756,1.0738,1.0739,24016.464019
2026-07-31T09:20:00+00:00,1.0739,1.0745,1.0725,1.0734,333993.754304
2026-07-31T09:25:00+00:00,1.0733,1.0738,1.0732,1.0733,10071.548803
2026-07-31T09:30:00+00:00,1.0731,1.0739,1.0724,1.0729,54680.088584
2026-07-31T09:35:00+00:00,1.0729,1.0733,1.0718,1.0727,140246.400349
2026-07-31T09:40:00+00:00,1.0727,1.0729,1.0713,1.0717,49728.678192
2026-07-31T09:45:00+00:00,1.0717,1.0718,1.0705,1.0716,104822.737021
2026-07-31T09:50:00+00:00,1.0715,1.0722,1.0715,1.0716,63119.832316
2026-07-31T09:55:00+00:00,1.0715,1.0717,1.0703,1.071,85015.298321
2026-07-31T10:00:00+00:00,1.0707,1.0714,1.0701,1.0712,120317.967485
2026-07-31T10:05:00+00:00,1.0711,1.072,1.07,1.072,174441.668954
2026-07-31T10:10:00+00:00,1.072,1.072,1.0714,1.0714,37849.284908
2026-07-31T10:15:00+00:00,1.0713,1.0715,1.0706,1.0712,23727.948276
2026-07-31T10:20:00+00:00,1.0713,1.0719,1.071,1.0714,19957.336439
2026-07-31T10:25:00+00:00,1.0714,1.0718,1.0709,1.0712,30989.39416
2026-07-31T10:30:00+00:00,1.0711,1.0716,1.0706,1.0714,82925.831247
2026-07-31T10:35:00+00:00,1.0715,1.0721,1.0712,1.072,54032.313052
2026-07-31T10:40:00+00:00,1.0719,1.0729,1.0719,1.0727,28654.183753
2026-07-31T10:45:00+00:00,1.0727,1.0728,1.0721,1.0725,45903.642133
2026-07-31T10:50:00+00:00,1.0725,1.0744,1.0724,1.0738,345738.395966
2026-07-31T10:55:00+00:00,1.0739,1.0739,1.0725,1.0726,47108.7319
2026-07-31T11:00:00+00:00,1.0726,1.0747,1.0726,1.0747,70503.583027
2026-07-31T11:05:00+00:00,1.0747,1.0749,1.0735,1.074,53189.449114
2026-07-31T11:10:00+00:00,1.0739,1.074,1.0726,1.0727,32873.957373
2026-07-31T11:15:00+00:00,1.0726,1.0727,1.0713,1.0725,106928.819119
2026-07-31T11:20:00+00:00,1.0725,1.0731,1.0722,1.0731,47010.88855
2026-07-31T11:25:00+00:00,1.073,1.0733,1.0718,1.0719,42403.199251
2026-07-31T11:30:00+00:00,1.0718,1.0719,1.0706,1.0707,60929.393421
2026-07-31T11:35:00+00:00,1.0706,1.0711,1.0705,1.071,43213.502718
2026-07-31T11:40:00+00:00,1.0709,1.0714,1.0707,1.0708,148231.079593
2026-07-31T11:45:00+00:00,1.0708,1.0711,1.0703,1.0704,87584.672478
2026-07-31T11:50:00+00:00,1.0703,1.071,1.0701,1.071,52578.610248
2026-07-31T11:55:00+00:00,1.0708,1.0716,1.0707,1.0716,58046.654938
2026-07-31T12:00:00+00:00,1.0715,1.0716,1.07,1.0701,92446.211943
2026-07-31T12:05:00+00:00,1.07,1.0706,1.07,1.0705,62802.893039
2026-07-31T12:10:00+00:00,1.0705,1.071,1.0696,1.0702,254540.601697
2026-07-31T12:15:00+00:00,1.0701,1.071,1.07,1.0704,187250.666927
2026-07-31T12:20:00+00:00,1.0705,1.0714,1.0699,1.0703,165237.529656
2026-07-31T12:25:00+00:00,1.0703,1.0711,1.0703,1.0706,110473.955127
2026-07-31T12:30:00+00:00,1.0705,1.0705,1.0691,1.0695,111016.893943
2026-07-31T12:35:00+00:00,1.0696,1.0702,1.069,1.0696,157386.70057
2026-07-31T12:40:00+00:00,1.0696,1.0703,1.0693,1.07,82821.507674
2026-07-31T12:45:00+00:00,1.07,1.071,1.0696,1.0707,82240.842901
2026-07-31T12:50:00+00:00,1.0707,1.0714,1.0705,1.0711,60237.980494
2026-07-31T12:55:00+00:00,1.0712,1.0717,1.0706,1.0713,57556.462867
2026-07-31T13:00:00+00:00,1.0711,1.0723,1.0709,1.072,67196.45544
2026-07-31T13:05:00+00:00,1.0718,1.0726,1.0716,1.0717,66766.420527
2026-07-31T13:10:00+00:00,1.0718,1.0719,1.0713,1.0715,71267.745448
2026-07-31T13:15:00+00:00,1.0715,1.0729,1.0715,1.0723,95767.343382
2026-07-31T13:20:00+00:00,1.0724,1.073,1.0717,1.0727,115074.151489
2026-07-31T13:25:00+00:00,1.0727,1.073,1.0718,1.0724,263436.638438
2026-07-31T13:30:00+00:00,1.0724,1.0724,1.0688,1.0711,309149.772365
2026-07-31T13:35:00+00:00,1.0711,1.0716,1.069,1.0694,101345.461006
2026-07-31T13:40:00+00:00,1.0693,1.0696,1.0676,1.068,206306.153424
2026-07-31T13:45:00+00:00,1.068,1.0688,1.0658,1.0677,249613.214795
2026-07-31T13:50:00+00:00,1.0676,1.0676,1.0646,1.0654,180048.65127
2026-07-31T13:55:00+00:00,1.0653,1.0658,1.0645,1.0651,240438.001227
2026-07-31T14:00:00+00:00,1.0651,1.0661,1.0637,1.0643,2335251.052342
2026-07-31T14:05:00+00:00,1.0642,1.0645,1.0573,1.0597,3777921.559497
2026-07-31T14:10:00+00:00,1.0596,1.0651,1.0561,1.065,3430241.774791
2026-07-31T14:15:00+00:00,1.0649,1.0668,1.0637,1.0651,2996658.104958
2026-07-31T14:20:00+00:00,1.065,1.0657,1.0626,1.0632,1655673.291103
2026-07-31T14:25:00+00:00,1.0631,1.0642,1.06,1.0611,1990542.253909
2026-07-31T14:30:00+00:00,1.061,1.0641,1.061,1.0629,2024465.280236
2026-07-31T14:35:00+00:00,1.0628,1.064,1.0597,1.0601,1783844.449535
2026-07-31T14:40:00+00:00,1.0601,1.0616,1.0588,1.0599,2306108.564162
2026-07-31T14:45:00+00:00,1.0599,1.0649,1.0596,1.0645,4046743.561618
2026-07-31T14:50:00+00:00,1.0645,1.0657,1.0608,1.0609,2971096.962341
2026-07-31T14:55:00+00:00,1.0608,1.0624,1.0596,1.0624,1210245.727172
2026-07-31T15:00:00+00:00,1.0623,1.0643,1.061,1.0641,401647.237914
2026-07-31T15:05:00+00:00,1.0641,1.0642,1.062,1.0622,221617.961668
2026-07-31T15:10:00+00:00,1.0621,1.0623,1.0603,1.0617,426287.357869
2026-07-31T15:15:00+00:00,1.0618,1.0634,1.0597,1.0611,404163.441388
2026-07-31T15:20:00+00:00,1.061,1.0616,1.0601,1.0603,145115.888692
2026-07-31T15:25:00+00:00,1.0603,1.0609,1.0591,1.06,161816.872399
2026-07-31T15:30:00+00:00,1.0601,1.0604,1.0589,1.0593,216425.514741
2026-07-31T15:35:00+00:00,1.0593,1.0625,1.0593,1.0617,483155.942737
2026-07-31T15:40:00+00:00,1.0616,1.062,1.0588,1.0601,345231.53724
2026-07-31T15:45:00+00:00,1.0601,1.0602,1.0571,1.0587,309403.225381
2026-07-31T15:50:00+00:00,1.0587,1.0597,1.0582,1.0594,132408.030192
2026-07-31T15:55:00+00:00,1.0594,1.0602,1.0588,1.0593,153966.768793
2026-07-31T16:00:00+00:00,1.0593,1.0601,1.059,1.0596,140259.416032
2026-07-31T16:05:00+00:00,1.0596,1.0609,1.0591,1.0602,179005.029756
2026-07-31T16:10:00+00:00,1.0602,1.0612,1.06,1.0605,188770.730789
2026-07-31T16:15:00+00:00,1.0605,1.0611,1.059,1.0609,230143.325129
2026-07-31T16:20:00+00:00,1.0609,1.0614,1.0604,1.061,86143.336631
2026-07-31T16:25:00+00:00,1.0609,1.0613,1.0595,1.0612,244774.996886
2026-07-31T16:30:00+00:00,1.0612,1.0613,1.0602,1.0611,122028.183266
2026-07-31T16:35:00+00:00,1.061,1.0611,1.0595,1.0602,79198.949422
2026-07-31T16:40:00+00:00,1.0602,1.0611,1.0597,1.0607,45984.199749
2026-07-31T16:45:00+00:00,1.0607,1.0609,1.0594,1.0601,112852.351094
2026-07-31T16:50:00+00:00,1.0601,1.0623,1.0601,1.062,159356.47597
2026-07-31T16:55:00+00:00,1.062,1.0628,1.0618,1.0625,60930.944092
2026-07-31T17:00:00+00:00,1.0624,1.0647,1.0622,1.0639,119411.105554
2026-07-31T17:05:00+00:00,1.0639,1.0642,1.0628,1.0641,187261.563232
2026-07-31T17:10:00+00:00,1.0641,1.0656,1.0641,1.0655,107444.216927
2026-07-31T17:15:00+00:00,1.0654,1.0661,1.0649,1.0654,162079.750791
2026-07-31T17:20:00+00:00,1.0654,1.067,1.0647,1.0667,163767.798033
2026-07-31T17:25:00+00:00,1.0667,1.0679,1.0662,1.0679,197935.500582
2026-07-31T17:30:00+00:00,1.0678,1.0692,1.0673,1.0692,80464.095373
2026-07-31T17:35:00+00:00,1.0692,1.07,1.068,1.0681,145489.936922
2026-07-31T17:40:00+00:00,1.0681,1.0684,1.0675,1.0677,51412.667125
2026-07-31T17:45:00+00:00,1.0677,1.069,1.0676,1.0686,66803.372333
2026-07-31T17:50:00+00:00,1.0685,1.0695,1.0685,1.0694,128885.89039
2026-07-31T17:55:00+00:00,1.0694,1.07,1.0684,1.0686,50378.109536
2026-07-31T18:00:00+00:00,1.0686,1.0695,1.0679,1.0686,158511.238354
2026-07-31T18:05:00+00:00,1.0685,1.0685,1.0671,1.0676,131813.457791
2026-07-31T18:10:00+00:00,1.0675,1.0676,1.0662,1.0663,54370.49723
2026-07-31T18:15:00+00:00,1.0663,1.0667,1.0658,1.0664,58417.149688
2026-07-31T18:20:00+00:00,1.0664,1.0672,1.0662,1.0665,61179.586831
2026-07-31T18:25:00+00:00,1.0665,1.0665,1.0647,1.0648,55207.092067
2026-07-31T18:30:00+00:00,1.0649,1.0657,1.0647,1.0649,133567.761659
2026-07-31T18:35:00+00:00,1.0649,1.065,1.0627,1.0627,199568.26146
2026-07-31T18:40:00+00:00,1.0627,1.0634,1.0621,1.0633,244739.140367
2026-07-31T18:45:00+00:00,1.0632,1.0644,1.0632,1.0641,127963.54852
2026-07-31T18:50:00+00:00,1.064,1.0658,1.0639,1.0654,122920.162485
2026-07-31T18:55:00+00:00,1.0654,1.0656,1.0641,1.0642,125619.172495
2026-07-31T19:00:00+00:00,1.0641,1.0653,1.0621,1.0622,786030.617575
2026-07-31T19:05:00+00:00,1.0622,1.0626,1.0617,1.0618,179976.045759
2026-07-31T19:10:00+00:00,1.0618,1.062,1.0608,1.0619,199675.98518
2026-07-31T19:15:00+00:00,1.0619,1.0622,1.0613,1.0617,187995.424938
2026-07-31T19:20:00+00:00,1.0616,1.062,1.0608,1.0613,251510.53948
2026-07-31T19:25:00+00:00,1.0612,1.0616,1.0607,1.0615,67289.697645
2026-07-31T19:30:00+00:00,1.0616,1.0617,1.06,1.0607,149057.287269
2026-07-31T19:35:00+00:00,1.0606,1.0618,1.0606,1.0615,113670.036967
2026-07-31T19:40:00+00:00,1.0615,1.0627,1.0609,1.0626,115335.968558
2026-07-31T19:45:00+00:00,1.0626,1.0637,1.0624,1.0637,76323.206277
2026-07-31T19:50:00+00:00,1.0636,1.0638,1.0627,1.0634,81542.965788
2026-07-31T19:55:00+00:00,1.0632,1.0641,1.0605,1.0606,484798.340593
2026-07-31T20:00:00+00:00,1.0606,1.0622,1.0606,1.0618,203234.174013
2026-07-31T20:05:00+00:00,1.0616,1.0621,1.0609,1.0618,176367.825246
2026-07-31T20:10:00+00:00,1.0619,1.0628,1.0617,1.0627,78544.454418
2026-07-31T20:15:00+00:00,1.0627,1.0636,1.0624,1.0635,84724.613574
2026-07-31T20:20:00+00:00,1.0635,1.064,1.0632,1.0633,92817.249882
2026-07-31T20:25:00+00:00,1.0633,1.0635,1.0626,1.0633,70838.982341
2026-07-31T20:30:00+00:00,1.0633,1.0635,1.0621,1.0625,142479.189008
2026-07-31T20:35:00+00:00,1.0624,1.0629,1.0616,1.0622,129196.318742
2026-07-31T20:40:00+00:00,1.0621,1.0629,1.062,1.0623,99950.355771
2026-07-31T20:45:00+00:00,1.0623,1.0627,1.0619,1.0621,61662.575945
2026-07-31T20:50:00+00:00,1.062,1.0626,1.0605,1.0614,390044.962136
2026-07-31T20:55:00+00:00,1.0612,1.0614,1.0604,1.0609,127179.668969
2026-07-31T21:00:00+00:00,1.0609,1.0609,1.0591,1.0608,150349.958124
2026-07-31T21:05:00+00:00,1.0608,1.0621,1.0606,1.0621,131038.150195
2026-07-31T21:10:00+00:00,1.0619,1.0623,1.0614,1.0622,82641.44117
2026-07-31T21:15:00+00:00,1.0622,1.0631,1.0619,1.0628,116101.251159
2026-07-31T21:20:00+00:00,1.0627,1.0643,1.0627,1.0637,88855.769523
2026-07-31T21:25:00+00:00,1.0635,1.0635,1.0622,1.0629,52654.382866
2026-07-31T21:30:00+00:00,1.0629,1.0632,1.0625,1.0632,49595.551303
2026-07-31T21:35:00+00:00,1.0632,1.0636,1.0627,1.0636,50358.852227
2026-07-31T21:40:00+00:00,1.0636,1.0636,1.0629,1.0633,67601.112741
2026-07-31T21:45:00+00:00,1.0632,1.0643,1.0632,1.0638,118223.070187
2026-07-31T21:50:00+00:00,1.0638,1.0639,1.0582,1.0598,154932.979625
2026-07-31T21:55:00+00:00,1.0598,1.0599,1.0579,1.0598,266523.844176
2026-07-31T22:00:00+00:00,1.0597,1.0605,1.0586,1.0603,166684.282003
2026-07-31T22:05:00+00:00,1.0605,1.062,1.0604,1.0617,396126.883983
2026-07-31T22:10:00+00:00,1.0616,1.0618,1.0609,1.0618,55975.694316
2026-07-31T22:15:00+00:00,1.0618,1.062,1.0614,1.062,39604.498066
2026-07-31T22:20:00+00:00,1.0619,1.0624,1.0617,1.0623,50889.331586
2026-07-31T22:25:00+00:00,1.0622,1.0628,1.0618,1.0624,31859.781343
2026-07-31T22:30:00+00:00,1.0624,1.0636,1.0621,1.0628,54664.260775
2026-07-31T22:35:00+00:00,1.0629,1.0629,1.0621,1.0627,66298.382344
2026-07-31T22:40:00+00:00,1.0627,1.063,1.0618,1.0618,39993.825386
2026-07-31T22:45:00+00:00,1.062,1.0621,1.0615,1.0616,28512.124948
2026-07-31T22:50:00+00:00,1.0615,1.0616,1.0605,1.0608,40298.184071
2026-07-31T22:55:00+00:00,1.0608,1.0616,1.0606,1.0611,198513.265642
2026-07-31T23:00:00+00:00,1.0612,1.0617,1.0611,1.0617,39363.101416
2026-07-31T23:05:00+00:00,1.0616,1.0621,1.0615,1.0619,118600.921937
2026-07-31T23:10:00+00:00,1.0619,1.0624,1.0616,1.0617,64248.260661
2026-07-31T23:15:00+00:00,1.0617,1.0623,1.0613,1.0623,56250.045705
2026-07-31T23:20:00+00:00,1.0623,1.0625,1.062,1.0623,16791.99167
2026-07-31T23:25:00+00:00,1.0621,1.0624,1.0617,1.0618,54377.805897
2026-07-31T23:30:00+00:00,1.0618,1.062,1.0611,1.0619,65184.858146
2026-07-31T23:35:00+00:00,1.0619,1.0626,1.0616,1.0624,37938.035324
2026-07-31T23:40:00+00:00,1.0622,1.0625,1.0617,1.0621,39568.632617
2026-07-31T23:45:00+00:00,1.0621,1.0621,1.0605,1.0607,30110.214435
2026-07-31T23:45:00+00:00,1.0621,1.0621,1.0605,1.0607,30110.214435
2026-07-31T23:50:00+00:00,1.0607,1.0613,1.0598,1.0605,49234.649807
2026-07-31T23:55:00+00:00,1.0605,1.0609,1.0603,1.0609,29636.484565
2026-08-01T00:00:00+00:00,1.061,1.0628,1.0609,1.0623,40469.426744
2026-08-01T00:05:00+00:00,1.0623,1.0625,1.0616,1.0621,56094.393348
2026-08-01T00:10:00+00:00,1.0621,1.0624,1.0618,1.062,23371.0925
2026-08-01T00:15:00+00:00,1.0619,1.0624,1.0615,1.0623,37535.336336
2026-08-01T00:20:00+00:00,1.0623,1.0624,1.0615,1.0617,35377.214299
2026-08-01T00:25:00+00:00,1.0617,1.0628,1.0614,1.0622,127364.377764
2026-08-01T00:30:00+00:00,1.0621,1.0627,1.0614,1.0627,48630.086363
2026-08-01T00:35:00+00:00,1.0627,1.0628,1.0619,1.0625,18657.348157
2026-08-01T00:40:00+00:00,1.0625,1.0628,1.0622,1.0625,20498.120595
2026-08-01T00:45:00+00:00,1.0625,1.0628,1.0621,1.0628,112771.337144
2026-08-01T00:50:00+00:00,1.0628,1.063,1.0621,1.0624,30220.146848
2026-08-01T00:55:00+00:00,1.0624,1.0624,1.061,1.0622,39789.30706
2026-08-01T01:00:00+00:00,1.0621,1.0634,1.0621,1.0632,66361.766397
2026-08-01T01:05:00+00:00,1.0632,1.0636,1.0626,1.0633,81806.243281
2026-08-01T01:10:00+00:00,1.0633,1.0638,1.0628,1.0635,38759.139177
2026-08-01T01:15:00+00:00,1.0635,1.0641,1.0629,1.0631,212126.930303
2026-08-01T01:20:00+00:00,1.0631,1.0636,1.063,1.0631,94096.023525
2026-08-01T01:25:00+00:00,1.063,1.0638,1.0629,1.0637,44188.637703
2026-08-01T01:30:00+00:00,1.0636,1.0642,1.0634,1.0639,109958.100337
2026-08-01T01:35:00+00:00,1.0639,1.0643,1.0637,1.0642,38994.676532
2026-08-01T01:40:00+00:00,1.064,1.0644,1.0637,1.0639,24263.217819
2026-08-01T01:45:00+00:00,1.0638,1.0643,1.0637,1.0639,83346.534797
2026-08-01T01:50:00+00:00,1.0637,1.0644,1.0632,1.064,20284.193419
2026-08-01T01:55:00+00:00,1.064,1.0641,1.0636,1.064,30360.296556
2026-08-01T02:00:00+00:00,1.064,1.0647,1.0639,1.0647,78725.121519
2026-08-01T02:05:00+00:00,1.0647,1.0648,1.0643,1.0647,28482.537961
2026-08-01T02:10:00+00:00,1.0646,1.0653,1.0643,1.0651,20136.037466
2026-08-01T02:15:00+00:00,1.065,1.0651,1.0645,1.0651,19598.971224
2026-08-01T02:20:00+00:00,1.0652,1.0658,1.065,1.0651,12619.507203
2026-08-01T02:25:00+00:00,1.065,1.0654,1.0648,1.0653,36384.60615
2026-08-01T02:30:00+00:00,1.0653,1.0654,1.065,1.0652,25132.599217
2026-08-01T02:35:00+00:00,1.0651,1.0652,1.0644,1.0645,15988.737298
2026-08-01T02:40:00+00:00,1.0644,1.0645,1.0642,1.0643,22881.191821
2026-08-01T02:45:00+00:00,1.0643,1.0652,1.0642,1.0648,68526.937747
2026-08-01T02:50:00+00:00,1.0648,1.0649,1.0644,1.0647,27102.924455
2026-08-01T02:55:00+00:00,1.0647,1.0649,1.0644,1.0648,23049.153473
2026-08-01T03:00:00+00:00,1.0649,1.0651,1.0647,1.0649,25644.691097
2026-08-01T03:05:00+00:00,1.0649,1.0657,1.0648,1.0655,15885.110321
2026-08-01T03:10:00+00:00,1.0655,1.0655,1.064,1.0644,70378.852161
2026-08-01T03:15:00+00:00,1.0644,1.0644,1.0639,1.0642,84442.668234
2026-08-01T03:20:00+00:00,1.0642,1.0647,1.0639,1.0646,79943.717267
2026-08-01T03:25:00+00:00,1.0646,1.0647,1.0638,1.064,49262.770655
2026-08-01T03:30:00+00:00,1.064,1.0646,1.0635,1.0636,40726.67492
2026-08-01T03:35:00+00:00,1.0636,1.0644,1.0634,1.064,48743.177282
2026-08-01T03:40:00+00:00,1.0641,1.0642,1.0636,1.064,27641.848642
2026-08-01T03:45:00+00:00,1.064,1.0647,1.0638,1.0642,35845.224095
2026-08-01T03:50:00+00:00,1.0642,1.065,1.064,1.0648,22759.377854
2026-08-01T03:55:00+00:00,1.0647,1.0652,1.0646,1.0651,16272.678584
2026-08-01T04:00:00+00:00,1.0651,1.0655,1.0649,1.0652,14908.448673
2026-08-01T04:05:00+00:00,1.0651,1.0652,1.0642,1.0647,38809.675219
2026-08-01T04:10:00+00:00,1.0647,1.0653,1.0646,1.0649,19650.116966
2026-08-01T04:15:00+00:00,1.065,1.0651,1.0645,1.0649,12857.255094
2026-08-01T04:20:00+00:00,1.0648,1.0653,1.0647,1.0652,14708.785502
2026-08-01T04:25:00+00:00,1.065,1.0653,1.0649,1.065,3655.788841
2026-08-01T04:30:00+00:00,1.0649,1.0651,1.0644,1.0648,56241.086059
2026-08-01T04:35:00+00:00,1.0648,1.0648,1.0645,1.0648,4509.986777
2026-08-01T04:40:00+00:00,1.0647,1.0653,1.0645,1.0652,23088.320447
2026-08-01T04:45:00+00:00,1.0653,1.0657,1.0651,1.0655,37061.357469
2026-08-01T04:50:00+00:00,1.0655,1.0662,1.0654,1.066,49167.136595
2026-08-01T04:55:00+00:00,1.0659,1.0662,1.0656,1.0659,5182.432233
2026-08-01T05:00:00+00:00,1.0659,1.066,1.0649,1.0658,194994.066862
2026-08-01T05:05:00+00:00,1.0659,1.0659,1.0654,1.0657,78341.534997
2026-08-01T05:10:00+00:00,1.0657,1.0659,1.0654,1.0655,41210.367185
2026-08-01T05:15:00+00:00,1.0654,1.0654,1.0642,1.0643,38407.479752
2026-08-01T05:20:00+00:00,1.0643,1.0644,1.064,1.0643,27481.313612
2026-08-01T05:25:00+00:00,1.0643,1.0644,1.0633,1.0637,30490.887636
2026-08-01T05:30:00+00:00,1.0637,1.0644,1.0635,1.0639,10841.369066
2026-08-01T05:35:00+00:00,1.0638,1.064,1.0628,1.0629,47113.283192
2026-08-01T05:40:00+00:00,1.0627,1.0629,1.0621,1.0623,51119.735817
2026-08-01T05:45:00+00:00,1.0622,1.0624,1.0616,1.0618,43230.683124
2026-08-01T05:50:00+00:00,1.0618,1.0628,1.0617,1.0628,19353.201296
2026-08-01T05:55:00+00:00,1.0628,1.0632,1.0625,1.0632,24789.698336
2026-08-01T06:00:00+00:00,1.0632,1.0634,1.0625,1.0625,24227.195375
2026-08-01T06:05:00+00:00,1.0624,1.0628,1.0623,1.0624,16660.977139
2026-08-01T06:10:00+00:00,1.0623,1.063,1.0623,1.0629,21585.945687
2026-08-01T06:15:00+00:00,1.0629,1.0631,1.0625,1.0631,15913.936068
2026-08-01T06:20:00+00:00,1.0631,1.0639,1.0631,1.0636,6845.261638
2026-08-01T06:25:00+00:00,1.0635,1.0644,1.0635,1.0638,27005.847149
2026-08-01T06:30:00+00:00,1.0638,1.0642,1.0635,1.0637,25320.401083
2026-08-01T06:35:00+00:00,1.0635,1.0638,1.0635,1.0636,17656.735924
2026-08-01T06:40:00+00:00,1.0636,1.0636,1.0633,1.0636,7842.545783
2026-08-01T06:45:00+00:00,1.0635,1.0638,1.0632,1.0636,31978.12165
2026-08-01T06:50:00+00:00,1.0634,1.0639,1.0634,1.0636,21368.757657
2026-08-01T06:55:00+00:00,1.0636,1.0637,1.063,1.063,21086.049176
2026-08-01T07:00:00+00:00,1.063,1.0633,1.0626,1.0627,49660.369667
2026-08-01T07:05:00+00:00,1.0627,1.0628,1.0623,1.0628,33171.326585
2026-08-01T07:10:00+00:00,1.0628,1.0633,1.0626,1.0628,20454.87375
2026-08-01T07:15:00+00:00,1.0627,1.0628,1.0618,1.0621,44950.979587
2026-08-01T07:20:00+00:00,1.0621,1.0623,1.0618,1.0619,10846.121764
2026-08-01T07:25:00+00:00,1.0619,1.062,1.061,1.0611,4218.910705
2026-08-01T07:30:00+00:00,1.0611,1.0615,1.0606,1.0615,20858.900975
2026-08-01T07:35:00+00:00,1.0615,1.0616,1.061,1.0612,16990.61268
2026-08-01T07:40:00+00:00,1.0612,1.0615,1.0611,1.0614,4639.960341
2026-08-01T07:45:00+00:00,1.0614,1.0616,1.0613,1.0616,9403.579852
2026-08-01T07:50:00+00:00,1.0615,1.0621,1.0612,1.0618,30646.71372
2026-08-01T07:55:00+00:00,1.0617,1.0618,1.0611,1.0611,21183.474384
2026-08-01T08:00:00+00:00,1.0613,1.0613,1.0605,1.0608,22811.528143
2026-08-01T08:05:00+00:00,1.0606,1.0608,1.0605,1.0606,7379.772596
2026-08-01T08:10:00+00:00,1.0605,1.0611,1.0605,1.0611,11412.322535
2026-08-01T08:15:00+00:00,1.0609,1.0615,1.0609,1.061,42872.384956
2026-08-01T08:20:00+00:00,1.061,1.0612,1.0608,1.0612,3957.328692
2026-08-01T08:25:00+00:00,1.061,1.0619,1.061,1.0614,30445.719569
2026-08-01T08:30:00+00:00,1.0615,1.062,1.0613,1.062,9678.107234
2026-08-01T08:35:00+00:00,1.0618,1.0618,1.0613,1.0614,6248.619855
2026-08-01T08:40:00+00:00,1.0613,1.0616,1.0611,1.0613,12840.955647
2026-08-01T08:45:00+00:00,1.0613,1.0613,1.0608,1.061,16004.673812
2026-08-01T08:50:00+00:00,1.0612,1.0618,1.061,1.0616,305209.313725
2026-08-01T08:55:00+00:00,1.0617,1.062,1.0615,1.0615,10299.894233
2026-08-01T09:00:00+00:00,1.0616,1.0617,1.0611,1.0613,11132.711085
2026-08-01T09:05:00+00:00,1.0613,1.0614,1.0609,1.0613,14951.22723
2026-08-01T09:10:00+00:00,1.0612,1.062,1.0612,1.062,6974.812074
2026-08-01T09:15:00+00:00,1.0619,1.0624,1.0613,1.0616,55907.119919
2026-08-01T09:20:00+00:00,1.0616,1.0617,1.061,1.0612,10573.530506
2026-08-01T09:25:00+00:00,1.0612,1.0612,1.0608,1.0608,21408.865173
2026-08-01T09:30:00+00:00,1.0608,1.061,1.0602,1.0609,18737.252236
2026-08-01T09:35:00+00:00,1.061,1.0613,1.0609,1.0613,11899.768997
2026-08-01T09:40:00+00:00,1.0611,1.0613,1.0609,1.0612,17723.931834
2026-08-01T09:45:00+00:00,1.0612,1.0613,1.0608,1.0609,20075.792541
2026-08-01T09:50:00+00:00,1.0608,1.0609,1.0604,1.0605,20759.827033
2026-08-01T09:55:00+00:00,1.0606,1.0611,1.0603,1.0604,26170.085787
2026-08-01T10:00:00+00:00,1.0605,1.0611,1.059,1.0593,68100.970367
2026-08-01T10:05:00+00:00,1.0591,1.0602,1.0591,1.0601,19152.049503
2026-08-01T10:10:00+00:00,1.0601,1.0612,1.0601,1.0609,72205.752396
2026-08-01T10:15:00+00:00,1.0608,1.0624,1.0606,1.0624,26469.489909
2026-08-01T10:20:00+00:00,1.0624,1.0627,1.0617,1.062,61533.048816
2026-08-01T10:25:00+00:00,1.0619,1.0623,1.0617,1.062,17953.155953
2026-08-01T10:30:00+00:00,1.062,1.0621,1.0616,1.0619,29290.335525
2026-08-01T10:35:00+00:00,1.0619,1.0622,1.0616,1.0622,18943.039518
2026-08-01T10:40:00+00:00,1.062,1.063,1.062,1.0628,16683.661911
2026-08-01T10:45:00+00:00,1.0629,1.0629,1.0614,1.0618,40773.95726
2026-08-01T10:50:00+00:00,1.0617,1.0619,1.0614,1.0618,79925.006302
2026-08-01T10:55:00+00:00,1.0618,1.0619,1.0614,1.0619,18241.226747
2026-08-01T11:00:00+00:00,1.0618,1.0622,1.0614,1.0618,17682.957506
2026-08-01T11:05:00+00:00,1.0618,1.0618,1.0613,1.0618,41473.997602
2026-08-01T11:10:00+00:00,1.0617,1.0621,1.0615,1.0621,19735.386801
2026-08-01T11:15:00+00:00,1.0621,1.0623,1.0611,1.0615,53281.483646
2026-08-01T11:20:00+00:00,1.0614,1.0621,1.0614,1.0616,18258.493858
2026-08-01T11:25:00+00:00,1.0616,1.062,1.0615,1.0619,116844.831049
2026-08-01T11:30:00+00:00,1.0619,1.0622,1.0614,1.0621,16836.896946
2026-08-01T11:35:00+00:00,1.062,1.0627,1.0619,1.0626,8443.500298
2026-08-01T11:40:00+00:00,1.0626,1.0626,1.0621,1.0626,19365.988938
2026-08-01T11:45:00+00:00,1.0625,1.0628,1.0621,1.0623,30335.099561
2026-08-01T11:50:00+00:00,1.0624,1.0629,1.0622,1.0628,38344.821865
2026-08-01T11:55:00+00:00,1.0628,1.063,1.0626,1.063,23162.909313
2026-08-01T12:00:00+00:00,1.063,1.0638,1.063,1.0638,43415.417392
2026-08-01T12:05:00+00:00,1.0637,1.0638,1.0625,1.0626,41759.30992
2026-08-01T12:10:00+00:00,1.0626,1.063,1.0624,1.0625,30767.429801
2026-08-01T12:15:00+00:00,1.0625,1.0626,1.0623,1.0626,17574.437861
2026-08-01T12:20:00+00:00,1.0625,1.063,1.0624,1.0628,18425.519419
2026-08-01T12:25:00+00:00,1.0628,1.0631,1.0627,1.0628,51445.982948
2026-08-01T12:30:00+00:00,1.0627,1.0629,1.0624,1.0628,23748.83655
2026-08-01T12:35:00+00:00,1.0628,1.0633,1.0624,1.0629,29203.317217
2026-08-01T12:40:00+00:00,1.0629,1.0635,1.0626,1.0629,35922.9567
2026-08-01T12:45:00+00:00,1.0629,1.0635,1.0627,1.0635,8996.849719
2026-08-01T12:50:00+00:00,1.0635,1.0637,1.0633,1.0637,20755.949552
2026-08-01T12:55:00+00:00,1.0637,1.0641,1.0634,1.0637,27112.562794
2026-08-01T13:00:00+00:00,1.0636,1.0639,1.0635,1.0637,9839.340194
2026-08-01T13:05:00+00:00,1.0639,1.0639,1.0634,1.0638,102536.474854
2026-08-01T13:10:00+00:00,1.0638,1.0639,1.0635,1.0635,10816.036423
2026-08-01T13:15:00+00:00,1.0635,1.0635,1.0631,1.0635,63920.273458
2026-08-01T13:20:00+00:00,1.0633,1.0636,1.0633,1.0634,17320.207856
2026-08-01T13:25:00+00:00,1.0634,1.0634,1.063,1.0633,35760.925843
2026-08-01T13:30:00+00:00,1.0633,1.0637,1.0632,1.0637,19915.986328
2026-08-01T13:35:00+00:00,1.0636,1.0641,1.0631,1.0634,53530.462286
2026-08-01T13:40:00+00:00,1.0634,1.0635,1.0632,1.0634,161249.970581
2026-08-01T13:45:00+00:00,1.0633,1.0635,1.0623,1.0623,201146.27521
2026-08-01T13:50:00+00:00,1.0625,1.0629,1.0624,1.0628,23620.861032
2026-08-01T13:55:00+00:00,1.0628,1.0629,1.0622,1.0629,29037.506512
2026-08-01T14:00:00+00:00,1.0628,1.0633,1.0627,1.0632,82577.707524
2026-08-01T14:05:00+00:00,1.0633,1.0642,1.0632,1.0633,46078.036788
2026-08-01T14:10:00+00:00,1.0632,1.0635,1.0632,1.0635,22149.985565
2026-08-01T14:15:00+00:00,1.0634,1.0641,1.0634,1.0637,47765.099204
2026-08-01T14:20:00+00:00,1.0637,1.0642,1.0636,1.0642,25325.212164
2026-08-01T14:25:00+00:00,1.0641,1.0645,1.064,1.0643,58799.162798
2026-08-01T14:30:00+00:00,1.0643,1.0645,1.0641,1.0643,28812.517978
2026-08-01T14:35:00+00:00,1.0643,1.0645,1.0641,1.0642,41372.85967
2026-08-01T14:40:00+00:00,1.0643,1.0644,1.064,1.0644,25356.300046
2026-08-01T14:45:00+00:00,1.0643,1.0644,1.0641,1.0644,29116.911201
2026-08-01T14:50:00+00:00,1.0643,1.0644,1.064,1.0643,34829.185733
2026-08-01T14:55:00+00:00,1.0643,1.0656,1.0641,1.0656,64667.474081
2026-08-01T15:00:00+00:00,1.0656,1.0656,1.0644,1.0645,43040.654091
2026-08-01T15:05:00+00:00,1.0644,1.0648,1.0641,1.0648,43561.412712
2026-08-01T15:10:00+00:00,1.0648,1.0651,1.0642,1.0644,37953.904828
2026-08-01T15:15:00+00:00,1.0643,1.0645,1.0632,1.0635,50336.054959
2026-08-01T15:20:00+00:00,1.0634,1.0639,1.0634,1.0637,30560.173605
2026-08-01T15:25:00+00:00,1.0637,1.0637,1.0631,1.0634,27655.36112
2026-08-01T15:30:00+00:00,1.0633,1.0634,1.063,1.0632,41137.258243
2026-08-01T15:35:00+00:00,1.0632,1.0634,1.0629,1.0633,37081.497664
2026-08-01T15:40:00+00:00,1.0633,1.0636,1.0629,1.063,24004.95753
2026-08-01T15:45:00+00:00,1.0629,1.0633,1.0629,1.0631,26278.599544
2026-08-01T15:50:00+00:00,1.0631,1.0633,1.0627,1.063,36525.472809
2026-08-01T15:55:00+00:00,1.0631,1.0633,1.062,1.0621,68751.044278
2026-08-01T16:00:00+00:00,1.0621,1.0631,1.0617,1.0625,300200.045329
2026-08-01T16:05:00+00:00,1.0623,1.0626,1.0618,1.0619,34752.465839
2026-08-01T16:10:00+00:00,1.0619,1.0623,1.0616,1.0618,41613.625509
2026-08-01T16:15:00+00:00,1.0619,1.0625,1.0619,1.062,34545.593427
2026-08-01T16:20:00+00:00,1.062,1.0626,1.0618,1.0626,48632.726423
2026-08-01T16:25:00+00:00,1.0627,1.063,1.0625,1.0627,21451.231641
2026-08-01T16:30:00+00:00,1.0627,1.0636,1.0625,1.0636,30465.88321
2026-08-01T16:35:00+00:00,1.0635,1.0637,1.0629,1.063,61117.293978
2026-08-01T16:40:00+00:00,1.0631,1.0631,1.0611,1.0613,131319.123755
2026-08-01T16:45:00+00:00,1.0613,1.0613,1.0607,1.0609,28821.176725
2026-08-01T16:50:00+00:00,1.0608,1.061,1.06,1.0605,126272.972957
2026-08-01T16:55:00+00:00,1.0606,1.0607,1.059,1.0603,83133.210442
2026-08-01T17:00:00+00:00,1.0602,1.0608,1.0594,1.0606,40535.193133
2026-08-01T17:05:00+00:00,1.0606,1.0613,1.0603,1.0606,32641.947535
2026-08-01T17:10:00+00:00,1.0605,1.0605,1.0582,1.0587,99565.181557
2026-08-01T17:15:00+00:00,1.0587,1.0589,1.0576,1.0589,58843.718979
2026-08-01T17:20:00+00:00,1.0588,1.0597,1.0587,1.0597,66259.564255
2026-08-01T17:25:00+00:00,1.0596,1.0596,1.0566,1.0582,190416.512472
2026-08-01T17:30:00+00:00,1.0582,1.0583,1.0567,1.0569,46065.365029
2026-08-01T17:35:00+00:00,1.0568,1.0581,1.0563,1.058,97649.863559
2026-08-01T17:40:00+00:00,1.058,1.0592,1.0578,1.0592,55434.388292
2026-08-01T17:45:00+00:00,1.0591,1.0591,1.0575,1.058,53568.083055
2026-08-01T17:50:00+00:00,1.0579,1.0581,1.0564,1.0581,75288.814227
2026-08-01T17:55:00+00:00,1.058,1.0582,1.0579,1.0582,61686.001457
2026-08-01T18:00:00+00:00,1.0581,1.0585,1.0567,1.0585,142295.934754
2026-08-01T18:05:00+00:00,1.0584,1.059,1.0582,1.0585,62456.283183
2026-08-01T18:10:00+00:00,1.0584,1.0588,1.0579,1.0581,32826.238551
2026-08-01T18:15:00+00:00,1.0581,1.0582,1.0564,1.0572,121090.575537
2026-08-01T18:20:00+00:00,1.0574,1.0578,1.056,1.0566,66200.658648
2026-08-01T18:25:00+00:00,1.0566,1.0577,1.0565,1.0573,52964.246196
2026-08-01T18:30:00+00:00,1.0573,1.0573,1.052,1.0549,733175.990028
2026-08-01T18:35:00+00:00,1.0549,1.0574,1.0549,1.056,124884.018886
2026-08-01T18:40:00+00:00,1.0559,1.0563,1.0532,1.0538,131857.190647
2026-08-01T18:45:00+00:00,1.0539,1.054,1.0489,1.0491,1046869.148946
2026-08-01T18:50:00+00:00,1.0492,1.0516,1.0466,1.0507,524430.399719
2026-08-01T18:55:00+00:00,1.0507,1.0528,1.0506,1.0526,269757.604163
2026-08-01T19:00:00+00:00,1.0523,1.0534,1.0512,1.0533,110499.019969
2026-08-01T19:05:00+00:00,1.053,1.0538,1.0527,1.0533,75123.787999
2026-08-01T19:10:00+00:00,1.0534,1.0537,1.0526,1.0526,84253.960075
2026-08-01T19:15:00+00:00,1.0526,1.0534,1.0519,1.0527,60388.531435
2026-08-01T19:20:00+00:00,1.0525,1.0527,1.0505,1.0511,77580.129793
2026-08-01T19:25:00+00:00,1.0512,1.052,1.0508,1.0519,70771.602107
2026-08-01T19:30:00+00:00,1.0519,1.0532,1.0515,1.0521,77378.772302
2026-08-01T19:35:00+00:00,1.0521,1.0524,1.0507,1.0513,77309.845993
2026-08-01T19:40:00+00:00,1.0513,1.0515,1.0507,1.051,43839.083334
2026-08-01T19:45:00+00:00,1.0509,1.0523,1.0508,1.0521,61599.431613
2026-08-01T19:50:00+00:00,1.0521,1.0528,1.0516,1.0521,66812.848945
2026-08-01T19:55:00+00:00,1.052,1.0524,1.0516,1.0517,66833.199204
2026-08-01T20:00:00+00:00,1.0517,1.0527,1.0508,1.0522,150875.156056
2026-08-01T20:05:00+00:00,1.052,1.0531,1.052,1.0523,58245.109439
2026-08-01T20:10:00+00:00,1.0523,1.0534,1.0522,1.0533,47022.331877
2026-08-01T20:15:00+00:00,1.0533,1.0542,1.0532,1.0541,71743.879886
2026-08-01T20:20:00+00:00,1.0541,1.0552,1.0541,1.0542,136463.247488
2026-08-01T20:25:00+00:00,1.0541,1.0543,1.0535,1.0539,32095.127844
2026-08-01T20:30:00+00:00,1.0537,1.0541,1.0528,1.0539,95669.844597
2026-08-01T20:35:00+00:00,1.0539,1.0543,1.0526,1.0528,72499.873381
2026-08-01T20:40:00+00:00,1.0528,1.0543,1.0528,1.0542,135484.948768
2026-08-01T20:45:00+00:00,1.0541,1.0549,1.0537,1.0548,26248.619927
2026-08-01T20:50:00+00:00,1.0546,1.0555,1.0542,1.0545,54258.530293
2026-08-01T20:55:00+00:00,1.0545,1.0549,1.0541,1.0548,36896.030317
2026-08-01T21:00:00+00:00,1.0547,1.0584,1.0545,1.0572,943447.028688
2026-08-01T21:05:00+00:00,1.0572,1.0573,1.0564,1.0567,47478.863859
2026-08-01T21:10:00+00:00,1.0566,1.0572,1.0555,1.0571,223161.191226
2026-08-01T21:15:00+00:00,1.0571,1.0585,1.0571,1.0585,108364.77386
2026-08-01T21:20:00+00:00,1.0584,1.0587,1.0575,1.0576,329263.359824
2026-08-01T21:25:00+00:00,1.0576,1.0577,1.0568,1.0576,59911.549299
2026-08-01T21:30:00+00:00,1.0577,1.0586,1.0572,1.0586,108574.033037
2026-08-01T21:35:00+00:00,1.0584,1.0586,1.0577,1.0578,56391.88896
2026-08-01T21:40:00+00:00,1.0577,1.06,1.0575,1.0597,289716.578436
2026-08-01T21:45:00+00:00,1.0599,1.0601,1.0596,1.0599,150995.627603
2026-08-01T21:50:00+00:00,1.0598,1.06,1.0576,1.0586,112358.998376
2026-08-01T21:55:00+00:00,1.0586,1.0597,1.0586,1.0595,104966.078797
2026-08-01T22:00:00+00:00,1.0595,1.0598,1.0588,1.0597,41386.288365
2026-08-01T22:05:00+00:00,1.0597,1.0605,1.0596,1.0601,168692.452481
2026-08-01T22:10:00+00:00,1.0601,1.0606,1.0598,1.0601,38857.357571
2026-08-01T22:15:00+00:00,1.0601,1.0603,1.0596,1.06,61515.891339
2026-08-01T22:20:00+00:00,1.06,1.06,1.0588,1.0593,45598.0779
2026-08-01T22:25:00+00:00,1.0591,1.0599,1.0591,1.0598,18757.937438
2026-08-01T22:30:00+00:00,1.0597,1.06,1.0597,1.0598,12687.745612
2026-08-01T22:35:00+00:00,1.0598,1.0605,1.0593,1.0602,51656.152589
2026-08-01T22:40:00+00:00,1.0602,1.0604,1.0601,1.0604,22833.064256
2026-08-01T22:45:00+00:00,1.0604,1.0615,1.0603,1.0609,44640.466332
2026-08-01T22:50:00+00:00,1.0609,1.061,1.0601,1.0602,29385.564022
2026-08-01T22:55:00+00:00,1.0602,1.0603,1.0598,1.0599,27160.110941
2026-08-01T23:00:00+00:00,1.0599,1.0611,1.0599,1.0611,73870.332558
2026-08-01T23:05:00+00:00,1.061,1.0612,1.0603,1.0607,23660.587225
2026-08-01T23:10:00+00:00,1.0607,1.0608,1.0598,1.0599,26358.046163
2026-08-01T23:15:00+00:00,1.0598,1.06,1.0595,1.0596,278123.330392
2026-08-01T23:20:00+00:00,1.0595,1.0595,1.059,1.0592,66175.355365
2026-08-01T23:25:00+00:00,1.0593,1.0595,1.0586,1.0595,39012.889559
2026-08-01T23:30:00+00:00,1.0594,1.0598,1.059,1.0594,31977.923197
2026-08-01T23:35:00+00:00,1.0594,1.0595,1.0588,1.0592,19420.635651
2026-08-01T23:40:00+00:00,1.0592,1.06,1.059,1.06,68181.272033
2026-08-01T23:45:00+00:00,1.06,1.0603,1.0598,1.0599,27301.054292
2026-08-01T23:45:00+00:00,1.06,1.0603,1.0598,1.0599,27301.054292
2026-08-01T23:50:00+00:00,1.0599,1.0601,1.0596,1.0597,39520.091357
2026-08-01T23:55:00+00:00,1.0596,1.061,1.0594,1.0608,40560.704852
2026-08-02T00:00:00+00:00,1.0609,1.0615,1.0604,1.0612,105903.48922
2026-08-02T00:05:00+00:00,1.0612,1.0618,1.0607,1.061,21082.458096
2026-08-02T00:10:00+00:00,1.0609,1.0619,1.0609,1.0613,107289.708251
2026-08-02T00:15:00+00:00,1.0612,1.0619,1.061,1.0616,57589.148124
2026-08-02T00:20:00+00:00,1.0616,1.0617,1.061,1.0611,54906.559055
2026-08-02T00:25:00+00:00,1.0612,1.0614,1.0603,1.0606,20442.977607
2026-08-02T00:30:00+00:00,1.0607,1.0611,1.0605,1.0605,36004.631706
2026-08-02T00:35:00+00:00,1.0604,1.0606,1.06,1.0603,28926.56658
2026-08-02T00:40:00+00:00,1.0604,1.0607,1.0601,1.0604,56035.676689
2026-08-02T00:45:00+00:00,1.0604,1.061,1.0602,1.0603,86652.371605
2026-08-02T00:50:00+00:00,1.0601,1.0611,1.0601,1.0611,85921.807504
2026-08-02T00:55:00+00:00,1.0612,1.0619,1.0611,1.0619,38704.60287
2026-08-02T01:00:00+00:00,1.0619,1.0642,1.0617,1.0639,188637.482957
2026-08-02T01:05:00+00:00,1.0639,1.0659,1.0638,1.0654,333590.772716
2026-08-02T01:10:00+00:00,1.0654,1.0656,1.0647,1.0654,92758.442723
2026-08-02T01:15:00+00:00,1.0655,1.0675,1.0645,1.0666,473822.688749
2026-08-02T01:20:00+00:00,1.0666,1.0672,1.0658,1.066,272309.229788
2026-08-02T01:25:00+00:00,1.066,1.0667,1.0658,1.0667,66060.962766
2026-08-02T01:30:00+00:00,1.0668,1.0668,1.0659,1.0667,113171.483229
2026-08-02T01:35:00+00:00,1.0667,1.0671,1.0661,1.0662,149198.791063
2026-08-02T01:40:00+00:00,1.0662,1.0662,1.0656,1.0659,135529.139503
2026-08-02T01:45:00+00:00,1.0659,1.066,1.0654,1.0656,131978.337239
2026-08-02T01:50:00+00:00,1.0655,1.0662,1.0653,1.0655,73318.625922
2026-08-02T01:55:00+00:00,1.0655,1.0661,1.0653,1.0655,20731.586835
2026-08-02T02:00:00+00:00,1.0654,1.0661,1.0652,1.0656,95963.855256
2026-08-02T02:05:00+00:00,1.0656,1.0741,1.0656,1.0719,541679.368746
2026-08-02T02:10:00+00:00,1.0718,1.0737,1.0717,1.0729,102248.363257
2026-08-02T02:15:00+00:00,1.073,1.0742,1.071,1.0742,290895.117188
2026-08-02T02:20:00+00:00,1.0743,1.0744,1.072,1.0735,99468.497732
2026-08-02T02:25:00+00:00,1.0734,1.0735,1.0721,1.0724,74068.451367
2026-08-02T02:30:00+00:00,1.0725,1.0726,1.0715,1.0715,119646.575002
2026-08-02T02:35:00+00:00,1.0715,1.072,1.0702,1.0711,371922.083795
2026-08-02T02:40:00+00:00,1.0711,1.0717,1.0707,1.0716,268193.902991
2026-08-02T02:45:00+00:00,1.0717,1.0737,1.0716,1.0736,24593.444587
2026-08-02T02:50:00+00:00,1.0734,1.074,1.0725,1.074,54181.584205
2026-08-02T02:55:00+00:00,1.0739,1.0752,1.0738,1.0752,79930.042712
2026-08-02T03:00:00+00:00,1.0752,1.0753,1.0737,1.074,46377.222142
2026-08-02T03:05:00+00:00,1.074,1.0753,1.074,1.0745,376965.655746
2026-08-02T03:10:00+00:00,1.0746,1.0748,1.0741,1.0745,45405.436787
2026-08-02T03:15:00+00:00,1.0744,1.0747,1.074,1.0746,136060.645981
2026-08-02T03:20:00+00:00,1.0746,1.0763,1.0742,1.0758,272362.266007
2026-08-02T03:25:00+00:00,1.0758,1.0759,1.075,1.0752,149253.022313
2026-08-02T03:30:00+00:00,1.0752,1.0761,1.0752,1.076,67061.427362
2026-08-02T03:35:00+00:00,1.0759,1.0794,1.0759,1.0785,237119.549722
2026-08-02T03:40:00+00:00,1.0785,1.079,1.0772,1.0772,51383.838008
2026-08-02T03:45:00+00:00,1.0772,1.0779,1.0771,1.0774,190401.228695
2026-08-02T03:50:00+00:00,1.0773,1.0774,1.0763,1.0764,61064.591365
2026-08-02T03:55:00+00:00,1.0763,1.0766,1.0757,1.0765,48235.414386
2026-08-02T04:00:00+00:00,1.0766,1.0785,1.0766,1.0774,101495.607838
2026-08-02T04:05:00+00:00,1.0774,1.0775,1.0759,1.0766,84051.617348
2026-08-02T04:10:00+00:00,1.0766,1.0786,1.0766,1.0779,129456.254849
2026-08-02T04:15:00+00:00,1.0778,1.081,1.0777,1.081,110843.655342
2026-08-02T04:20:00+00:00,1.0809,1.082,1.0806,1.0813,127175.171159
2026-08-02T04:25:00+00:00,1.0813,1.0813,1.0794,1.0796,113725.890114
2026-08-02T04:30:00+00:00,1.0796,1.0815,1.0796,1.0809,235086.937795
2026-08-02T04:35:00+00:00,1.0808,1.0812,1.0794,1.0812,168566.380252
2026-08-02T04:40:00+00:00,1.0808,1.0818,1.0806,1.0809,74725.87312
2026-08-02T04:45:00+00:00,1.0808,1.082,1.0806,1.0817,163144.021981
2026-08-02T04:50:00+00:00,1.0818,1.0829,1.0811,1.0814,98180.02077
2026-08-02T04:55:00+00:00,1.0813,1.082,1.0809,1.0814,74375.044326
2026-08-02T05:00:00+00:00,1.0813,1.0834,1.0813,1.0818,516732.112284
2026-08-02T05:05:00+00:00,1.082,1.083,1.0812,1.0816,286681.425062
2026-08-02T05:10:00+00:00,1.0815,1.0816,1.0796,1.0798,186449.124275
2026-08-02T05:15:00+00:00,1.0799,1.081,1.0794,1.0804,60868.815519
2026-08-02T05:20:00+00:00,1.0803,1.0821,1.0803,1.0818,165929.189076
2026-08-02T05:25:00+00:00,1.0818,1.0821,1.0804,1.0809,316789.123376
2026-08-02T05:30:00+00:00,1.0809,1.0825,1.0809,1.0811,67905.754515
2026-08-02T05:35:00+00:00,1.0811,1.0813,1.0803,1.0807,53052.522475
2026-08-02T05:40:00+00:00,1.0807,1.0812,1.0804,1.0808,41920.446866
2026-08-02T05:45:00+00:00,1.0807,1.0818,1.0804,1.0816,94008.530094
2026-08-02T05:50:00+00:00,1.0816,1.0827,1.0813,1.0826,42157.967752
2026-08-02T05:55:00+00:00,1.0826,1.0827,1.0818,1.0823,105290.101886
2026-08-02T06:00:00+00:00,1.0822,1.0847,1.082,1.0841,162379.354936
2026-08-02T06:05:00+00:00,1.0841,1.0841,1.0813,1.0814,135815.675606
2026-08-02T06:10:00+00:00,1.0814,1.0818,1.0808,1.0811,76494.762714
2026-08-02T06:15:00+00:00,1.0812,1.0812,1.0802,1.0804,56246.111082
2026-08-02T06:20:00+00:00,1.0805,1.0814,1.0805,1.0809,27337.089854
2026-08-02T06:25:00+00:00,1.0809,1.0821,1.0809,1.0816,20773.740257
2026-08-02T06:30:00+00:00,1.0814,1.0819,1.0805,1.0809,39377.156442
2026-08-02T06:35:00+00:00,1.0809,1.083,1.0808,1.0822,74043.734265
2026-08-02T06:40:00+00:00,1.0821,1.0828,1.0819,1.0828,63110.165244
2026-08-02T06:45:00+00:00,1.0827,1.0832,1.0821,1.0825,22520.329376
2026-08-02T06:50:00+00:00,1.0824,1.0826,1.0819,1.0822,38178.797699
2026-08-02T06:55:00+00:00,1.0821,1.0825,1.0814,1.0815,36190.158045
2026-08-02T07:00:00+00:00,1.0816,1.0818,1.0808,1.0818,66882.448812
2026-08-02T07:05:00+00:00,1.0818,1.0819,1.0812,1.0817,48749.345747
2026-08-02T07:10:00+00:00,1.0817,1.0821,1.0813,1.082,44781.881215
2026-08-02T07:15:00+00:00,1.0818,1.0821,1.0816,1.082,40329.470325
2026-08-02T07:20:00+00:00,1.0819,1.083,1.0815,1.0825,88773.575991
2026-08-02T07:25:00+00:00,1.0824,1.0827,1.0824,1.0826,10276.214557
2026-08-02T07:30:00+00:00,1.0826,1.0839,1.0826,1.0833,65699.12681
2026-08-02T07:35:00+00:00,1.0833,1.0842,1.0827,1.0829,43368.691246
2026-08-02T07:40:00+00:00,1.0829,1.0834,1.0824,1.0831,30762.542057
2026-08-02T07:45:00+00:00,1.083,1.0831,1.0821,1.0826,119952.527605
2026-08-02T07:50:00+00:00,1.0826,1.0839,1.0825,1.0836,53868.110802
2026-08-02T07:55:00+00:00,1.0836,1.0838,1.0825,1.0827,42840.276218
2026-08-02T08:00:00+00:00,1.0827,1.0834,1.0822,1.0823,35889.582311
2026-08-02T08:05:00+00:00,1.0822,1.0823,1.0813,1.0822,21792.677718
2026-08-02T08:10:00+00:00,1.0822,1.0829,1.082,1.0823,36542.441226
2026-08-02T08:15:00+00:00,1.0823,1.0825,1.0816,1.0816,4441.710636
2026-08-02T08:20:00+00:00,1.0816,1.0821,1.081,1.0811,62157.186724
2026-08-02T08:25:00+00:00,1.0811,1.0812,1.0797,1.0799,66325.764101
2026-08-02T08:30:00+00:00,1.08,1.0803,1.0798,1.0799,19269.255613
2026-08-02T08:35:00+00:00,1.0799,1.0807,1.0778,1.0779,47581.591946
2026-08-02T08:40:00+00:00,1.0777,1.0793,1.0777,1.0791,29997.007332
2026-08-02T08:45:00+00:00,1.0788,1.08,1.0785,1.0794,22686.182653
2026-08-02T08:50:00+00:00,1.0795,1.0797,1.079,1.0792,10594.739889
2026-08-02T08:55:00+00:00,1.0791,1.0794,1.0786,1.0792,21374.969622
2026-08-02T09:00:00+00:00,1.0793,1.0796,1.0756,1.0756,296578.79499
2026-08-02T09:05:00+00:00,1.0755,1.0784,1.0755,1.0784,92125.934127
2026-08-02T09:10:00+00:00,1.0784,1.0793,1.0784,1.0792,11927.068519
2026-08-02T09:15:00+00:00,1.0792,1.0807,1.0792,1.0799,33932.206969
2026-08-02T09:20:00+00:00,1.0798,1.0803,1.0791,1.0802,45476.604125
2026-08-02T09:25:00+00:00,1.0802,1.0804,1.0789,1.0793,12827.697342
2026-08-02T09:30:00+00:00,1.0793,1.0813,1.0793,1.081,26430.821748
2026-08-02T09:35:00+00:00,1.081,1.0814,1.0808,1.0809,17233.733425
2026-08-02T09:40:00+00:00,1.0809,1.0818,1.0806,1.0817,11327.574597
2026-08-02T09:45:00+00:00,1.0817,1.0822,1.0811,1.0811,64037.799576
2026-08-02T09:50:00+00:00,1.0811,1.0825,1.0809,1.0825,30767.946396
2026-08-02T09:55:00+00:00,1.0824,1.0826,1.0816,1.0816,3818.606723
2026-08-02T10:00:00+00:00,1.0815,1.0816,1.0804,1.0806,49811.131722
2026-08-02T10:05:00+00:00,1.0806,1.0813,1.0804,1.0805,22456.238419
2026-08-02T10:10:00+00:00,1.0806,1.0806,1.0801,1.0803,21602.32347
2026-08-02T10:15:00+00:00,1.08,1.0811,1.0799,1.081,78614.310398
2026-08-02T10:20:00+00:00,1.0809,1.081,1.0785,1.0788,43282.248895
2026-08-02T10:25:00+00:00,1.0788,1.0789,1.0783,1.0788,5422.463437
2026-08-02T10:30:00+00:00,1.0789,1.0796,1.0788,1.0796,12463.044249
2026-08-02T10:35:00+00:00,1.0794,1.08,1.0791,1.0796,30923.675253
2026-08-02T10:40:00+00:00,1.0796,1.0798,1.0794,1.0796,6847.905119
2026-08-02T10:45:00+00:00,1.0796,1.0801,1.0796,1.0797,18317.033672
2026-08-02T10:50:00+00:00,1.0798,1.0799,1.0791,1.0796,27814.840841
2026-08-02T10:55:00+00:00,1.0796,1.08,1.0796,1.08,12973.308881
2026-08-02T11:00:00+00:00,1.08,1.0803,1.0794,1.0799,22096.809815
2026-08-02T11:05:00+00:00,1.0799,1.0812,1.0798,1.0801,19378.227309
2026-08-02T11:10:00+00:00,1.0801,1.0803,1.0794,1.0802,20227.128169
2026-08-02T11:15:00+00:00,1.0802,1.0815,1.08,1.0806,51174.612474
2026-08-02T11:20:00+00:00,1.0805,1.0807,1.0797,1.0803,27625.160444
2026-08-02T11:25:00+00:00,1.0803,1.0808,1.0801,1.0801,36022.432155
2026-08-02T11:30:00+00:00,1.0801,1.0803,1.0794,1.0802,59525.838044
2026-08-02T11:35:00+00:00,1.0802,1.0807,1.0796,1.0804,44324.814409
2026-08-02T11:40:00+00:00,1.0804,1.0807,1.0785,1.0793,47654.761898
2026-08-02T11:45:00+00:00,1.0793,1.0805,1.0789,1.0793,26929.997564
2026-08-02T11:50:00+00:00,1.0794,1.0803,1.0776,1.0782,83499.000671
2026-08-02T11:55:00+00:00,1.078,1.0788,1.0773,1.0784,116460.216576
2026-08-02T12:00:00+00:00,1.0784,1.0798,1.0784,1.0789,200276.131603
2026-08-02T12:05:00+00:00,1.079,1.0794,1.0787,1.0787,129349.134576
2026-08-02T12:10:00+00:00,1.0787,1.0802,1.0783,1.08,79472.790843
2026-08-02T12:15:00+00:00,1.0801,1.0805,1.079,1.079,37983.295722
2026-08-02T12:20:00+00:00,1.0789,1.0798,1.0786,1.0788,22859.952545
2026-08-02T12:25:00+00:00,1.079,1.0798,1.0786,1.0786,32413.313937
2026-08-02T12:30:00+00:00,1.0785,1.0792,1.077,1.077,244569.910548
2026-08-02T12:35:00+00:00,1.0771,1.0778,1.0762,1.0769,40077.185436
2026-08-02T12:40:00+00:00,1.0769,1.0772,1.0766,1.0771,25482.962074
2026-08-02T12:45:00+00:00,1.0771,1.0775,1.0766,1.0775,10300.690082
2026-08-02T12:50:00+00:00,1.0774,1.0776,1.0765,1.0769,20171.65979
2026-08-02T12:55:00+00:00,1.0769,1.0773,1.0763,1.0766,40994.81975
2026-08-02T13:00:00+00:00,1.0764,1.0773,1.0762,1.0769,18410.022609
2026-08-02T13:05:00+00:00,1.0768,1.0776,1.0763,1.0775,18816.562959
2026-08-02T13:10:00+00:00,1.0774,1.0792,1.0774,1.0789,32794.956686
2026-08-02T13:15:00+00:00,1.0789,1.0789,1.0778,1.0783,24688.469803
2026-08-02T13:20:00+00:00,1.0783,1.0799,1.0783,1.0794,16901.146419
2026-08-02T13:25:00+00:00,1.0794,1.0798,1.0791,1.0791,58370.327299
2026-08-02T13:30:00+00:00,1.079,1.0802,1.0788,1.0792,67140.170208
2026-08-02T13:35:00+00:00,1.079,1.0791,1.0775,1.0778,50776.934348
2026-08-02T13:40:00+00:00,1.0778,1.0793,1.0777,1.0793,37697.83045
2026-08-02T13:45:00+00:00,1.0793,1.0802,1.0792,1.0802,29118.635582
2026-08-02T13:50:00+00:00,1.0801,1.0802,1.0796,1.08,24449.277545
2026-08-02T13:55:00+00:00,1.08,1.0801,1.0796,1.0798,17891.500122
2026-08-02T14:00:00+00:00,1.0797,1.0801,1.079,1.0796,49346.410187
2026-08-02T14:05:00+00:00,1.0796,1.0797,1.0787,1.0791,71158.930058
2026-08-02T14:10:00+00:00,1.0791,1.0801,1.0791,1.08,38054.423866
2026-08-02T14:15:00+00:00,1.08,1.081,1.0798,1.0805,183400.6147
2026-08-02T14:20:00+00:00,1.0805,1.0812,1.0804,1.0811,24617.599102
2026-08-02T14:25:00+00:00,1.0811,1.0814,1.0804,1.0814,58371.633992
2026-08-02T14:30:00+00:00,1.0814,1.0818,1.0802,1.081,77997.862045
2026-08-02T14:35:00+00:00,1.081,1.0818,1.0809,1.0816,35203.387055
2026-08-02T14:40:00+00:00,1.0816,1.0819,1.0811,1.0817,56762.887071
2026-08-02T14:45:00+00:00,1.0817,1.0821,1.0817,1.0818,38343.058808
2026-08-02T14:50:00+00:00,1.0818,1.0818,1.0803,1.0803,23584.279351
2026-08-02T14:55:00+00:00,1.0803,1.0806,1.0801,1.0806,40550.628158
2026-08-02T15:00:00+00:00,1.0806,1.0809,1.0796,1.0802,39797.909954
2026-08-02T15:05:00+00:00,1.0803,1.0809,1.0803,1.0807,20311.062028
2026-08-02T15:10:00+00:00,1.0807,1.0818,1.0805,1.0815,28612.246043
2026-08-02T15:15:00+00:00,1.0813,1.0813,1.0806,1.081,27640.672127
2026-08-02T15:20:00+00:00,1.0809,1.0812,1.0806,1.0808,19763.255623
2026-08-02T15:25:00+00:00,1.0806,1.0808,1.0799,1.0803,14113.718932
2026-08-02T15:30:00+00:00,1.0803,1.0814,1.08,1.0812,91514.731419
2026-08-02T15:35:00+00:00,1.0807,1.0807,1.0798,1.0799,133378.784191
2026-08-02T15:40:00+00:00,1.0798,1.0802,1.0791,1.0799,79154.069528
2026-08-02T15:45:00+00:00,1.0799,1.0802,1.0795,1.0795,17486.757909
2026-08-02T15:50:00+00:00,1.0795,1.0795,1.0788,1.0793,46456.083053
2026-08-02T15:55:00+00:00,1.0794,1.0794,1.0787,1.0792,16397.084763
2026-08-02T16:00:00+00:00,1.0792,1.0793,1.0765,1.0771,325621.414803
2026-08-02T16:05:00+00:00,1.0771,1.0781,1.0771,1.0779,27685.898093
2026-08-02T16:10:00+00:00,1.0778,1.0783,1.0772,1.0773,60901.506525
2026-08-02T16:15:00+00:00,1.0773,1.0774,1.077,1.077,19288.283991
2026-08-02T16:20:00+00:00,1.077,1.0783,1.0769,1.0783,42394.14918
2026-08-02T16:25:00+00:00,1.0782,1.0783,1.0769,1.0778,28438.937131
2026-08-02T16:30:00+00:00,1.0778,1.0792,1.0776,1.0791,27236.62942
2026-08-02T16:35:00+00:00,1.0791,1.0798,1.0786,1.0798,66954.983057
2026-08-02T16:40:00+00:00,1.0798,1.0809,1.0795,1.08,67997.20962
2026-08-02T16:45:00+00:00,1.08,1.0802,1.0795,1.0799,39637.314829
2026-08-02T16:50:00+00:00,1.0798,1.08,1.0794,1.0798,48665.344751
2026-08-02T16:55:00+00:00,1.0796,1.0805,1.0796,1.0798,14761.477281
2026-08-02T17:00:00+00:00,1.0797,1.0803,1.0791,1.0803,53859.672639
2026-08-02T17:05:00+00:00,1.0801,1.0803,1.0795,1.0796,21526.580368
2026-08-02T17:10:00+00:00,1.0795,1.0806,1.0794,1.0803,63493.140263
2026-08-02T17:15:00+00:00,1.0803,1.0805,1.0798,1.0802,68125.316266
2026-08-02T17:20:00+00:00,1.0801,1.0823,1.0799,1.0823,37616.700039
2026-08-02T17:25:00+00:00,1.0821,1.0822,1.0806,1.0811,40556.215554
2026-08-02T17:30:00+00:00,1.0811,1.0815,1.0806,1.0807,45839.288651
2026-08-02T17:35:00+00:00,1.0807,1.0814,1.0805,1.081,34396.406501
2026-08-02T17:40:00+00:00,1.081,1.0817,1.0807,1.0815,28382.017247
2026-08-02T17:45:00+00:00,1.0816,1.0817,1.0813,1.0816,19983.865879
2026-08-02T17:50:00+00:00,1.0814,1.0817,1.0812,1.0816,31899.700939
2026-08-02T17:55:00+00:00,1.0817,1.0817,1.081,1.081,35429.114067
2026-08-02T18:00:00+00:00,1.0809,1.082,1.0808,1.0814,99889.054443
2026-08-02T18:05:00+00:00,1.0814,1.0815,1.0807,1.081,21986.883829
2026-08-02T18:10:00+00:00,1.0811,1.0821,1.0809,1.0818,346150.833151
2026-08-02T18:15:00+00:00,1.0818,1.0822,1.0814,1.0821,32449.398733
2026-08-02T18:20:00+00:00,1.0821,1.0824,1.0814,1.0817,37962.161487
2026-08-02T18:25:00+00:00,1.0816,1.0816,1.0802,1.0803,55407.473285
2026-08-02T18:30:00+00:00,1.0803,1.0812,1.0801,1.0809,26505.188722
2026-08-02T18:35:00+00:00,1.0809,1.0824,1.0809,1.0822,65945.106666
2026-08-02T18:40:00+00:00,1.082,1.0857,1.082,1.0822,471841.330608
2026-08-02T18:45:00+00:00,1.0822,1.0827,1.0807,1.0808,35678.38465
2026-08-02T18:50:00+00:00,1.0808,1.0809,1.0797,1.0804,244413.510224
2026-08-02T18:55:00+00:00,1.0804,1.0808,1.0803,1.0805,41107.265523
2026-08-02T19:00:00+00:00,1.0803,1.081,1.0797,1.0804,136719.881176
2026-08-02T19:05:00+00:00,1.0806,1.0813,1.0805,1.0809,42509.223973
2026-08-02T19:10:00+00:00,1.0809,1.0811,1.08,1.0801,22536.869445
2026-08-02T19:15:00+00:00,1.0801,1.0808,1.0799,1.0802,49349.155888
2026-08-02T19:20:00+00:00,1.0801,1.0802,1.0794,1.08,111683.492196
2026-08-02T19:25:00+00:00,1.0798,1.0803,1.0797,1.0797,25943.572084
2026-08-02T19:30:00+00:00,1.0796,1.0799,1.0788,1.0796,346891.7586
2026-08-02T19:35:00+00:00,1.0796,1.0801,1.0795,1.0799,59836.02571
2026-08-02T19:40:00+00:00,1.0799,1.0802,1.0795,1.0802,79335.428187
2026-08-02T19:45:00+00:00,1.0803,1.0812,1.0792,1.0811,101093.220792
2026-08-02T19:50:00+00:00,1.0812,1.0818,1.0808,1.081,142318.231435
2026-08-02T19:55:00+00:00,1.0809,1.0811,1.0806,1.0807,19344.34571
2026-08-02T20:00:00+00:00,1.0807,1.0811,1.0801,1.0802,25532.291153
2026-08-02T20:05:00+00:00,1.0801,1.0811,1.08,1.0809,34156.505044
2026-08-02T20:10:00+00:00,1.0807,1.081,1.0801,1.081,19185.700941
2026-08-02T20:15:00+00:00,1.0808,1.0812,1.0801,1.0806,127788.999728
2026-08-02T20:20:00+00:00,1.0805,1.0808,1.0795,1.0797,58718.902313
2026-08-02T20:25:00+00:00,1.0796,1.0796,1.079,1.0795,48292.315302
2026-08-02T20:30:00+00:00,1.0795,1.0806,1.0793,1.0802,40529.023543
2026-08-02T20:35:00+00:00,1.0801,1.0804,1.0798,1.08,37930.686703
2026-08-02T20:40:00+00:00,1.0799,1.0803,1.0798,1.0801,33465.453833
2026-08-02T20:45:00+00:00,1.0801,1.0809,1.0797,1.0805,49087.810332
2026-08-02T20:50:00+00:00,1.0805,1.0806,1.0799,1.0802,58419.130777
2026-08-02T20:55:00+00:00,1.0802,1.0809,1.0801,1.0803,21295.099526
2026-08-02T21:00:00+00:00,1.0804,1.082,1.0803,1.0818,61115.175613
2026-08-02T21:05:00+00:00,1.0818,1.082,1.0809,1.0813,63397.784998
2026-08-02T21:10:00+00:00,1.0813,1.0831,1.0813,1.0823,99993.949049
2026-08-02T21:15:00+00:00,1.0822,1.0828,1.0815,1.0822,29187.89073
2026-08-02T21:20:00+00:00,1.082,1.0832,1.082,1.0832,50169.695478
2026-08-02T21:25:00+00:00,1.0832,1.0839,1.0827,1.0837,71150.107831
2026-08-02T21:30:00+00:00,1.0838,1.0844,1.0833,1.0841,149519.151769
2026-08-02T21:35:00+00:00,1.0838,1.0856,1.0836,1.0844,122814.148466
2026-08-02T21:40:00+00:00,1.0842,1.0887,1.084,1.0862,388508.025716
2026-08-02T21:45:00+00:00,1.0861,1.0886,1.0861,1.0869,1057727.578884
2026-08-02T21:50:00+00:00,1.0867,1.0871,1.0847,1.0857,91756.520574
2026-08-02T21:55:00+00:00,1.0857,1.086,1.0837,1.0856,416583.25978
2026-08-02T22:00:00+00:00,1.0858,1.0882,1.0858,1.0876,368432.669535
2026-08-02T22:05:00+00:00,1.0877,1.0888,1.0873,1.0888,321904.790007
2026-08-02T22:10:00+00:00,1.0888,1.0909,1.0888,1.0896,613213.912172
2026-08-02T22:15:00+00:00,1.0895,1.092,1.0884,1.0886,126668.259004
2026-08-02T22:20:00+00:00,1.0886,1.09,1.0886,1.0892,109508.703164
2026-08-02T22:25:00+00:00,1.089,1.0894,1.0872,1.0886,394995.915925
2026-08-02T22:30:00+00:00,1.0885,1.0889,1.0867,1.0872,46403.1768
2026-08-02T22:35:00+00:00,1.0871,1.0873,1.085,1.0856,229619.270698
2026-08-02T22:40:00+00:00,1.0857,1.0873,1.0847,1.0872,26633.008788
2026-08-02T22:45:00+00:00,1.0873,1.0874,1.0865,1.0866,50967.697681
2026-08-02T22:50:00+00:00,1.0866,1.0866,1.0853,1.0856,70384.485916
2026-08-02T22:55:00+00:00,1.0856,1.0856,1.0843,1.0844,43263.550301
2026-08-02T23:00:00+00:00,1.0843,1.0848,1.0833,1.0835,39650.487405
2026-08-02T23:05:00+00:00,1.0834,1.0836,1.082,1.0828,84069.782213
2026-08-02T23:10:00+00:00,1.0828,1.0833,1.0816,1.0822,75152.742085
2026-08-02T23:15:00+00:00,1.0822,1.0842,1.0821,1.084,192494.936801
2026-08-02T23:20:00+00:00,1.084,1.0841,1.0828,1.083,56254.847179
2026-08-02T23:25:00+00:00,1.0829,1.0838,1.0829,1.0834,44096.838914
2026-08-02T23:30:00+00:00,1.0834,1.0836,1.0826,1.0833,130577.466469
2026-08-02T23:35:00+00:00,1.0833,1.0835,1.0824,1.0828,82558.654101
2026-08-02T23:40:00+00:00,1.0828,1.083,1.0824,1.083,86903.693148
2026-08-02T23:45:00+00:00,1.083,1.0848,1.0825,1.0837,207339.885705
2026-08-02T23:45:00+00:00,1.083,1.0848,1.0825,1.0837,207339.885705
2026-08-02T23:50:00+00:00,1.0837,1.0847,1.0836,1.0843,47595.410957
2026-08-02T23:55:00+00:00,1.0844,1.0858,1.0843,1.0858,44743.8429
2026-08-03T00:00:00+00:00,1.0858,1.0867,1.0844,1.0844,173054.795249
2026-08-03T00:05:00+00:00,1.0843,1.0845,1.0832,1.0843,96500.456496
2026-08-03T00:10:00+00:00,1.0843,1.0844,1.0823,1.083,45840.679308
2026-08-03T00:15:00+00:00,1.0828,1.0839,1.0826,1.0831,20850.633929
2026-08-03T00:20:00+00:00,1.0829,1.0831,1.0819,1.0825,33240.843843
2026-08-03T00:25:00+00:00,1.0824,1.0824,1.0797,1.0808,32019.106539
2026-08-03T00:30:00+00:00,1.0807,1.0808,1.0794,1.0805,61593.404957
2026-08-03T00:35:00+00:00,1.0804,1.0813,1.0798,1.0813,77885.081277
2026-08-03T00:40:00+00:00,1.0813,1.0819,1.0799,1.0803,265257.976919
2026-08-03T00:45:00+00:00,1.0802,1.0804,1.079,1.0803,45803.652805
2026-08-03T00:50:00+00:00,1.0801,1.0803,1.0794,1.0803,23686.233011
2026-08-03T00:55:00+00:00,1.0803,1.0806,1.0798,1.08,131490.951174
2026-08-03T01:00:00+00:00,1.0799,1.0805,1.0786,1.0802,28734.013792
2026-08-03T01:05:00+00:00,1.0803,1.0804,1.0781,1.0791,46860.480149
2026-08-03T01:10:00+00:00,1.0788,1.0794,1.0765,1.0773,102428.941677
2026-08-03T01:15:00+00:00,1.0773,1.0773,1.0745,1.076,121685.263587
2026-08-03T01:20:00+00:00,1.076,1.076,1.0751,1.0757,43423.346306
2026-08-03T01:25:00+00:00,1.0757,1.0766,1.0745,1.075,49320.644667
2026-08-03T01:30:00+00:00,1.0749,1.076,1.0745,1.0753,155495.815921
2026-08-03T01:35:00+00:00,1.0753,1.0757,1.0735,1.0744,161583.985736
2026-08-03T01:40:00+00:00,1.0745,1.0754,1.0741,1.0751,46349.394865
2026-08-03T01:45:00+00:00,1.0752,1.0753,1.0744,1.0749,62746.100088
2026-08-03T01:50:00+00:00,1.0749,1.0749,1.0736,1.0736,79673.535096
2026-08-03T01:55:00+00:00,1.0737,1.0749,1.0735,1.0742,81327.930412
2026-08-03T02:00:00+00:00,1.0741,1.0741,1.073,1.074,40905.704745
2026-08-03T02:05:00+00:00,1.0737,1.074,1.0732,1.0732,150477.468237
2026-08-03T02:10:00+00:00,1.0732,1.0732,1.0719,1.0732,105384.806413
2026-08-03T02:15:00+00:00,1.0731,1.0756,1.0727,1.0756,75696.298924
2026-08-03T02:20:00+00:00,1.0754,1.076,1.0745,1.0746,50175.560475
2026-08-03T02:25:00+00:00,1.0745,1.0751,1.0724,1.0729,43166.066987
2026-08-03T02:30:00+00:00,1.0729,1.074,1.0727,1.074,61637.508513
2026-08-03T02:35:00+00:00,1.074,1.0752,1.0737,1.0747,43117.311997
2026-08-03T02:40:00+00:00,1.0747,1.0751,1.0741,1.0743,28164.620477
2026-08-03T02:45:00+00:00,1.0741,1.0744,1.0737,1.0743,40074.098392
2026-08-03T02:50:00+00:00,1.0743,1.0744,1.0728,1.0729,52600.21172
2026-08-03T02:55:00+00:00,1.0729,1.0731,1.0723,1.0728,159393.822715
2026-08-03T03:00:00+00:00,1.0727,1.0731,1.0722,1.0728,29418.722855
2026-08-03T03:05:00+00:00,1.0726,1.0731,1.0719,1.072,47235.26192
2026-08-03T03:10:00+00:00,1.072,1.072,1.0708,1.0708,53503.607929
2026-08-03T03:15:00+00:00,1.0708,1.072,1.0705,1.0711,152251.997513
2026-08-03T03:20:00+00:00,1.0711,1.0713,1.0705,1.0709,7556.403669
2026-08-03T03:25:00+00:00,1.0709,1.0716,1.0705,1.0714,37066.600207
2026-08-03T03:30:00+00:00,1.0714,1.0716,1.0707,1.0716,38737.889615
2026-08-03T03:35:00+00:00,1.0713,1.0719,1.0711,1.0714,34644.581659
2026-08-03T03:40:00+00:00,1.0714,1.0717,1.0711,1.0717,21006.309063
2026-08-03T03:45:00+00:00,1.0717,1.0717,1.0671,1.0706,326570.905623
2026-08-03T03:50:00+00:00,1.0704,1.0721,1.0703,1.0712,44409.371931
2026-08-03T03:55:00+00:00,1.0711,1.0713,1.07,1.07,13711.202419
2026-08-03T04:00:00+00:00,1.0699,1.071,1.0694,1.0708,105022.658103
2026-08-03T04:05:00+00:00,1.0706,1.0711,1.0702,1.0702,26809.123688
2026-08-03T04:10:00+00:00,1.0701,1.0701,1.0689,1.0698,148177.70758
2026-08-03T04:15:00+00:00,1.0698,1.0711,1.0698,1.071,89710.492928
2026-08-03T04:20:00+00:00,1.071,1.0722,1.071,1.0713,162493.394114
2026-08-03T04:25:00+00:00,1.0713,1.0715,1.0711,1.0711,23946.206072
2026-08-03T04:30:00+00:00,1.0711,1.0721,1.0711,1.072,80443.079042
2026-08-03T04:35:00+00:00,1.072,1.0722,1.0711,1.0721,44041.221774
2026-08-03T04:40:00+00:00,1.0721,1.0722,1.0714,1.0719,9392.830419
2026-08-03T04:45:00+00:00,1.0721,1.0721,1.0703,1.0706,76559.70351
2026-08-03T04:50:00+00:00,1.0705,1.0707,1.0693,1.0694,11895.048673
2026-08-03T04:55:00+00:00,1.0695,1.0696,1.0688,1.069,42437.427953
2026-08-03T05:00:00+00:00,1.0689,1.0698,1.0687,1.0693,30788.127426
2026-08-03T05:05:00+00:00,1.0694,1.0707,1.0688,1.0707,41281.072038
2026-08-03T05:10:00+00:00,1.0707,1.0717,1.0706,1.0714,34682.631013
2026-08-03T05:15:00+00:00,1.0714,1.0714,1.0687,1.07,126143.197933
2026-08-03T05:20:00+00:00,1.07,1.0702,1.0693,1.0699,37474.007708
2026-08-03T05:25:00+00:00,1.0698,1.0705,1.0696,1.0699,150660.968181
2026-08-03T05:30:00+00:00,1.0698,1.0704,1.0693,1.0693,22984.723799
2026-08-03T05:35:00+00:00,1.0692,1.0703,1.0691,1.0702,41762.079786
2026-08-03T05:40:00+00:00,1.07,1.0708,1.0698,1.0699,11984.965075
2026-08-03T05:45:00+00:00,1.0699,1.0714,1.0697,1.0712,77312.393329
2026-08-03T05:50:00+00:00,1.0712,1.0714,1.0707,1.0708,47707.719386
2026-08-03T05:55:00+00:00,1.0709,1.0712,1.0708,1.071,11404.867526
2026-08-03T06:00:00+00:00,1.071,1.0716,1.0708,1.0713,47434.165665
2026-08-03T06:05:00+00:00,1.0712,1.0718,1.071,1.0712,32691.458222
2026-08-03T06:10:00+00:00,1.0712,1.0713,1.0706,1.0711,10769.803264
2026-08-03T06:15:00+00:00,1.071,1.0713,1.0707,1.0708,21040.583358
2026-08-03T06:20:00+00:00,1.0707,1.0707,1.0698,1.0705,50476.427204
2026-08-03T06:25:00+00:00,1.0702,1.0703,1.069,1.0694,56192.15993
2026-08-03T06:30:00+00:00,1.0691,1.07,1.069,1.0691,17586.021652
2026-08-03T06:35:00+00:00,1.0692,1.0693,1.0678,1.068,21305.795447
2026-08-03T06:40:00+00:00,1.0678,1.068,1.0666,1.0669,87111.409479
2026-08-03T06:45:00+00:00,1.0668,1.0687,1.0667,1.0682,181250.217336
2026-08-03T06:50:00+00:00,1.0682,1.0689,1.0677,1.0681,6621.58764
2026-08-03T06:55:00+00:00,1.0679,1.0679,1.0668,1.0671,19118.564747
2026-08-03T07:00:00+00:00,1.0671,1.0672,1.0658,1.0671,142204.952216
2026-08-03T07:05:00+00:00,1.0668,1.0683,1.0668,1.0673,82383.115039
2026-08-03T07:10:00+00:00,1.0673,1.068,1.0668,1.0668,31117.434269
2026-08-03T07:15:00+00:00,1.0667,1.0671,1.0649,1.0654,341433.467048
2026-08-03T07:20:00+00:00,1.0653,1.0669,1.0652,1.0668,39958.377347
2026-08-03T07:25:00+00:00,1.0666,1.0675,1.0666,1.0674,62647.333077
2026-08-03T07:30:00+00:00,1.0672,1.0685,1.067,1.0681,349856.009666
2026-08-03T07:35:00+00:00,1.0682,1.0684,1.0675,1.0676,13123.299802
2026-08-03T07:40:00+00:00,1.0677,1.0678,1.0664,1.0667,150646.022863
2026-08-03T07:45:00+00:00,1.0667,1.0677,1.0667,1.0672,37352.316325
2026-08-03T07:50:00+00:00,1.0671,1.0673,1.0664,1.0671,20568.655193
2026-08-03T07:55:00+00:00,1.0673,1.0676,1.0665,1.0669,120528.81544
2026-08-03T08:00:00+00:00,1.0668,1.0675,1.0662,1.067,44342.886056
2026-08-03T08:05:00+00:00,1.0671,1.0672,1.0661,1.0663,43739.117531
2026-08-03T08:10:00+00:00,1.0663,1.0663,1.0656,1.0662,14678.603109
2026-08-03T08:15:00+00:00,1.0661,1.0665,1.0652,1.0654,92487.698291
2026-08-03T08:20:00+00:00,1.0651,1.0653,1.0631,1.0645,179079.36985
2026-08-03T08:25:00+00:00,1.0643,1.0643,1.0621,1.0624,366457.398448
2026-08-03T08:30:00+00:00,1.0623,1.0633,1.0615,1.0628,198209.857202
2026-08-03T08:35:00+00:00,1.0628,1.064,1.0624,1.0637,67126.330829
2026-08-03T08:40:00+00:00,1.0636,1.0648,1.0636,1.0647,60939.307968
2026-08-03T08:45:00+00:00,1.0645,1.0654,1.0643,1.0652,46233.998398
2026-08-03T08:50:00+00:00,1.065,1.0663,1.065,1.0663,96352.711843
2026-08-03T08:55:00+00:00,1.0663,1.0668,1.0661,1.0663,166316.07898
2026-08-03T09:00:00+00:00,1.0663,1.0666,1.0656,1.0657,23186.263494
2026-08-03T09:05:00+00:00,1.0656,1.0661,1.0655,1.0658,66282.818653
2026-08-03T09:10:00+00:00,1.0658,1.0665,1.0657,1.0663,21613.972714
2026-08-03T09:15:00+00:00,1.0663,1.0671,1.0663,1.0663,19494.704787
2026-08-03T09:20:00+00:00,1.0663,1.0668,1.0659,1.066,26159.311994
2026-08-03T09:25:00+00:00,1.0659,1.0666,1.0659,1.0666,31610.608307
2026-08-03T09:30:00+00:00,1.0666,1.0678,1.0663,1.0671,89670.184371
2026-08-03T09:35:00+00:00,1.0671,1.0671,1.0665,1.0669,35176.514115
2026-08-03T09:40:00+00:00,1.0669,1.0677,1.0669,1.0677,12334.163496
2026-08-03T09:45:00+00:00,1.0677,1.0681,1.0676,1.0677,80228.402906
2026-08-03T09:50:00+00:00,1.0679,1.0687,1.0676,1.0685,78017.559591
2026-08-03T09:55:00+00:00,1.0686,1.0707,1.0686,1.0703,105666.279864
2026-08-03T10:00:00+00:00,1.0702,1.071,1.0695,1.0699,36627.031722
2026-08-03T10:05:00+00:00,1.0698,1.0698,1.069,1.0691,83788.926745
2026-08-03T10:10:00+00:00,1.069,1.0692,1.0687,1.0689,55423.375185
2026-08-03T10:15:00+00:00,1.0688,1.0691,1.068,1.0685,29086.738544
2026-08-03T10:20:00+00:00,1.0684,1.0688,1.068,1.0681,28271.512828
2026-08-03T10:25:00+00:00,1.068,1.0683,1.0676,1.0676,41690.098411
2026-08-03T10:30:00+00:00,1.0676,1.0676,1.0668,1.0675,72332.162776
2026-08-03T10:35:00+00:00,1.0675,1.068,1.0674,1.0679,57495.042368
2026-08-03T10:40:00+00:00,1.0678,1.068,1.0674,1.0678,15267.622855
2026-08-03T10:45:00+00:00,1.0678,1.0682,1.0671,1.0678,41384.749956
2026-08-03T10:50:00+00:00,1.0676,1.0686,1.0676,1.0685,45317.709767
2026-08-03T10:55:00+00:00,1.0685,1.0692,1.0681,1.0688,26610.157109
2026-08-03T11:00:00+00:00,1.0688,1.0691,1.0673,1.0677,56279.911518
2026-08-03T11:05:00+00:00,1.0675,1.0675,1.0668,1.067,33032.645202
2026-08-03T11:10:00+00:00,1.067,1.0675,1.0669,1.0675,41043.155234
2026-08-03T11:15:00+00:00,1.0674,1.0677,1.0659,1.0659,92779.021902
2026-08-03T11:20:00+00:00,1.0659,1.066,1.065,1.0655,163058.042893
2026-08-03T11:25:00+00:00,1.0655,1.0655,1.0631,1.0645,599688.412507
2026-08-03T11:30:00+00:00,1.0644,1.0655,1.0642,1.0655,79802.567021
2026-08-03T11:35:00+00:00,1.0655,1.0662,1.0654,1.066,59461.257604
2026-08-03T11:40:00+00:00,1.066,1.066,1.0653,1.0659,254018.721603
2026-08-03T11:45:00+00:00,1.066,1.066,1.0652,1.0656,13965.815783
2026-08-03T11:50:00+00:00,1.0656,1.0657,1.0641,1.0641,40121.150094
2026-08-03T11:55:00+00:00,1.064,1.0641,1.0622,1.0631,115198.356748
2026-08-03T12:00:00+00:00,1.063,1.0638,1.0629,1.0633,109391.917522
2026-08-03T12:05:00+00:00,1.0633,1.0637,1.0629,1.0636,101501.865838
2026-08-03T12:10:00+00:00,1.0635,1.0642,1.0632,1.0642,90173.670062
2026-08-03T12:15:00+00:00,1.0641,1.0652,1.0638,1.0648,170316.243661
2026-08-03T12:20:00+00:00,1.0647,1.0649,1.0644,1.0647,60313.538557
2026-08-03T12:25:00+00:00,1.0647,1.0647,1.0636,1.0636,73464.906208
2026-08-03T12:30:00+00:00,1.0636,1.0641,1.0634,1.0638,36878.224751
2026-08-03T12:35:00+00:00,1.0636,1.0639,1.0633,1.0637,40907.625081
2026-08-03T12:40:00+00:00,1.0637,1.0646,1.0633,1.0645,388766.031155
2026-08-03T12:45:00+00:00,1.0645,1.0647,1.064,1.0646,41066.556762
2026-08-03T12:50:00+00:00,1.0646,1.0654,1.0642,1.0647,328788.885792
2026-08-03T12:55:00+00:00,1.0647,1.0651,1.0642,1.0646,59375.879549
2026-08-03T13:00:00+00:00,1.0646,1.0654,1.0644,1.0646,42575.283245
2026-08-03T13:05:00+00:00,1.0645,1.0648,1.064,1.0641,115695.508451
2026-08-03T13:10:00+00:00,1.0641,1.0652,1.064,1.0652,99545.011927
2026-08-03T13:15:00+00:00,1.0651,1.0682,1.065,1.0682,78920.134734
2026-08-03T13:20:00+00:00,1.0682,1.0705,1.0682,1.0692,424009.435074
2026-08-03T13:25:00+00:00,1.069,1.0695,1.0666,1.0674,220434.393249
2026-08-03T13:30:00+00:00,1.0674,1.0677,1.0642,1.0656,382678.589037
2026-08-03T13:35:00+00:00,1.0655,1.0698,1.0652,1.0697,179029.502614
2026-08-03T13:40:00+00:00,1.0696,1.0703,1.068,1.0697,148084.559567
2026-08-03T13:45:00+00:00,1.0699,1.0713,1.0679,1.0694,269355.953262
2026-08-03T13:50:00+00:00,1.0692,1.0733,1.0687,1.0729,429539.74221
2026-08-03T13:55:00+00:00,1.0728,1.0752,1.0726,1.0747,237163.201343
2026-08-03T14:00:00+00:00,1.0746,1.0759,1.0725,1.0747,342699.752828
2026-08-03T14:05:00+00:00,1.0749,1.0757,1.0737,1.0738,495520.419022
2026-08-03T14:10:00+00:00,1.0739,1.0758,1.0733,1.0736,1008921.870806
2026-08-03T14:15:00+00:00,1.0736,1.0756,1.0721,1.0744,152659.978382
2026-08-03T14:20:00+00:00,1.0743,1.0747,1.0715,1.0746,161219.032006
2026-08-03T14:25:00+00:00,1.0747,1.0815,1.0747,1.0809,437144.812561
2026-08-03T14:30:00+00:00,1.0809,1.0817,1.079,1.0806,606848.384705
2026-08-03T14:35:00+00:00,1.0807,1.0821,1.0793,1.0806,215751.555307
2026-08-03T14:40:00+00:00,1.0804,1.0817,1.0783,1.0792,153728.521413
2026-08-03T14:45:00+00:00,1.0792,1.0796,1.0778,1.0787,298353.365566
2026-08-03T14:50:00+00:00,1.0787,1.0807,1.0787,1.0807,296200.137222
2026-08-03T14:55:00+00:00,1.0805,1.0825,1.08,1.0818,284603.086657
2026-08-03T15:00:00+00:00,1.0816,1.0819,1.0789,1.0794,175314.251938
2026-08-03T15:05:00+00:00,1.0794,1.0796,1.0777,1.0787,100411.879228
2026-08-03T15:10:00+00:00,1.0787,1.0795,1.0771,1.0792,657396.013263
2026-08-03T15:15:00+00:00,1.0792,1.0808,1.0785,1.0802,310332.605448
2026-08-03T15:20:00+00:00,1.0802,1.0816,1.0795,1.0809,108077.966671
2026-08-03T15:25:00+00:00,1.0808,1.0834,1.0798,1.0805,905268.030645
2026-08-03T15:30:00+00:00,1.0805,1.0829,1.0805,1.0808,63964.928107
2026-08-03T15:35:00+00:00,1.0809,1.0845,1.0805,1.0843,224195.764206
2026-08-03T15:40:00+00:00,1.0843,1.0845,1.0819,1.0837,121071.27257
2026-08-03T15:45:00+00:00,1.0838,1.0861,1.0838,1.084,202944.44675
2026-08-03T15:50:00+00:00,1.084,1.0851,1.0836,1.0842,229090.623267
2026-08-03T15:55:00+00:00,1.0841,1.0841,1.0815,1.0827,131946.05427
2026-08-03T16:00:00+00:00,1.0827,1.0841,1.0818,1.082,105387.721175
2026-08-03T16:05:00+00:00,1.082,1.0829,1.0799,1.0813,53272.415534
2026-08-03T16:10:00+00:00,1.0812,1.0826,1.0802,1.0821,163632.406303
2026-08-03T16:15:00+00:00,1.082,1.0837,1.082,1.0832,134320.539373
2026-08-03T16:20:00+00:00,1.0833,1.084,1.0824,1.0828,182315.556736
2026-08-03T16:25:00+00:00,1.0827,1.0834,1.0815,1.0824,168993.528169
2026-08-03T16:30:00+00:00,1.0823,1.0823,1.0803,1.0815,77835.761992
2026-08-03T16:35:00+00:00,1.0814,1.0817,1.0799,1.0802,70658.002058
2026-08-03T16:40:00+00:00,1.0802,1.0805,1.0779,1.079,152016.808047
2026-08-03T16:45:00+00:00,1.0791,1.0812,1.0791,1.081,128580.956058
2026-08-03T16:50:00+00:00,1.0809,1.0809,1.0796,1.08,57500.477081
2026-08-03T16:55:00+00:00,1.0799,1.0809,1.0796,1.0809,124143.83663
2026-08-03T17:00:00+00:00,1.0808,1.0809,1.0791,1.0797,87046.122464
2026-08-03T17:05:00+00:00,1.0795,1.0812,1.0795,1.08,87492.464533
2026-08-03T17:10:00+00:00,1.0799,1.0823,1.0799,1.0819,181472.718338
2026-08-03T17:15:00+00:00,1.0819,1.0824,1.0808,1.0809,141947.802144
2026-08-03T17:20:00+00:00,1.0809,1.0838,1.0803,1.083,248961.340645
2026-08-03T17:25:00+00:00,1.0831,1.0833,1.0806,1.081,95077.443299
2026-08-03T17:30:00+00:00,1.0811,1.0811,1.0801,1.0809,100436.697891
2026-08-03T17:35:00+00:00,1.0807,1.0828,1.0803,1.081,189729.905353
2026-08-03T17:40:00+00:00,1.081,1.0818,1.0809,1.0814,199610.659458
2026-08-03T17:45:00+00:00,1.0814,1.0827,1.081,1.0812,119743.2501
2026-08-03T17:50:00+00:00,1.0811,1.0812,1.0791,1.0793,116280.456444
2026-08-03T17:55:00+00:00,1.0793,1.0808,1.079,1.0802,157937.126959
2026-08-03T18:00:00+00:00,1.0802,1.0811,1.08,1.0809,65456.859942
2026-08-03T18:05:00+00:00,1.0809,1.082,1.0809,1.0817,88232.515972
2026-08-03T18:10:00+00:00,1.0817,1.083,1.0806,1.0827,161442.472002
2026-08-03T18:15:00+00:00,1.0826,1.0834,1.0812,1.0814,148137.607394
2026-08-03T18:20:00+00:00,1.0813,1.0817,1.0807,1.0808,110611.799811
2026-08-03T18:25:00+00:00,1.0806,1.081,1.0797,1.0805,93238.474137
2026-08-03T18:30:00+00:00,1.0804,1.0815,1.0802,1.0815,68009.167962
2026-08-03T18:35:00+00:00,1.0815,1.0816,1.0806,1.0807,204693.826929
2026-08-03T18:40:00+00:00,1.0807,1.0807,1.0796,1.0805,175071.165521
2026-08-03T18:45:00+00:00,1.0805,1.081,1.0798,1.0809,82666.30863
2026-08-03T18:50:00+00:00,1.0809,1.0817,1.0804,1.0816,57136.666879
2026-08-03T18:55:00+00:00,1.0816,1.0817,1.0808,1.0809,35179.266042
2026-08-03T19:00:00+00:00,1.081,1.0816,1.0808,1.0811,30691.64312
2026-08-03T19:05:00+00:00,1.0811,1.0815,1.0799,1.0807,66909.858174
2026-08-03T19:10:00+00:00,1.0806,1.0808,1.0801,1.0805,56667.120263
2026-08-03T19:15:00+00:00,1.0805,1.0816,1.0805,1.0809,68362.158862
2026-08-03T19:20:00+00:00,1.0808,1.0814,1.0803,1.081,114116.251883
2026-08-03T19:25:00+00:00,1.0811,1.0817,1.0805,1.0811,57441.670598
2026-08-03T19:30:00+00:00,1.0812,1.0821,1.0808,1.082,94889.021141
2026-08-03T19:35:00+00:00,1.0821,1.0822,1.0795,1.0795,215990.693517
2026-08-03T19:40:00+00:00,1.0794,1.0798,1.079,1.0794,52885.435238
2026-08-03T19:45:00+00:00,1.0793,1.0797,1.0788,1.079,63392.3336
2026-08-03T19:50:00+00:00,1.0789,1.0794,1.0789,1.0789,131372.205918
2026-08-03T19:55:00+00:00,1.0788,1.0799,1.0781,1.0792,546131.482761
2026-08-03T20:00:00+00:00,1.0792,1.0795,1.0782,1.0789,174349.166503
2026-08-03T20:05:00+00:00,1.0791,1.0804,1.0788,1.0804,203268.070827
2026-08-03T20:10:00+00:00,1.0802,1.0806,1.0799,1.0801,126279.917424
2026-08-03T20:15:00+00:00,1.0801,1.0813,1.08,1.0808,144000.375767
2026-08-03T20:20:00+00:00,1.0808,1.0812,1.0802,1.0803,92935.667728
2026-08-03T20:25:00+00:00,1.0803,1.0804,1.0796,1.0799,121114.924275
2026-08-03T20:30:00+00:00,1.0798,1.0805,1.0797,1.0804,61586.202692
2026-08-03T20:35:00+00:00,1.0804,1.0814,1.0804,1.0813,141247.817217
2026-08-03T20:40:00+00:00,1.0813,1.0814,1.0804,1.0813,133848.981978
2026-08-03T20:45:00+00:00,1.0812,1.0813,1.08,1.0807,140748.443361
2026-08-03T20:50:00+00:00,1.0806,1.0819,1.0806,1.0819,202833.793256
2026-08-03T20:55:00+00:00,1.0819,1.0831,1.0817,1.0831,109905.32938
2026-08-03T21:00:00+00:00,1.0831,1.0833,1.0823,1.0825,46033.421293
2026-08-03T21:05:00+00:00,1.0823,1.0825,1.0818,1.0819,151564.960229
2026-08-03T21:10:00+00:00,1.0819,1.082,1.0802,1.0803,138042.409125
2026-08-03T21:15:00+00:00,1.0803,1.0808,1.0789,1.0797,557265.998971
2026-08-03T21:20:00+00:00,1.0797,1.0808,1.0794,1.0801,147991.778431
2026-08-03T21:25:00+00:00,1.0801,1.0807,1.0799,1.0805,61132.249038
2026-08-03T21:30:00+00:00,1.0804,1.0806,1.0798,1.0805,187519.762905
2026-08-03T21:35:00+00:00,1.0803,1.081,1.08,1.0809,63240.765345
2026-08-03T21:40:00+00:00,1.0811,1.0813,1.0807,1.0808,128850.096273
2026-08-03T21:45:00+00:00,1.0808,1.0808,1.0798,1.0799,72081.479352
2026-08-03T21:50:00+00:00,1.0798,1.0805,1.0796,1.0799,32076.25891
2026-08-03T21:55:00+00:00,1.0799,1.0799,1.0787,1.0792,143209.068917
2026-08-03T22:00:00+00:00,1.0794,1.0794,1.0754,1.076,601974.358326
2026-08-03T22:05:00+00:00,1.0761,1.0761,1.0734,1.0745,226411.509381
2026-08-03T22:10:00+00:00,1.0746,1.0755,1.0745,1.075,60295.192796
2026-08-03T22:15:00+00:00,1.0751,1.0775,1.0751,1.0762,149814.782321
2026-08-03T22:20:00+00:00,1.0762,1.0764,1.0749,1.0753,90403.428515
2026-08-03T22:25:00+00:00,1.0753,1.0755,1.0747,1.0752,85340.38336
2026-08-03T22:30:00+00:00,1.0752,1.0752,1.0742,1.0746,114934.253223
2026-08-03T22:35:00+00:00,1.0746,1.0746,1.0734,1.0734,48181.801209
2026-08-03T22:40:00+00:00,1.0735,1.074,1.0734,1.074,14101.005261
2026-08-03T22:45:00+00:00,1.074,1.0751,1.0736,1.0749,72218.345583
2026-08-03T22:50:00+00:00,1.075,1.0757,1.0747,1.0756,185470.940123
2026-08-03T22:55:00+00:00,1.0756,1.0757,1.075,1.075,144063.303841
2026-08-03T23:00:00+00:00,1.075,1.075,1.0736,1.0739,59289.948724
2026-08-03T23:05:00+00:00,1.074,1.0744,1.0735,1.0742,177834.380072
2026-08-03T23:10:00+00:00,1.0743,1.0743,1.0733,1.0738,35200.141441
2026-08-03T23:15:00+00:00,1.0738,1.0748,1.0735,1.0737,73524.169963
2026-08-03T23:20:00+00:00,1.0736,1.0742,1.0734,1.074,25969.571178
2026-08-03T23:25:00+00:00,1.074,1.0744,1.0735,1.0744,50098.747483
2026-08-03T23:30:00+00:00,1.0745,1.0745,1.0736,1.0737,93190.478346
2026-08-03T23:35:00+00:00,1.0736,1.0739,1.0725,1.0727,251613.752826
2026-08-03T23:40:00+00:00,1.0725,1.0738,1.0722,1.0735,105180.767043
2026-08-03T23:45:00+00:00,1.0735,1.0749,1.073,1.0742,131200.464635
2026-08-03T23:45:00+00:00,1.0735,1.0749,1.073,1.0742,131200.464635
2026-08-03T23:50:00+00:00,1.0742,1.0746,1.0739,1.0743,68403.276675
2026-08-03T23:55:00+00:00,1.0743,1.075,1.0742,1.0749,121977.939721
2026-08-04T00:00:00+00:00,1.0749,1.0756,1.074,1.0754,166947.168504
2026-08-04T00:05:00+00:00,1.0754,1.0754,1.0742,1.0745,71404.719158
2026-08-04T00:10:00+00:00,1.0745,1.0748,1.0731,1.0746,82993.612169
2026-08-04T00:15:00+00:00,1.0745,1.0746,1.0738,1.0744,40638.646736
2026-08-04T00:20:00+00:00,1.0744,1.0747,1.073,1.0731,63733.745277
2026-08-04T00:25:00+00:00,1.0731,1.0733,1.0716,1.0726,42385.63869
2026-08-04T00:30:00+00:00,1.0724,1.0725,1.0707,1.0708,312188.988665
2026-08-04T00:35:00+00:00,1.0707,1.071,1.07,1.0704,1085538.683815
2026-08-04T00:40:00+00:00,1.0705,1.0709,1.0693,1.0708,88410.903811
2026-08-04T00:45:00+00:00,1.0708,1.0709,1.0691,1.0709,105494.040158
2026-08-04T00:50:00+00:00,1.0707,1.0713,1.0696,1.07,68567.575205
2026-08-04T00:55:00+00:00,1.0699,1.0702,1.0689,1.0696,72403.781653
2026-08-04T01:00:00+00:00,1.0695,1.071,1.0693,1.0697,42174.623616
2026-08-04T01:05:00+00:00,1.0698,1.0708,1.0694,1.0702,29082.297294
2026-08-04T01:10:00+00:00,1.0702,1.0706,1.0699,1.0701,27337.081637
2026-08-04T01:15:00+00:00,1.07,1.0709,1.069,1.0706,58553.418687
2026-08-04T01:20:00+00:00,1.0706,1.0719,1.0705,1.0709,96073.801193
2026-08-04T01:25:00+00:00,1.071,1.0714,1.0701,1.0714,157871.700717
2026-08-04T01:30:00+00:00,1.0713,1.0755,1.0713,1.0751,231919.808718
2026-08-04T01:35:00+00:00,1.0751,1.0761,1.0741,1.0745,198018.843846
2026-08-04T01:40:00+00:00,1.0745,1.0782,1.0745,1.077,558149.450244
2026-08-04T01:45:00+00:00,1.077,1.0778,1.0752,1.0761,154070.412463
2026-08-04T01:50:00+00:00,1.076,1.0781,1.0754,1.0769,193431.943656
2026-08-04T01:55:00+00:00,1.0769,1.0773,1.0763,1.0772,50523.476019
2026-08-04T02:00:00+00:00,1.0771,1.0776,1.0764,1.0767,73503.52945
2026-08-04T02:05:00+00:00,1.0766,1.0767,1.0756,1.0767,75711.711631
2026-08-04T02:10:00+00:00,1.0765,1.0765,1.0755,1.0755,31716.51066
2026-08-04T02:15:00+00:00,1.0755,1.0759,1.0749,1.0751,111067.92589
2026-08-04T02:20:00+00:00,1.0751,1.0755,1.074,1.0755,38122.445217
2026-08-04T02:25:00+00:00,1.0753,1.0759,1.0748,1.0751,38944.103424
2026-08-04T02:30:00+00:00,1.0753,1.0774,1.0752,1.0774,71604.667381
2026-08-04T02:35:00+00:00,1.0774,1.0795,1.0773,1.0783,232784.379762
2026-08-04T02:40:00+00:00,1.0782,1.0783,1.0773,1.0781,94040.307172
2026-08-04T02:45:00+00:00,1.0781,1.0784,1.0774,1.0778,52272.810472
2026-08-04T02:50:00+00:00,1.0776,1.0776,1.077,1.0776,56547.28445
2026-08-04T02:55:00+00:00,1.0777,1.0777,1.0769,1.0773,70767.832065
2026-08-04T03:00:00+00:00,1.0773,1.0777,1.0767,1.0777,54008.154798
2026-08-04T03:05:00+00:00,1.0776,1.0776,1.0765,1.0769,43985.409666
2026-08-04T03:10:00+00:00,1.0767,1.0769,1.0742,1.0746,211608.308659
2026-08-04T03:15:00+00:00,1.0745,1.0748,1.0733,1.0736,228019.181651
2026-08-04T03:20:00+00:00,1.0736,1.075,1.0735,1.0741,132252.375205
2026-08-04T03:25:00+00:00,1.074,1.0753,1.074,1.0753,67740.139571
2026-08-04T03:30:00+00:00,1.0753,1.0769,1.0753,1.0755,210907.112892
2026-08-04T03:35:00+00:00,1.0754,1.076,1.0754,1.076,34831.959369
2026-08-04T03:40:00+00:00,1.0761,1.0764,1.0758,1.0764,83197.533956
2026-08-04T03:45:00+00:00,1.0764,1.0775,1.0762,1.0768,120661.80673
2026-08-04T03:50:00+00:00,1.077,1.0777,1.0767,1.0767,67047.221304
2026-08-04T03:55:00+00:00,1.0767,1.0768,1.0763,1.0765,75008.70943
2026-08-04T04:00:00+00:00,1.0765,1.077,1.0762,1.0762,54822.165293
2026-08-04T04:05:00+00:00,1.0762,1.0764,1.0752,1.0762,84436.333426
2026-08-04T04:10:00+00:00,1.0759,1.0767,1.0758,1.0762,27100.816952
2026-08-04T04:15:00+00:00,1.0762,1.0778,1.0756,1.0775,94786.482035
2026-08-04T04:20:00+00:00,1.0775,1.0782,1.0773,1.0776,63373.648858
2026-08-04T04:25:00+00:00,1.0777,1.0777,1.0767,1.0767,29869.336041
2026-08-04T04:30:00+00:00,1.0766,1.0772,1.0762,1.0769,92183.119189
2026-08-04T04:35:00+00:00,1.0768,1.0786,1.0762,1.0786,36444.702488
2026-08-04T04:40:00+00:00,1.0785,1.0788,1.078,1.0788,27085.6495
2026-08-04T04:45:00+00:00,1.0788,1.081,1.0781,1.0807,215046.602477
2026-08-04T04:50:00+00:00,1.0808,1.081,1.0798,1.0802,20438.67803
2026-08-04T04:55:00+00:00,1.0802,1.0803,1.0781,1.0782,89933.248327
2026-08-04T05:00:00+00:00,1.0783,1.0791,1.0773,1.0775,80055.508601
2026-08-04T05:05:00+00:00,1.0774,1.0776,1.0767,1.0767,72981.740421
2026-08-04T05:10:00+00:00,1.0767,1.0768,1.0758,1.0761,31592.967903
2026-08-04T05:15:00+00:00,1.0761,1.077,1.0758,1.0765,273571.309345
2026-08-04T05:20:00+00:00,1.0765,1.0772,1.0763,1.077,24408.103723
2026-08-04T05:25:00+00:00,1.0769,1.077,1.0761,1.0764,68257.663748
2026-08-04T05:30:00+00:00,1.0763,1.0765,1.0757,1.0762,30259.390335
2026-08-04T05:35:00+00:00,1.076,1.0762,1.0759,1.076,32756.700289
2026-08-04T05:40:00+00:00,1.0759,1.0762,1.0759,1.0762,15886.209408
2026-08-04T05:45:00+00:00,1.0762,1.0762,1.0754,1.0755,16310.899952
2026-08-04T05:50:00+00:00,1.0756,1.0756,1.0751,1.0753,13542.399659
2026-08-04T05:55:00+00:00,1.0753,1.0756,1.0751,1.0754,9639.605692
2026-08-04T06:00:00+00:00,1.0753,1.0757,1.0742,1.0755,179402.00259
2026-08-04T06:05:00+00:00,1.0754,1.0755,1.0748,1.0753,30096.579132
2026-08-04T06:10:00+00:00,1.0753,1.0757,1.0746,1.075,23089.090566
2026-08-04T06:15:00+00:00,1.075,1.0762,1.0748,1.076,210054.109074
2026-08-04T06:20:00+00:00,1.0759,1.076,1.0752,1.0753,21387.992821
2026-08-04T06:25:00+00:00,1.0752,1.0755,1.0741,1.0742,208237.019304
2026-08-04T06:30:00+00:00,1.0742,1.0749,1.0742,1.0746,46191.099372
2026-08-04T06:35:00+00:00,1.0745,1.0745,1.072,1.0722,118614.984309
2026-08-04T06:40:00+00:00,1.0721,1.0729,1.0718,1.0721,163388.17723
2026-08-04T06:45:00+00:00,1.0721,1.0726,1.0718,1.072,68743.32733
2026-08-04T06:50:00+00:00,1.0721,1.0725,1.072,1.0724,3483.541509
2026-08-04T06:55:00+00:00,1.0724,1.073,1.0723,1.073,16641.970402
2026-08-04T07:00:00+00:00,1.073,1.0736,1.0723,1.0733,36223.336061
2026-08-04T07:05:00+00:00,1.0733,1.0734,1.0726,1.0728,31671.397735
2026-08-04T07:10:00+00:00,1.0728,1.073,1.0724,1.0727,15676.883584
2026-08-04T07:15:00+00:00,1.0726,1.0727,1.0714,1.0714,9809.041569
2026-08-04T07:20:00+00:00,1.0713,1.072,1.0708,1.072,45812.748284
2026-08-04T07:25:00+00:00,1.072,1.0736,1.072,1.0735,26622.530514
2026-08-04T07:30:00+00:00,1.0736,1.0761,1.0734,1.0749,80085.274946
2026-08-04T07:35:00+00:00,1.0749,1.0755,1.0745,1.0746,26188.502592
2026-08-04T07:40:00+00:00,1.0747,1.0751,1.0743,1.0746,24852.522957
2026-08-04T07:45:00+00:00,1.0746,1.0758,1.0746,1.0758,55246.232672
2026-08-04T07:50:00+00:00,1.0758,1.076,1.0755,1.076,13968.532961
2026-08-04T07:55:00+00:00,1.0759,1.0784,1.0755,1.0776,612491.876803
2026-08-04T08:00:00+00:00,1.0776,1.0786,1.0774,1.0775,48333.926749
2026-08-04T08:05:00+00:00,1.0775,1.078,1.0764,1.0767,96435.098856
2026-08-04T08:10:00+00:00,1.0766,1.0769,1.0758,1.0761,46364.375634
2026-08-04T08:15:00+00:00,1.0759,1.0759,1.0743,1.0745,14482.109409
2026-08-04T08:20:00+00:00,1.0745,1.0747,1.0741,1.0745,41175.57491
2026-08-04T08:25:00+00:00,1.0745,1.0753,1.0743,1.0745,31760.270632
2026-08-04T08:30:00+00:00,1.0745,1.0745,1.0729,1.0737,29267.400642
2026-08-04T08:35:00+00:00,1.0735,1.0745,1.0735,1.0745,21140.476835
2026-08-04T08:40:00+00:00,1.0744,1.0748,1.0735,1.0748,98980.866418
2026-08-04T08:45:00+00:00,1.0747,1.0747,1.0734,1.074,33513.817048
2026-08-04T08:50:00+00:00,1.0739,1.0741,1.0737,1.074,11884.48537
2026-08-04T08:55:00+00:00,1.074,1.0742,1.0737,1.0737,9799.755101
2026-08-04T09:00:00+00:00,1.0735,1.0738,1.0733,1.0738,12902.943383
2026-08-04T09:05:00+00:00,1.0737,1.0738,1.0725,1.0727,49624.828979
2026-08-04T09:10:00+00:00,1.0726,1.073,1.0725,1.0726,12127.585664
2026-08-04T09:15:00+00:00,1.0725,1.0728,1.0713,1.0714,8734.704105
2026-08-04T09:20:00+00:00,1.0714,1.0729,1.0714,1.0728,32221.819318
2026-08-04T09:25:00+00:00,1.0729,1.0729,1.0726,1.0726,1584.707543
2026-08-04T09:30:00+00:00,1.0725,1.0731,1.0721,1.0731,35918.129108
2026-08-04T09:35:00+00:00,1.0731,1.0733,1.0726,1.0726,39366.593013
2026-08-04T09:40:00+00:00,1.0729,1.0731,1.0727,1.0728,13699.54333
2026-08-04T09:45:00+00:00,1.0727,1.0727,1.0719,1.0722,49765.567876
2026-08-04T09:50:00+00:00,1.0722,1.0726,1.072,1.0725,9726.182414
2026-08-04T09:55:00+00:00,1.0724,1.0725,1.0719,1.072,61808.345416
2026-08-04T10:00:00+00:00,1.0719,1.0722,1.0715,1.0719,129015.897433
2026-08-04T10:05:00+00:00,1.0719,1.0722,1.0717,1.0718,79190.492695
2026-08-04T10:10:00+00:00,1.0718,1.072,1.0691,1.0704,841676.194911
2026-08-04T10:15:00+00:00,1.0703,1.0703,1.0688,1.0698,343333.591682
2026-08-04T10:20:00+00:00,1.0698,1.0709,1.0696,1.0699,193063.294317
2026-08-04T10:25:00+00:00,1.0699,1.0703,1.0694,1.0696,23369.506925
2026-08-04T10:30:00+00:00,1.0696,1.0704,1.0695,1.07,161133.243862
2026-08-04T10:35:00+00:00,1.07,1.0705,1.0697,1.0703,69528.854164
2026-08-04T10:40:00+00:00,1.0703,1.0728,1.0703,1.0727,150292.015862
2026-08-04T10:45:00+00:00,1.0726,1.076,1.0723,1.0744,164763.249204
2026-08-04T10:50:00+00:00,1.0743,1.0752,1.0739,1.0742,37062.458495
2026-08-04T10:55:00+00:00,1.0742,1.0753,1.0741,1.0742,59579.525037
2026-08-04T11:00:00+00:00,1.0742,1.0749,1.0737,1.0746,98821.440117
2026-08-04T11:05:00+00:00,1.0746,1.0747,1.0722,1.0735,366743.755801
2026-08-04T11:10:00+00:00,1.0735,1.0738,1.0732,1.0734,11510.864977
2026-08-04T11:15:00+00:00,1.0732,1.0734,1.0728,1.0733,25763.879546
2026-08-04T11:20:00+00:00,1.0733,1.0743,1.0731,1.0735,39880.73035
2026-08-04T11:25:00+00:00,1.0736,1.0742,1.0735,1.0742,23696.025779
2026-08-04T11:30:00+00:00,1.0742,1.0743,1.0732,1.0734,32589.997741
2026-08-04T11:35:00+00:00,1.0733,1.0736,1.073,1.0736,26499.33838
2026-08-04T11:40:00+00:00,1.0735,1.0753,1.0729,1.075,91029.638406
2026-08-04T11:45:00+00:00,1.075,1.0763,1.0747,1.0762,40486.466111
2026-08-04T11:50:00+00:00,1.0763,1.0773,1.0761,1.0773,118590.218757
2026-08-04T11:55:00+00:00,1.0773,1.0783,1.077,1.0782,164666.577936
2026-08-04T12:00:00+00:00,1.0781,1.0781,1.0762,1.0766,134955.250902
2026-08-04T12:05:00+00:00,1.0765,1.0765,1.0756,1.0763,82906.122754
2026-08-04T12:10:00+00:00,1.0763,1.0763,1.0752,1.0753,54116.769686
2026-08-04T12:15:00+00:00,1.0753,1.0753,1.0744,1.0746,48651.41891
2026-08-04T12:20:00+00:00,1.0746,1.0755,1.0743,1.0749,31740.850383
2026-08-04T12:25:00+00:00,1.0749,1.0755,1.0748,1.0753,39074.552506
2026-08-04T12:30:00+00:00,1.0753,1.0766,1.0748,1.0766,53931.130487
2026-08-04T12:35:00+00:00,1.0766,1.0783,1.0765,1.0779,104563.50352
2026-08-04T12:40:00+00:00,1.0778,1.078,1.0767,1.0769,92986.98558
2026-08-04T12:45:00+00:00,1.077,1.077,1.0756,1.0756,22282.465802
2026-08-04T12:50:00+00:00,1.0757,1.0767,1.0755,1.0757,80009.593357
2026-08-04T12:55:00+00:00,1.0765,1.0767,1.0754,1.0755,196520.29293
2026-08-04T13:00:00+00:00,1.0753,1.0765,1.074,1.076,165808.884807
2026-08-04T13:05:00+00:00,1.0759,1.0763,1.0754,1.0756,106749.926208
2026-08-04T13:10:00+00:00,1.0757,1.0763,1.0754,1.0755,43953.38028
2026-08-04T13:15:00+00:00,1.0754,1.0754,1.074,1.0741,31093.151852
2026-08-04T13:20:00+00:00,1.074,1.0774,1.0736,1.0737,398532.576617
2026-08-04T13:25:00+00:00,1.0736,1.0749,1.0734,1.0747,163736.656436
2026-08-04T13:30:00+00:00,1.0747,1.0768,1.0736,1.0763,190933.594225
2026-08-04T13:35:00+00:00,1.0764,1.0779,1.0756,1.0772,531560.380999
2026-08-04T13:40:00+00:00,1.0772,1.0777,1.0761,1.0762,53578.096166
2026-08-04T13:45:00+00:00,1.0761,1.0763,1.0727,1.0739,386729.729235
2026-08-04T13:50:00+00:00,1.074,1.0753,1.0725,1.0732,526461.083799
2026-08-04T13:55:00+00:00,1.0731,1.0732,1.0705,1.071,242848.957096
2026-08-04T14:00:00+00:00,1.0711,1.0725,1.07,1.0724,206694.17297
2026-08-04T14:05:00+00:00,1.0724,1.0733,1.0718,1.0719,143886.375916
2026-08-04T14:10:00+00:00,1.0718,1.0732,1.0712,1.0726,58402.815782
2026-08-04T14:15:00+00:00,1.0725,1.073,1.07,1.0708,192673.813955
2026-08-04T14:20:00+00:00,1.0708,1.072,1.0699,1.0714,240708.933646
2026-08-04T14:25:00+00:00,1.0713,1.0732,1.0711,1.0731,131867.805376
2026-08-04T14:30:00+00:00,1.0732,1.0735,1.0715,1.0722,125691.144025
2026-08-04T14:35:00+00:00,1.0722,1.0745,1.0721,1.0737,389725.312342
2026-08-04T14:40:00+00:00,1.0735,1.0758,1.0735,1.0752,382655.469261
2026-08-04T14:45:00+00:00,1.0753,1.0762,1.0742,1.0743,119954.438774
2026-08-04T14:50:00+00:00,1.0743,1.075,1.0739,1.0747,150687.125407
2026-08-04T14:55:00+00:00,1.0745,1.0758,1.0742,1.0752,123722.658908
2026-08-04T15:00:00+00:00,1.0753,1.0765,1.0746,1.0756,171472.227611
2026-08-04T15:05:00+00:00,1.0755,1.076,1.0745,1.0751,229389.437044
2026-08-04T15:10:00+00:00,1.0751,1.0754,1.0738,1.0743,209951.773392
2026-08-04T15:15:00+00:00,1.0742,1.0751,1.0738,1.0744,285314.796555
2026-08-04T15:20:00+00:00,1.0744,1.0753,1.0743,1.0745,66858.252397
2026-08-04T15:25:00+00:00,1.0745,1.075,1.0721,1.0726,305213.712487
2026-08-04T15:30:00+00:00,1.0727,1.0736,1.0718,1.0719,281113.448669
2026-08-04T15:35:00+00:00,1.0718,1.0737,1.0714,1.0728,271775.831955
2026-08-04T15:40:00+00:00,1.0728,1.0763,1.0725,1.076,171539.762415
2026-08-04T15:45:00+00:00,1.076,1.0793,1.0753,1.0778,558095.926907
2026-08-04T15:50:00+00:00,1.0776,1.0781,1.0764,1.0769,181129.268468
2026-08-04T15:55:00+00:00,1.0768,1.0773,1.0764,1.0764,33251.306516
2026-08-04T16:00:00+00:00,1.0766,1.0767,1.0748,1.0752,73919.539817
2026-08-04T16:05:00+00:00,1.0751,1.0752,1.0738,1.0749,112454.349605
2026-08-04T16:10:00+00:00,1.0749,1.0757,1.0745,1.0751,84413.456883
2026-08-04T16:15:00+00:00,1.075,1.0762,1.0746,1.0758,153434.616747
2026-08-04T16:20:00+00:00,1.0759,1.0765,1.0753,1.0759,87905.5035
2026-08-04T16:25:00+00:00,1.0758,1.0766,1.0752,1.0754,84176.033556
2026-08-04T16:30:00+00:00,1.0752,1.0757,1.0747,1.0753,40611.26154
2026-08-04T16:35:00+00:00,1.075,1.0757,1.0735,1.0745,78462.990056
2026-08-04T16:40:00+00:00,1.0743,1.0745,1.0729,1.0736,73184.902067
2026-08-04T16:45:00+00:00,1.0738,1.0746,1.0737,1.0743,57514.61318
2026-08-04T16:50:00+00:00,1.0742,1.0746,1.0727,1.0728,41251.347817
2026-08-04T16:55:00+00:00,1.0727,1.0739,1.0727,1.0737,97495.523585
2026-08-04T17:00:00+00:00,1.0736,1.0762,1.0736,1.0762,112863.560939
2026-08-04T17:05:00+00:00,1.0759,1.0776,1.0755,1.0766,201046.682147
2026-08-04T17:10:00+00:00,1.0766,1.0766,1.0751,1.0757,213737.904905
2026-08-04T17:15:00+00:00,1.0757,1.0758,1.0748,1.0752,50480.412708
2026-08-04T17:20:00+00:00,1.0753,1.0762,1.0743,1.0744,63985.842221
2026-08-04T17:25:00+00:00,1.0745,1.0765,1.0744,1.0761,94577.983236
2026-08-04T17:30:00+00:00,1.076,1.0762,1.0749,1.076,68134.800617
2026-08-04T17:35:00+00:00,1.076,1.0763,1.0754,1.076,89928.039144
2026-08-04T17:40:00+00:00,1.076,1.0767,1.0757,1.076,90775.08377
2026-08-04T17:45:00+00:00,1.076,1.0762,1.074,1.0744,207270.751984
2026-08-04T17:50:00+00:00,1.0742,1.0743,1.0719,1.0733,359408.114942
2026-08-04T17:55:00+00:00,1.0732,1.0732,1.0722,1.073,158740.877423
2026-08-04T18:00:00+00:00,1.0729,1.075,1.0729,1.0748,123554.751057
2026-08-04T18:05:00+00:00,1.0747,1.0769,1.0747,1.0755,121966.838169
2026-08-04T18:10:00+00:00,1.0754,1.0774,1.0748,1.0774,74532.423649
2026-08-04T18:15:00+00:00,1.0774,1.0787,1.0764,1.0781,394149.786853
2026-08-04T18:20:00+00:00,1.0781,1.0792,1.0775,1.0788,800164.251079
2026-08-04T18:25:00+00:00,1.0787,1.0791,1.0781,1.0785,84213.505233
2026-08-04T18:30:00+00:00,1.0786,1.0787,1.0772,1.0773,152074.915834
2026-08-04T18:35:00+00:00,1.0773,1.0775,1.0761,1.0765,157012.265625
2026-08-04T18:40:00+00:00,1.0763,1.0764,1.0755,1.0763,134370.364234
2026-08-04T18:45:00+00:00,1.0763,1.0767,1.0758,1.0765,123259.354064
2026-08-04T18:50:00+00:00,1.0764,1.0768,1.076,1.0768,60013.142442
2026-08-04T18:55:00+00:00,1.0769,1.0769,1.076,1.0764,58400.037913
2026-08-04T19:00:00+00:00,1.0762,1.0766,1.0758,1.0763,123510.684462
2026-08-04T19:05:00+00:00,1.0762,1.0763,1.0755,1.0763,154818.380287
2026-08-04T19:10:00+00:00,1.0761,1.0772,1.0758,1.0772,144117.362633
2026-08-04T19:15:00+00:00,1.0772,1.0776,1.076,1.0763,111406.535892
2026-08-04T19:20:00+00:00,1.0763,1.0765,1.0753,1.0756,96079.938015
2026-08-04T19:25:00+00:00,1.0756,1.0765,1.0756,1.076,41421.639454
2026-08-04T19:30:00+00:00,1.0759,1.0811,1.0759,1.0793,685537.999121
2026-08-04T19:35:00+00:00,1.0792,1.081,1.0779,1.0789,204084.71809
2026-08-04T19:40:00+00:00,1.0789,1.0798,1.0782,1.0797,99219.196571
2026-08-04T19:45:00+00:00,1.0797,1.0798,1.0785,1.0793,76208.945462
2026-08-04T19:50:00+00:00,1.0791,1.0791,1.0785,1.0787,78007.437041
2026-08-04T19:55:00+00:00,1.0787,1.0823,1.0787,1.0795,763973.21421
2026-08-04T20:00:00+00:00,1.0794,1.0797,1.0778,1.0779,226211.61197
2026-08-04T20:05:00+00:00,1.0779,1.0791,1.0776,1.0791,113940.504827
2026-08-04T20:10:00+00:00,1.079,1.0791,1.0778,1.0784,94474.659464
2026-08-04T20:15:00+00:00,1.0783,1.0783,1.0736,1.074,256997.549941
2026-08-04T20:20:00+00:00,1.074,1.0759,1.074,1.0757,106072.71769
2026-08-04T20:25:00+00:00,1.0757,1.0758,1.0749,1.0758,63237.127481
2026-08-04T20:30:00+00:00,1.0759,1.0767,1.0755,1.0758,80584.409007
2026-08-04T20:35:00+00:00,1.0758,1.0771,1.0756,1.0771,50912.336959
2026-08-04T20:40:00+00:00,1.0771,1.0794,1.0771,1.0787,242668.271396
2026-08-04T20:45:00+00:00,1.0788,1.0788,1.0778,1.0781,45037.572835
2026-08-04T20:50:00+00:00,1.078,1.0781,1.0769,1.0769,77899.196225
2026-08-04T20:55:00+00:00,1.077,1.0775,1.0766,1.0773,104187.775739
2026-08-04T21:00:00+00:00,1.0773,1.0776,1.0763,1.0773,567297.037995
2026-08-04T21:05:00+00:00,1.0773,1.0775,1.0765,1.0772,115435.304573
2026-08-04T21:10:00+00:00,1.0771,1.0776,1.0761,1.0764,153956.446794
2026-08-04T21:15:00+00:00,1.0764,1.0769,1.0761,1.0763,31879.32644
2026-08-04T21:20:00+00:00,1.0763,1.0774,1.0762,1.0772,32888.737535
2026-08-04T21:25:00+00:00,1.0774,1.0774,1.0764,1.0766,31727.385147
2026-08-04T21:30:00+00:00,1.0765,1.0767,1.076,1.0761,30688.526786
2026-08-04T21:35:00+00:00,1.0761,1.0768,1.076,1.0764,54413.588271
2026-08-04T21:40:00+00:00,1.0764,1.0767,1.0761,1.0764,46837.432716
2026-08-04T21:45:00+00:00,1.0764,1.0764,1.0755,1.0761,16904.562653
2026-08-04T21:50:00+00:00,1.0761,1.0762,1.0751,1.0752,71466.389796
2026-08-04T21:55:00+00:00,1.0752,1.076,1.0752,1.0754,56283.522799
2026-08-04T22:00:00+00:00,1.0753,1.0756,1.0736,1.0748,332024.760502
2026-08-04T22:05:00+00:00,1.0749,1.0752,1.0747,1.0751,40674.107751
2026-08-04T22:10:00+00:00,1.0752,1.0754,1.0748,1.0751,52606.770428
2026-08-04T22:15:00+00:00,1.0751,1.0754,1.0746,1.0753,177681.953343
2026-08-04T22:20:00+00:00,1.0753,1.0764,1.075,1.0754,191511.256878
2026-08-04T22:25:00+00:00,1.0754,1.0762,1.075,1.0759,73526.374567
2026-08-04T22:30:00+00:00,1.0758,1.0767,1.0755,1.0756,48553.354498
2026-08-04T22:35:00+00:00,1.0756,1.0756,1.0749,1.075,87298.27767
2026-08-04T22:40:00+00:00,1.075,1.0754,1.0747,1.0749,38207.709185
2026-08-04T22:45:00+00:00,1.0749,1.0752,1.0747,1.0748,48575.723154
2026-08-04T22:50:00+00:00,1.0748,1.0748,1.0744,1.0747,177558.387431
2026-08-04T22:55:00+00:00,1.0748,1.0754,1.0746,1.0754,60456.766158
2026-08-04T23:00:00+00:00,1.0754,1.0756,1.0746,1.0755,68089.724481
2026-08-04T23:05:00+00:00,1.0754,1.0776,1.0754,1.0768,281077.871727
2026-08-04T23:10:00+00:00,1.0768,1.0778,1.0767,1.0775,247728.915344
2026-08-04T23:15:00+00:00,1.0774,1.0784,1.0772,1.0776,114468.30413
2026-08-04T23:20:00+00:00,1.0775,1.0775,1.0752,1.0754,143894.804853
2026-08-04T23:25:00+00:00,1.0751,1.0756,1.073,1.0736,531158.750794
2026-08-04T23:30:00+00:00,1.0735,1.0739,1.0728,1.0729,257826.26299
2026-08-04T23:35:00+00:00,1.0729,1.0735,1.0727,1.0734,88563.898869
2026-08-04T23:40:00+00:00,1.0734,1.0751,1.0733,1.0742,88312.907357
2026-08-04T23:45:00+00:00,1.0742,1.0744,1.0728,1.0738,140371.262549
2026-08-04T23:45:00+00:00,1.0742,1.0744,1.0728,1.0738,140371.262549
2026-08-04T23:50:00+00:00,1.0739,1.0739,1.0731,1.0734,83799.828746
2026-08-04T23:55:00+00:00,1.0732,1.0733,1.0727,1.073,50217.738862
2026-08-05T00:00:00+00:00,1.0729,1.073,1.0722,1.0724,73019.722087
2026-08-05T00:05:00+00:00,1.0723,1.0725,1.0712,1.0715,91521.424017
2026-08-05T00:10:00+00:00,1.0714,1.0719,1.0709,1.0717,149988.92149
2026-08-05T00:15:00+00:00,1.0715,1.0719,1.071,1.0714,66353.278682
2026-08-05T00:20:00+00:00,1.0714,1.0714,1.0706,1.0712,56273.560181
2026-08-05T00:25:00+00:00,1.0712,1.0713,1.0704,1.0712,60914.313483
2026-08-05T00:30:00+00:00,1.0712,1.0729,1.0712,1.0723,433442.278661
2026-08-05T00:35:00+00:00,1.0723,1.0736,1.0718,1.072,89409.413015
2026-08-05T00:40:00+00:00,1.0719,1.0719,1.07,1.0709,81345.520625
2026-08-05T00:45:00+00:00,1.0708,1.0711,1.0692,1.0695,93937.987681
2026-08-05T00:50:00+00:00,1.0694,1.07,1.0685,1.0693,98987.431774
2026-08-05T00:55:00+00:00,1.0694,1.0697,1.0692,1.0696,123287.10067
2026-08-05T01:00:00+00:00,1.0694,1.0695,1.0677,1.0683,237468.269883
2026-08-05T01:05:00+00:00,1.0681,1.069,1.0681,1.069,86356.562186
2026-08-05T01:10:00+00:00,1.0689,1.0692,1.0685,1.0689,113927.036919
2026-08-05T01:15:00+00:00,1.0687,1.0689,1.0676,1.0682,60316.331033
2026-08-05T01:20:00+00:00,1.0683,1.0695,1.0682,1.0691,82060.280774
2026-08-05T01:25:00+00:00,1.069,1.0699,1.0684,1.0699,203986.279253
2026-08-05T01:30:00+00:00,1.0698,1.0709,1.0695,1.07,114240.659899
2026-08-05T01:35:00+00:00,1.07,1.0723,1.0699,1.0723,43309.6633
2026-08-05T01:40:00+00:00,1.0723,1.0729,1.0705,1.0706,49331.267438
2026-08-05T01:45:00+00:00,1.0705,1.0717,1.0705,1.0717,58932.157477
2026-08-05T01:50:00+00:00,1.0717,1.0727,1.0712,1.0725,46728.306677
2026-08-05T01:55:00+00:00,1.0725,1.0728,1.0718,1.0724,135723.823188
2026-08-05T02:00:00+00:00,1.0723,1.0756,1.0721,1.0742,193694.04295
2026-08-05T02:05:00+00:00,1.0742,1.0745,1.0735,1.074,71909.734558
2026-08-05T02:10:00+00:00,1.074,1.0746,1.0733,1.0742,276785.339916
2026-08-05T02:15:00+00:00,1.0741,1.0741,1.0719,1.072,213831.727705
2026-08-05T02:20:00+00:00,1.0719,1.0735,1.0719,1.0729,101850.300142
2026-08-05T02:25:00+00:00,1.0728,1.0742,1.0728,1.0735,102808.568704
2026-08-05T02:30:00+00:00,1.0735,1.075,1.073,1.0749,336203.551459
2026-08-05T02:35:00+00:00,1.0748,1.075,1.0736,1.0742,96064.227297
2026-08-05T02:40:00+00:00,1.0742,1.0752,1.0742,1.0752,453541.155095
2026-08-05T02:45:00+00:00,1.0752,1.0761,1.0748,1.0753,113967.932751
2026-08-05T02:50:00+00:00,1.0752,1.0756,1.0742,1.0748,66839.639467
2026-08-05T02:55:00+00:00,1.0747,1.0747,1.0728,1.0733,115040.692867
2026-08-05T03:00:00+00:00,1.0732,1.0741,1.0711,1.0713,89009.669831
2026-08-05T03:05:00+00:00,1.0714,1.0718,1.0702,1.0702,113103.223925
2026-08-05T03:10:00+00:00,1.0703,1.0713,1.0702,1.0702,142839.375858
2026-08-05T03:15:00+00:00,1.0702,1.0702,1.0659,1.0664,694938.673189
2026-08-05T03:20:00+00:00,1.0664,1.0676,1.0661,1.0668,246581.842512
2026-08-05T03:25:00+00:00,1.0667,1.0668,1.0653,1.0655,217067.016034
2026-08-05T03:30:00+00:00,1.0655,1.0667,1.0654,1.0667,53839.329326
2026-08-05T03:35:00+00:00,1.0665,1.0676,1.0665,1.0675,110640.558116
2026-08-05T03:40:00+00:00,1.0674,1.0674,1.0665,1.0666,130785.649414
2026-08-05T03:45:00+00:00,1.0666,1.0672,1.0666,1.0668,60816.323684
2026-08-05T03:50:00+00:00,1.0668,1.0675,1.0665,1.0672,25380.96545
2026-08-05T03:55:00+00:00,1.0671,1.0674,1.0667,1.0668,29030.94854
2026-08-05T04:00:00+00:00,1.0669,1.0671,1.0662,1.0663,139044.941076
2026-08-05T04:05:00+00:00,1.0663,1.0672,1.0661,1.067,88807.278459
2026-08-05T04:10:00+00:00,1.067,1.0672,1.0663,1.0663,43114.385223
2026-08-05T04:15:00+00:00,1.0663,1.0669,1.0656,1.0667,34337.664671
2026-08-05T04:20:00+00:00,1.0668,1.0671,1.0663,1.0664,44963.174256
2026-08-05T04:25:00+00:00,1.0664,1.0666,1.0659,1.0665,219817.547126
2026-08-05T04:30:00+00:00,1.0665,1.0673,1.0661,1.067,56926.339992
2026-08-05T04:35:00+00:00,1.0669,1.0672,1.0662,1.0664,54012.081417
2026-08-05T04:40:00+00:00,1.0663,1.0666,1.0662,1.0663,9910.702522
2026-08-05T04:45:00+00:00,1.0662,1.0668,1.0662,1.0666,26974.276751
2026-08-05T04:50:00+00:00,1.0666,1.0667,1.0659,1.0663,155112.897878
2026-08-05T04:55:00+00:00,1.0662,1.0668,1.0662,1.0664,28928.856475
2026-08-05T05:00:00+00:00,1.0662,1.0676,1.0661,1.0676,99073.158479
2026-08-05T05:05:00+00:00,1.0676,1.0685,1.0675,1.0678,40752.80823
2026-08-05T05:10:00+00:00,1.0677,1.0683,1.0677,1.0678,26972.333434
2026-08-05T05:15:00+00:00,1.0677,1.0687,1.0677,1.0687,33777.083567
2026-08-05T05:20:00+00:00,1.0686,1.0696,1.0686,1.0694,148910.93063
2026-08-05T05:25:00+00:00,1.0694,1.072,1.0694,1.0707,183372.994443
2026-08-05T05:30:00+00:00,1.0706,1.0706,1.0691,1.0692,101982.40934
2026-08-05T05:35:00+00:00,1.0692,1.0696,1.0688,1.0696,25250.763548
2026-08-05T05:40:00+00:00,1.0696,1.0698,1.0689,1.0695,71481.922885
2026-08-05T05:45:00+00:00,1.0695,1.07,1.0694,1.0695,41063.226923
2026-08-05T05:50:00+00:00,1.0694,1.0701,1.069,1.069,33695.9418
2026-08-05T05:55:00+00:00,1.069,1.0693,1.0688,1.069,22955.154784
2026-08-05T06:00:00+00:00,1.0689,1.0691,1.0679,1.0689,57237.160312
2026-08-05T06:05:00+00:00,1.0688,1.069,1.0679,1.069,41850.533566
2026-08-05T06:10:00+00:00,1.0688,1.0693,1.0686,1.0686,34175.075314
2026-08-05T06:15:00+00:00,1.0685,1.0687,1.068,1.0684,39684.374328
2026-08-05T06:20:00+00:00,1.0684,1.0686,1.0678,1.0685,96037.10299
2026-08-05T06:25:00+00:00,1.0685,1.0686,1.0678,1.0681,47395.362279
2026-08-05T06:30:00+00:00,1.068,1.0691,1.0679,1.0691,92473.82225
2026-08-05T06:35:00+00:00,1.0691,1.0699,1.0689,1.0692,42712.320431
2026-08-05T06:40:00+00:00,1.0692,1.0694,1.0686,1.0687,67592.396486
2026-08-05T06:45:00+00:00,1.0687,1.0687,1.0678,1.0686,63399.815557
2026-08-05T06:50:00+00:00,1.0685,1.0685,1.0675,1.0678,48127.409881
2026-08-05T06:55:00+00:00,1.0679,1.068,1.0676,1.0679,27041.253131
2026-08-05T07:00:00+00:00,1.0679,1.0683,1.0671,1.0673,173012.482033
2026-08-05T07:05:00+00:00,1.0673,1.0674,1.0664,1.0665,65024.657587
2026-08-05T07:10:00+00:00,1.0664,1.0665,1.0654,1.0661,99518.896825
2026-08-05T07:15:00+00:00,1.0661,1.0661,1.0648,1.0651,146021.522404
2026-08-05T07:20:00+00:00,1.065,1.065,1.063,1.064,252977.748252
2026-08-05T07:25:00+00:00,1.0638,1.0642,1.0635,1.064,119024.461286
2026-08-05T07:30:00+00:00,1.0638,1.0644,1.0634,1.0639,24679.933559
2026-08-05T07:35:00+00:00,1.0639,1.0645,1.0638,1.0643,20025.515083
2026-08-05T07:40:00+00:00,1.0643,1.0647,1.064,1.0643,27225.718385
2026-08-05T07:45:00+00:00,1.0644,1.0648,1.0641,1.0641,27270.708783
2026-08-05T07:50:00+00:00,1.0645,1.0646,1.0641,1.0642,25661.781909
2026-08-05T07:55:00+00:00,1.0642,1.0664,1.0642,1.0663,116533.370399
2026-08-05T08:00:00+00:00,1.0663,1.0669,1.0659,1.0663,44906.49155
2026-08-05T08:05:00+00:00,1.0662,1.0662,1.0648,1.0656,28165.114517
2026-08-05T08:10:00+00:00,1.0656,1.0665,1.0652,1.0653,48598.828337
2026-08-05T08:15:00+00:00,1.0651,1.0655,1.0647,1.0655,36579.57692
2026-08-05T08:20:00+00:00,1.0654,1.0657,1.0649,1.0657,69014.529869
2026-08-05T08:25:00+00:00,1.0656,1.0664,1.0654,1.0663,54328.185646
2026-08-05T08:30:00+00:00,1.0663,1.0665,1.0654,1.0657,14317.44329
2026-08-05T08:35:00+00:00,1.0656,1.0661,1.0655,1.0656,24217.000985
2026-08-05T08:40:00+00:00,1.0655,1.0657,1.0645,1.0648,10859.077826
2026-08-05T08:45:00+00:00,1.0649,1.0649,1.0642,1.0647,64732.905365
2026-08-05T08:50:00+00:00,1.0646,1.065,1.0645,1.0647,22823.700866
2026-08-05T08:55:00+00:00,1.0648,1.065,1.0644,1.0649,61547.250709
2026-08-05T09:00:00+00:00,1.0649,1.0649,1.064,1.0648,22598.487814
2026-08-05T09:05:00+00:00,1.0647,1.0653,1.0647,1.0651,40984.072585
2026-08-05T09:10:00+00:00,1.0651,1.0651,1.0645,1.0647,52255.093301
2026-08-05T09:15:00+00:00,1.0646,1.0656,1.0645,1.0651,43088.801143
2026-08-05T09:20:00+00:00,1.0651,1.0658,1.0648,1.0651,75891.384604
2026-08-05T09:25:00+00:00,1.065,1.0654,1.0647,1.0654,29393.072309
2026-08-05T09:30:00+00:00,1.0653,1.0656,1.0653,1.0656,28032.197731
2026-08-05T09:35:00+00:00,1.0655,1.0661,1.0655,1.0658,42853.432414
2026-08-05T09:40:00+00:00,1.0658,1.0658,1.065,1.0653,11650.397233
2026-08-05T09:45:00+00:00,1.0654,1.0654,1.0648,1.065,45906.270264
2026-08-05T09:50:00+00:00,1.065,1.065,1.0641,1.0642,29024.982133
2026-08-05T09:55:00+00:00,1.0642,1.0645,1.0636,1.0638,50460.789054
2026-08-05T10:00:00+00:00,1.0638,1.064,1.0631,1.0637,255293.40393
2026-08-05T10:05:00+00:00,1.0638,1.0639,1.0624,1.0627,50537.606296
2026-08-05T10:10:00+00:00,1.0625,1.0625,1.061,1.0613,158174.50003
2026-08-05T10:15:00+00:00,1.0613,1.0614,1.0603,1.061,135779.887008
2026-08-05T10:20:00+00:00,1.061,1.0613,1.0607,1.0613,29153.782823
2026-08-05T10:25:00+00:00,1.0613,1.0627,1.0613,1.0622,65677.534305
2026-08-05T10:30:00+00:00,1.0618,1.0621,1.0613,1.0621,46906.749822
2026-08-05T10:35:00+00:00,1.0621,1.0628,1.062,1.0628,59205.739839
2026-08-05T10:40:00+00:00,1.0628,1.0631,1.0622,1.0625,30691.091713
2026-08-05T10:45:00+00:00,1.0625,1.0629,1.0608,1.0615,60337.329867
2026-08-05T10:50:00+00:00,1.0613,1.0621,1.0607,1.0608,113103.602124
2026-08-05T10:55:00+00:00,1.0607,1.0613,1.0607,1.0609,21388.478546
2026-08-05T11:00:00+00:00,1.0609,1.0615,1.0608,1.0609,39784.042362
2026-08-05T11:05:00+00:00,1.0608,1.0619,1.0608,1.0618,64555.73683
2026-08-05T11:10:00+00:00,1.0618,1.0618,1.0595,1.0605,300802.039283
2026-08-05T11:15:00+00:00,1.0605,1.0605,1.0597,1.0602,31312.773455
2026-08-05T11:20:00+00:00,1.0601,1.0608,1.06,1.0606,52429.335012
2026-08-05T11:25:00+00:00,1.0606,1.0606,1.0592,1.0599,323391.72265
2026-08-05T11:30:00+00:00,1.0598,1.0604,1.0592,1.0601,75505.636787
2026-08-05T11:35:00+00:00,1.06,1.0602,1.0593,1.0601,61479.436455
2026-08-05T11:40:00+00:00,1.0601,1.0604,1.0595,1.0596,85030.183096
2026-08-05T11:45:00+00:00,1.0596,1.0608,1.0594,1.0607,72349.155717
2026-08-05T11:50:00+00:00,1.0608,1.0608,1.0596,1.0599,101770.488166
2026-08-05T11:55:00+00:00,1.0599,1.0603,1.0598,1.0603,49714.748911
2026-08-05T12:00:00+00:00,1.0602,1.0606,1.0599,1.0603,65466.359646
2026-08-05T12:05:00+00:00,1.0601,1.0616,1.0598,1.0616,38912.748953
2026-08-05T12:10:00+00:00,1.0616,1.0624,1.0616,1.0621,155457.671392
2026-08-05T12:15:00+00:00,1.062,1.0651,1.0616,1.0651,206014.253069
2026-08-05T12:20:00+00:00,1.0651,1.067,1.0641,1.0661,344519.710491
2026-08-05T12:25:00+00:00,1.0661,1.068,1.0659,1.0671,173991.627442
2026-08-05T12:30:00+00:00,1.0671,1.0676,1.0656,1.0661,189022.978996
2026-08-05T12:35:00+00:00,1.066,1.0663,1.0653,1.0657,189818.897648
2026-08-05T12:40:00+00:00,1.0656,1.0656,1.0648,1.0652,113629.582404
2026-08-05T12:45:00+00:00,1.0652,1.0652,1.0643,1.0645,110728.07723
2026-08-05T12:50:00+00:00,1.0645,1.0646,1.0633,1.0633,35414.753045
2026-08-05T12:55:00+00:00,1.0633,1.0637,1.0628,1.0629,75505.241336
2026-08-05T13:00:00+00:00,1.0628,1.0635,1.0621,1.0625,104091.3094
2026-08-05T13:05:00+00:00,1.0624,1.0628,1.0618,1.0621,259314.993135
2026-08-05T13:10:00+00:00,1.062,1.0628,1.0596,1.0603,456516.667179
2026-08-05T13:15:00+00:00,1.0602,1.0621,1.0599,1.0617,84469.191766
2026-08-05T13:20:00+00:00,1.0617,1.0619,1.0605,1.0609,104591.404406
2026-08-05T13:25:00+00:00,1.0608,1.0608,1.0601,1.0602,81775.181186
2026-08-05T13:30:00+00:00,1.0601,1.0601,1.0542,1.0556,527741.384837
2026-08-05T13:35:00+00:00,1.0553,1.0594,1.0537,1.0589,227659.979725
2026-08-05T13:40:00+00:00,1.0588,1.0602,1.0576,1.0582,191314.405525
2026-08-05T13:45:00+00:00,1.0582,1.0586,1.0564,1.0586,285133.915912
2026-08-05T13:50:00+00:00,1.0585,1.0608,1.0571,1.0592,401774.157488
2026-08-05T13:55:00+00:00,1.0592,1.061,1.0587,1.061,170982.249562
2026-08-05T14:00:00+00:00,1.0609,1.0616,1.06,1.0616,254748.53387
2026-08-05T14:05:00+00:00,1.0617,1.0638,1.0617,1.0624,158205.157007
2026-08-05T14:10:00+00:00,1.0625,1.0638,1.0623,1.0633,124407.456485
2026-08-05T14:15:00+00:00,1.0633,1.0642,1.0627,1.0632,68727.622023
2026-08-05T14:20:00+00:00,1.0631,1.0631,1.0608,1.0613,147414.768725
2026-08-05T14:25:00+00:00,1.0611,1.0626,1.0604,1.0615,188822.864979
2026-08-05T14:30:00+00:00,1.0614,1.0614,1.0592,1.0597,585993.595202
2026-08-05T14:35:00+00:00,1.0597,1.0605,1.0594,1.0594,201016.284602
2026-08-05T14:40:00+00:00,1.0593,1.0613,1.0588,1.061,273172.795074
2026-08-05T14:45:00+00:00,1.0618,1.0625,1.0614,1.0625,101653.480401
2026-08-05T14:50:00+00:00,1.0625,1.0633,1.0602,1.0619,312520.681448
2026-08-05T14:55:00+00:00,1.0619,1.065,1.0618,1.0645,119206.072508
2026-08-05T15:00:00+00:00,1.0645,1.0662,1.0637,1.0644,223498.561505
2026-08-05T15:05:00+00:00,1.0645,1.066,1.0635,1.0656,144397.265511
2026-08-05T15:10:00+00:00,1.066,1.0664,1.0637,1.0637,427646.406473
2026-08-05T15:15:00+00:00,1.0636,1.0642,1.0619,1.0642,377630.102881
2026-08-05T15:20:00+00:00,1.0642,1.0646,1.0628,1.0636,93070.946074
2026-08-05T15:25:00+00:00,1.0635,1.0647,1.0631,1.0635,104960.344516
2026-08-05T15:30:00+00:00,1.0635,1.0652,1.0635,1.0646,45718.356005
2026-08-05T15:35:00+00:00,1.0647,1.066,1.0642,1.0653,113880.898776
2026-08-05T15:40:00+00:00,1.0654,1.0654,1.0634,1.0635,117748.250218
2026-08-05T15:45:00+00:00,1.0633,1.0637,1.0625,1.0628,129624.717735
2026-08-05T15:50:00+00:00,1.0627,1.0627,1.0602,1.0605,270724.788931
2026-08-05T15:55:00+00:00,1.0603,1.0605,1.0596,1.0599,240343.825341
2026-08-05T16:00:00+00:00,1.0598,1.0612,1.0596,1.061,114639.747602
2026-08-05T16:05:00+00:00,1.061,1.0622,1.0609,1.0619,79677.996606
2026-08-05T16:10:00+00:00,1.0619,1.064,1.0617,1.064,85225.266362
2026-08-05T16:15:00+00:00,1.064,1.0647,1.0631,1.0643,194911.624782
2026-08-05T16:20:00+00:00,1.0641,1.0678,1.0641,1.0662,208573.360363
2026-08-05T16:25:00+00:00,1.0663,1.0682,1.0662,1.0674,539375.644509
2026-08-05T16:30:00+00:00,1.0674,1.0677,1.0665,1.0669,82775.675378
2026-08-05T16:35:00+00:00,1.0668,1.0671,1.0659,1.0667,81838.205779
2026-08-05T16:40:00+00:00,1.0666,1.0673,1.0661,1.0668,109014.946169
2026-08-05T16:45:00+00:00,1.0667,1.0668,1.0656,1.0659,74269.050431
2026-08-05T16:50:00+00:00,1.0658,1.0659,1.0652,1.0659,74444.801849
2026-08-05T16:55:00+00:00,1.0657,1.067,1.0656,1.0663,118688.82971
2026-08-05T17:00:00+00:00,1.0662,1.0691,1.0657,1.0675,298563.974828
2026-08-05T17:05:00+00:00,1.0676,1.0676,1.0663,1.0664,97165.198978
2026-08-05T17:10:00+00:00,1.0664,1.0675,1.0659,1.0668,83082.408115
2026-08-05T17:15:00+00:00,1.0667,1.0672,1.0661,1.0671,47338.426027
2026-08-05T17:20:00+00:00,1.0668,1.0671,1.0658,1.067,179258.818336
2026-08-05T17:25:00+00:00,1.0669,1.0673,1.0667,1.0668,72461.515202
2026-08-05T17:30:00+00:00,1.0669,1.0669,1.0661,1.0667,132470.436074
2026-08-05T17:35:00+00:00,1.0667,1.0708,1.0666,1.0704,475757.408346
2026-08-05T17:40:00+00:00,1.0703,1.0707,1.0695,1.0696,233324.377636
2026-08-05T17:45:00+00:00,1.0696,1.0701,1.069,1.0696,143423.035923
2026-08-05T17:50:00+00:00,1.0697,1.0709,1.0693,1.0698,118786.51277
2026-08-05T17:55:00+00:00,1.0697,1.0697,1.0691,1.0692,125874.118747
2026-08-05T18:00:00+00:00,1.0693,1.0694,1.0683,1.0692,100836.978956
2026-08-05T18:05:00+00:00,1.0692,1.0695,1.0684,1.0685,69701.622434
2026-08-05T18:10:00+00:00,1.0685,1.0705,1.0683,1.0704,175594.566019
2026-08-05T18:15:00+00:00,1.0705,1.0711,1.0694,1.0697,115970.000038
2026-08-05T18:20:00+00:00,1.0697,1.0723,1.0697,1.0699,84579.324265
2026-08-05T18:25:00+00:00,1.0698,1.0705,1.0691,1.0701,175103.164609
2026-08-05T18:30:00+00:00,1.07,1.07,1.0681,1.0688,148872.97428
2026-08-05T18:35:00+00:00,1.0687,1.0701,1.0683,1.0701,192214.723057
2026-08-05T18:40:00+00:00,1.07,1.07,1.069,1.07,151707.164244
2026-08-05T18:45:00+00:00,1.07,1.0705,1.0685,1.0687,151432.235569
2026-08-05T18:50:00+00:00,1.0687,1.0691,1.0675,1.0677,101777.885129
2026-08-05T18:55:00+00:00,1.0676,1.0685,1.0676,1.0685,38189.282359
2026-08-05T19:00:00+00:00,1.0684,1.0693,1.0674,1.0693,144722.977083
2026-08-05T19:05:00+00:00,1.0692,1.0698,1.0682,1.0682,118598.710046
2026-08-05T19:10:00+00:00,1.0681,1.069,1.0679,1.0685,139985.567184
2026-08-05T19:15:00+00:00,1.0686,1.0688,1.068,1.0681,76289.687516
2026-08-05T19:20:00+00:00,1.068,1.0698,1.068,1.0693,87674.590918
2026-08-05T19:25:00+00:00,1.0692,1.0703,1.0691,1.0693,178173.601915
2026-08-05T19:30:00+00:00,1.0692,1.0709,1.069,1.0696,531029.593999
2026-08-05T19:35:00+00:00,1.0694,1.0709,1.0691,1.0704,144995.24593
2026-08-05T19:40:00+00:00,1.0705,1.0712,1.0703,1.0706,137450.01767
2026-08-05T19:45:00+00:00,1.0705,1.0706,1.0697,1.0702,122574.313122
2026-08-05T19:50:00+00:00,1.0702,1.071,1.0696,1.0702,315444.717006
2026-08-05T19:55:00+00:00,1.0702,1.0708,1.0691,1.0691,703417.540614
2026-08-05T20:00:00+00:00,1.0692,1.0696,1.0677,1.0682,245638.849506
2026-08-05T20:05:00+00:00,1.0681,1.0681,1.0668,1.0674,191173.115233
2026-08-05T20:10:00+00:00,1.0673,1.0697,1.0673,1.0695,98639.102271
2026-08-05T20:15:00+00:00,1.0694,1.0704,1.0694,1.0698,391756.995342
2026-08-05T20:20:00+00:00,1.0698,1.0716,1.0692,1.0705,285647.334755
2026-08-05T20:25:00+00:00,1.0703,1.0707,1.0697,1.0701,81891.794513
2026-08-05T20:30:00+00:00,1.0701,1.0701,1.0694,1.0701,44295.293981
2026-08-05T20:35:00+00:00,1.0701,1.0702,1.0696,1.0699,69875.586547
2026-08-05T20:40:00+00:00,1.0699,1.0717,1.0698,1.0717,261841.042483
2026-08-05T20:45:00+00:00,1.0716,1.0717,1.0701,1.0704,65834.374763
2026-08-05T20:50:00+00:00,1.0704,1.0706,1.0701,1.0706,70775.275933
2026-08-05T20:55:00+00:00,1.0705,1.0705,1.0685,1.0689,82971.543115
2026-08-05T21:00:00+00:00,1.0689,1.069,1.0666,1.0677,132499.395146
2026-08-05T21:05:00+00:00,1.0676,1.0676,1.0665,1.0666,104773.10559
2026-08-05T21:10:00+00:00,1.0666,1.0682,1.0665,1.0679,77811.626267
2026-08-05T21:15:00+00:00,1.0678,1.0681,1.067,1.0675,251784.298763
2026-08-05T21:20:00+00:00,1.0674,1.0675,1.0661,1.0664,252672.663062
2026-08-05T21:25:00+00:00,1.0664,1.0666,1.063,1.0636,716817.015396
2026-08-05T21:30:00+00:00,1.0637,1.065,1.0635,1.0646,313500.435056
2026-08-05T21:35:00+00:00,1.0646,1.0646,1.0634,1.0643,58629.746498
2026-08-05T21:40:00+00:00,1.0641,1.065,1.0638,1.0644,134769.820708
2026-08-05T21:45:00+00:00,1.0643,1.0643,1.0636,1.0641,20406.836142
2026-08-05T21:50:00+00:00,1.0642,1.0645,1.064,1.0645,80138.57762
2026-08-05T21:55:00+00:00,1.0644,1.0647,1.0638,1.064,113307.897594
2026-08-05T22:00:00+00:00,1.0639,1.0647,1.062,1.0631,145467.232746
2026-08-05T22:05:00+00:00,1.063,1.0641,1.0627,1.0633,78055.735183
2026-08-05T22:10:00+00:00,1.0632,1.0644,1.0628,1.0629,62327.952681
2026-08-05T22:15:00+00:00,1.063,1.0641,1.0628,1.064,60245.730172
2026-08-05T22:20:00+00:00,1.0638,1.0641,1.0632,1.0636,226301.463891
2026-08-05T22:25:00+00:00,1.0636,1.064,1.0632,1.0638,40166.916448
2026-08-05T22:30:00+00:00,1.0638,1.0646,1.0638,1.0643,101269.670339
2026-08-05T22:35:00+00:00,1.0643,1.0644,1.0629,1.0632,61791.372884
2026-08-05T22:40:00+00:00,1.0631,1.0632,1.0628,1.0629,68281.025314
2026-08-05T22:45:00+00:00,1.0628,1.0634,1.0624,1.0627,154611.99214
2026-08-05T22:50:00+00:00,1.0627,1.0629,1.0621,1.0621,39881.610102
2026-08-05T22:55:00+00:00,1.0621,1.0621,1.0613,1.0613,164973.234218
2026-08-05T23:00:00+00:00,1.0612,1.0612,1.0596,1.0604,156583.412581
2026-08-05T23:05:00+00:00,1.0604,1.0612,1.0598,1.0611,36935.481818
2026-08-05T23:10:00+00:00,1.0611,1.0618,1.0611,1.0614,26600.091927
2026-08-05T23:15:00+00:00,1.0614,1.0617,1.0604,1.0616,57458.971505
2026-08-05T23:20:00+00:00,1.0617,1.0625,1.0615,1.062,76734.927885
2026-08-05T23:25:00+00:00,1.0619,1.0626,1.061,1.0611,49506.371722
2026-08-05T23:30:00+00:00,1.0611,1.0614,1.0609,1.0609,143304.609182
2026-08-05T23:35:00+00:00,1.0609,1.0617,1.0609,1.0614,43595.875999
2026-08-05T23:40:00+00:00,1.0614,1.0617,1.0608,1.0608,24823.040755
2026-08-05T23:45:00+00:00,1.0607,1.0609,1.0596,1.0608,116718.627909
2026-08-05T23:45:00+00:00,1.0607,1.0609,1.0596,1.0608,116718.627909
2026-08-05T23:50:00+00:00,1.0607,1.0616,1.0607,1.0614,47043.312584
2026-08-05T23:55:00+00:00,1.0614,1.0614,1.0608,1.0613,66015.740123
2026-08-06T00:00:00+00:00,1.0613,1.0615,1.0602,1.0612,112224.001336
2026-08-06T00:05:00+00:00,1.0612,1.0619,1.061,1.0612,205083.164959
2026-08-06T00:10:00+00:00,1.0611,1.0616,1.0607,1.061,203731.223785
2026-08-06T00:15:00+00:00,1.061,1.062,1.0609,1.062,40203.461148
2026-08-06T00:20:00+00:00,1.062,1.0626,1.0611,1.0625,59590.908379
2026-08-06T00:25:00+00:00,1.0626,1.0626,1.0618,1.0621,58928.915138
2026-08-06T00:30:00+00:00,1.0621,1.0624,1.0617,1.0619,85251.076424
2026-08-06T00:35:00+00:00,1.0619,1.062,1.0611,1.0613,37439.382726
2026-08-06T00:40:00+00:00,1.0612,1.0617,1.0606,1.0608,44697.016996
2026-08-06T00:45:00+00:00,1.0608,1.062,1.0605,1.0614,63217.984536
2026-08-06T00:50:00+00:00,1.0614,1.0624,1.0612,1.0623,44209.575262
2026-08-06T00:55:00+00:00,1.0621,1.0623,1.0617,1.0617,44553.007265
2026-08-06T01:00:00+00:00,1.0617,1.0617,1.0609,1.0614,67567.222659
2026-08-06T01:05:00+00:00,1.0613,1.0613,1.0604,1.0613,68028.179435
2026-08-06T01:10:00+00:00,1.0613,1.0613,1.0602,1.0608,38821.12626
2026-08-06T01:15:00+00:00,1.0608,1.0609,1.0599,1.0602,79420.633332
2026-08-06T01:20:00+00:00,1.0601,1.0603,1.0593,1.0598,109008.38466
2026-08-06T01:25:00+00:00,1.0599,1.06,1.0577,1.059,145832.632101
2026-08-06T01:30:00+00:00,1.059,1.0591,1.057,1.0584,165654.232014
2026-08-06T01:35:00+00:00,1.0584,1.059,1.0578,1.058,40827.69983
2026-08-06T01:40:00+00:00,1.058,1.0581,1.0558,1.056,155957.488997
2026-08-06T01:45:00+00:00,1.0558,1.058,1.0557,1.0578,74855.235608
2026-08-06T01:50:00+00:00,1.0577,1.0579,1.0563,1.0567,112462.537814
2026-08-06T01:55:00+00:00,1.0566,1.0566,1.0524,1.053,221487.737501
2026-08-06T02:00:00+00:00,1.0529,1.0539,1.0488,1.0509,903083.049349
2026-08-06T02:05:00+00:00,1.0509,1.0511,1.0468,1.0487,496973.343516
2026-08-06T02:10:00+00:00,1.0486,1.0511,1.0486,1.0494,267868.529718
2026-08-06T02:15:00+00:00,1.0494,1.0496,1.0412,1.0432,1365337.127166
2026-08-06T02:20:00+00:00,1.0433,1.0443,1.0413,1.0432,518625.143945
2026-08-06T02:25:00+00:00,1.0431,1.0441,1.0423,1.0434,316436.015997
2026-08-06T02:30:00+00:00,1.0433,1.0471,1.0428,1.0471,226111.294185
2026-08-06T02:35:00+00:00,1.047,1.0474,1.045,1.0469,138096.640185
2026-08-06T02:40:00+00:00,1.0467,1.0477,1.0462,1.0477,168806.194951
2026-08-06T02:45:00+00:00,1.0478,1.0488,1.0465,1.0474,197267.146007
2026-08-06T02:50:00+00:00,1.0471,1.0471,1.046,1.0463,113380.836208
2026-08-06T02:55:00+00:00,1.0465,1.0468,1.0459,1.0463,39112.00988
2026-08-06T03:00:00+00:00,1.0463,1.0463,1.0443,1.0457,195651.52147
2026-08-06T03:05:00+00:00,1.0457,1.0463,1.0454,1.0463,125611.8352
2026-08-06T03:10:00+00:00,1.0462,1.047,1.0462,1.0465,48909.786326
2026-08-06T03:15:00+00:00,1.0465,1.0465,1.0452,1.0459,54488.488154
2026-08-06T03:20:00+00:00,1.0459,1.0465,1.0453,1.0456,57689.101721
2026-08-06T03:25:00+00:00,1.0455,1.0465,1.0454,1.046,110712.598218
2026-08-06T03:30:00+00:00,1.046,1.046,1.0438,1.0445,150498.007934
2026-08-06T03:35:00+00:00,1.0445,1.0448,1.0432,1.0444,154825.339879
2026-08-06T03:40:00+00:00,1.0443,1.0446,1.0423,1.0424,93037.976167
2026-08-06T03:45:00+00:00,1.0424,1.0444,1.0424,1.0436,164673.568383
2026-08-06T03:50:00+00:00,1.0436,1.0443,1.0424,1.0424,194829.674341
2026-08-06T03:55:00+00:00,1.0423,1.0426,1.0405,1.0425,479703.860516
2026-08-06T04:00:00+00:00,1.0426,1.0427,1.0391,1.0407,1197108.644722
2026-08-06T04:05:00+00:00,1.0407,1.0432,1.0407,1.043,302735.424258
2026-08-06T04:10:00+00:00,1.043,1.0442,1.0428,1.0441,244459.436061
2026-08-06T04:15:00+00:00,1.0441,1.0452,1.044,1.045,114973.743892
2026-08-06T04:20:00+00:00,1.045,1.0467,1.045,1.0464,173150.788096
2026-08-06T04:25:00+00:00,1.0464,1.0471,1.0461,1.0465,80803.764993
2026-08-06T04:30:00+00:00,1.0465,1.0478,1.0461,1.0464,380441.039371
2026-08-06T04:35:00+00:00,1.0463,1.0468,1.0451,1.0455,128450.673277
2026-08-06T04:40:00+00:00,1.0454,1.046,1.0451,1.0455,89371.448049
2026-08-06T04:45:00+00:00,1.0453,1.0453,1.0442,1.0445,69426.728956
2026-08-06T04:50:00+00:00,1.0445,1.046,1.0445,1.046,82478.887288
2026-08-06T04:55:00+00:00,1.0459,1.0472,1.0455,1.0471,99591.444843
2026-08-06T05:00:00+00:00,1.0471,1.048,1.0471,1.0479,79487.569135
2026-08-06T05:05:00+00:00,1.0479,1.0511,1.0479,1.0498,339596.582422
2026-08-06T05:10:00+00:00,1.0497,1.0503,1.049,1.0495,174201.631254
2026-08-06T05:15:00+00:00,1.0495,1.0512,1.049,1.0496,235312.272402
2026-08-06T05:20:00+00:00,1.0496,1.0507,1.0491,1.0506,234081.726546
2026-08-06T05:25:00+00:00,1.0506,1.0506,1.0484,1.049,170052.830057
2026-08-06T05:30:00+00:00,1.0488,1.0491,1.0482,1.0488,91618.729775
2026-08-06T05:35:00+00:00,1.0488,1.0494,1.0484,1.0489,29153.225511
2026-08-06T05:40:00+00:00,1.0488,1.0498,1.0487,1.0495,77472.987737
2026-08-06T05:45:00+00:00,1.0495,1.0498,1.0487,1.0492,40412.470001
2026-08-06T05:50:00+00:00,1.0492,1.0503,1.049,1.0503,60418.109523
2026-08-06T05:55:00+00:00,1.0502,1.0513,1.0499,1.0513,45002.35544
2026-08-06T06:00:00+00:00,1.051,1.0512,1.0503,1.0511,33513.690693
2026-08-06T06:05:00+00:00,1.0511,1.0511,1.0499,1.0504,36157.289415
2026-08-06T06:10:00+00:00,1.0503,1.0506,1.0488,1.0489,32635.444946
2026-08-06T06:15:00+00:00,1.0489,1.0498,1.0486,1.0491,241681.527317
2026-08-06T06:20:00+00:00,1.0492,1.0514,1.0491,1.051,115164.110396
2026-08-06T06:25:00+00:00,1.051,1.0511,1.0501,1.0507,60275.725683
2026-08-06T06:30:00+00:00,1.0506,1.0508,1.0497,1.0504,88512.788098
2026-08-06T06:35:00+00:00,1.0505,1.0505,1.0496,1.05,49406.730889
2026-08-06T06:40:00+00:00,1.0501,1.0506,1.0499,1.0506,79405.157091
2026-08-06T06:45:00+00:00,1.0505,1.0509,1.05,1.05,32130.237307
2026-08-06T06:50:00+00:00,1.0501,1.0505,1.0498,1.0499,71781.29334
2026-08-06T06:55:00+00:00,1.0499,1.0509,1.0498,1.0509,25528.674115
2026-08-06T07:00:00+00:00,1.0508,1.0509,1.0499,1.0499,29128.254344
2026-08-06T07:05:00+00:00,1.0498,1.0504,1.0496,1.0497,45226.479635
2026-08-06T07:10:00+00:00,1.0496,1.0507,1.0493,1.0507,78158.943178
2026-08-06T07:15:00+00:00,1.0506,1.0508,1.0494,1.0501,59077.538736
2026-08-06T07:20:00+00:00,1.05,1.0509,1.0495,1.0507,70406.559679
2026-08-06T07:25:00+00:00,1.0505,1.0505,1.0495,1.0499,30157.068523
2026-08-06T07:30:00+00:00,1.0498,1.05,1.0489,1.0495,38093.819297
2026-08-06T07:35:00+00:00,1.0494,1.0495,1.0481,1.0481,34236.935147
2026-08-06T07:40:00+00:00,1.048,1.0481,1.0472,1.0476,44035.906277
2026-08-06T07:45:00+00:00,1.0475,1.0483,1.0475,1.0481,39926.52063
2026-08-06T07:50:00+00:00,1.0481,1.0485,1.0476,1.0485,23000.410104
2026-08-06T07:55:00+00:00,1.0485,1.049,1.0479,1.0482,50107.120029
2026-08-06T08:00:00+00:00,1.0483,1.0487,1.0475,1.0484,51432.684615
2026-08-06T08:05:00+00:00,1.0484,1.0494,1.0482,1.0484,85069.773791
2026-08-06T08:10:00+00:00,1.0483,1.0489,1.0479,1.0481,56614.935662
2026-08-06T08:15:00+00:00,1.0479,1.048,1.0472,1.0479,46475.881661
2026-08-06T08:20:00+00:00,1.0479,1.0489,1.0479,1.0489,53500.398966
2026-08-06T08:25:00+00:00,1.049,1.0501,1.0488,1.0501,13518.939316
2026-08-06T08:30:00+00:00,1.0501,1.0508,1.0498,1.0504,109208.976045
2026-08-06T08:35:00+00:00,1.0504,1.0504,1.0497,1.0504,35518.899994
2026-08-06T08:40:00+00:00,1.0504,1.0571,1.0504,1.0544,669777.700307
2026-08-06T08:45:00+00:00,1.0543,1.0552,1.0535,1.0542,100516.589176
2026-08-06T08:50:00+00:00,1.0541,1.056,1.0539,1.0552,159448.47613
2026-08-06T08:55:00+00:00,1.0552,1.0557,1.0546,1.0548,34563.22469
2026-08-06T09:00:00+00:00,1.0548,1.0556,1.0539,1.0541,166634.005199
2026-08-06T09:05:00+00:00,1.054,1.0541,1.0494,1.05,688115.002586
2026-08-06T09:10:00+00:00,1.0499,1.0505,1.0477,1.0483,684954.70639
2026-08-06T09:15:00+00:00,1.048,1.0485,1.0477,1.0482,138031.004994
2026-08-06T09:20:00+00:00,1.0481,1.0487,1.0466,1.0469,432274.853614
2026-08-06T09:25:00+00:00,1.0469,1.048,1.0461,1.0463,281698.447466
2026-08-06T09:30:00+00:00,1.0461,1.0466,1.045,1.0462,271248.145281
2026-08-06T09:35:00+00:00,1.0463,1.0469,1.0459,1.0469,63924.307461
2026-08-06T09:40:00+00:00,1.047,1.047,1.0424,1.0427,726133.750092
2026-08-06T09:45:00+00:00,1.0427,1.0437,1.0402,1.0437,189591.455104
2026-08-06T09:50:00+00:00,1.0436,1.0445,1.0434,1.0442,81184.376962
2026-08-06T09:55:00+00:00,1.0442,1.0447,1.044,1.0442,73067.265684
2026-08-06T10:00:00+00:00,1.0441,1.0442,1.0427,1.0435,178367.949095
2026-08-06T10:05:00+00:00,1.0434,1.0434,1.0425,1.043,78704.729488
2026-08-06T10:10:00+00:00,1.043,1.043,1.0419,1.0419,140327.203206
2026-08-06T10:15:00+00:00,1.0419,1.0439,1.0414,1.0438,206539.867587
2026-08-06T10:20:00+00:00,1.0438,1.0444,1.0435,1.0442,154206.365136
2026-08-06T10:25:00+00:00,1.0442,1.0453,1.0438,1.0453,251626.828005
2026-08-06T10:30:00+00:00,1.0453,1.046,1.0449,1.0456,90841.806955
2026-08-06T10:35:00+00:00,1.0456,1.0458,1.0451,1.0458,176017.310516
2026-08-06T10:40:00+00:00,1.0458,1.046,1.0454,1.0459,73084.48835
2026-08-06T10:45:00+00:00,1.0459,1.0464,1.0455,1.0461,77359.868705
2026-08-06T10:50:00+00:00,1.0461,1.0464,1.0458,1.0459,44931.942201
2026-08-06T10:55:00+00:00,1.0459,1.0466,1.0458,1.0466,53720.093946
2026-08-06T11:00:00+00:00,1.0466,1.0467,1.0451,1.0453,179111.218245
2026-08-06T11:05:00+00:00,1.0453,1.0464,1.0445,1.0464,154712.386118
2026-08-06T11:10:00+00:00,1.0464,1.0473,1.0463,1.0471,92596.371309
2026-08-06T11:15:00+00:00,1.0472,1.0484,1.047,1.0478,566774.057806
2026-08-06T11:20:00+00:00,1.0478,1.049,1.0477,1.0483,90851.333848
2026-08-06T11:25:00+00:00,1.0483,1.0486,1.048,1.0481,53456.29134
2026-08-06T11:30:00+00:00,1.048,1.0498,1.048,1.0494,153750.697911
2026-08-06T11:35:00+00:00,1.0493,1.0506,1.0492,1.0493,115520.638083
2026-08-06T11:40:00+00:00,1.0493,1.0499,1.0493,1.0494,121503.074187
2026-08-06T11:45:00+00:00,1.0495,1.0496,1.0486,1.0493,208000.205567
2026-08-06T11:50:00+00:00,1.0493,1.0501,1.0487,1.0491,411620.399802
2026-08-06T11:55:00+00:00,1.049,1.0497,1.0489,1.0495,66631.313402
2026-08-06T12:00:00+00:00,1.0494,1.0494,1.048,1.0481,126522.889736
2026-08-06T12:05:00+00:00,1.0481,1.0481,1.0465,1.0468,144977.481853
2026-08-06T12:10:00+00:00,1.0468,1.0472,1.0461,1.0461,131776.302245
2026-08-06T12:15:00+00:00,1.0461,1.0468,1.0459,1.0464,76136.394609
2026-08-06T12:20:00+00:00,1.0464,1.0477,1.0464,1.0476,78939.836377
2026-08-06T12:25:00+00:00,1.0476,1.0482,1.0475,1.0478,66379.170896
2026-08-06T12:30:00+00:00,1.0477,1.048,1.0469,1.0469,98133.644683
2026-08-06T12:35:00+00:00,1.0469,1.0487,1.0469,1.0487,45563.288226
2026-08-06T12:40:00+00:00,1.0487,1.0487,1.0474,1.0476,81467.144516
2026-08-06T12:45:00+00:00,1.0476,1.0477,1.0466,1.0471,76665.404931
2026-08-06T12:50:00+00:00,1.0471,1.0471,1.0455,1.0455,40855.432593
2026-08-06T12:55:00+00:00,1.0455,1.0459,1.0451,1.0456,88435.792863
2026-08-06T13:00:00+00:00,1.0456,1.0463,1.0452,1.0453,131337.619153
2026-08-06T13:05:00+00:00,1.0452,1.0455,1.0429,1.0439,941679.000734
2026-08-06T13:10:00+00:00,1.0438,1.0451,1.0437,1.0445,127371.885852
2026-08-06T13:15:00+00:00,1.0444,1.0454,1.0441,1.0447,168593.343344
2026-08-06T13:20:00+00:00,1.0446,1.0454,1.044,1.0442,89842.140864
2026-08-06T13:25:00+00:00,1.0441,1.0441,1.0429,1.0432,156795.08475
2026-08-06T13:30:00+00:00,1.0432,1.0438,1.0414,1.0427,536238.341564
2026-08-06T13:35:00+00:00,1.0428,1.0446,1.0423,1.0443,103758.191023
2026-08-06T13:40:00+00:00,1.0442,1.0456,1.0441,1.0449,162342.928776
2026-08-06T13:45:00+00:00,1.0448,1.0457,1.0442,1.0453,283064.69628
2026-08-06T13:50:00+00:00,1.0452,1.0458,1.0445,1.045,108096.559768
2026-08-06T13:55:00+00:00,1.0449,1.0458,1.0444,1.0445,96661.345934
2026-08-06T14:00:00+00:00,1.0446,1.0452,1.0436,1.0451,243565.610659
2026-08-06T14:05:00+00:00,1.0451,1.0456,1.0439,1.0442,234088.570271
2026-08-06T14:10:00+00:00,1.0441,1.0455,1.0433,1.0435,109439.694778
2026-08-06T14:15:00+00:00,1.0433,1.0445,1.043,1.0433,166834.949252
2026-08-06T14:20:00+00:00,1.0433,1.046,1.0433,1.0439,116418.614261
2026-08-06T14:25:00+00:00,1.0439,1.0445,1.0427,1.0432,147875.485863
2026-08-06T14:30:00+00:00,1.0433,1.0444,1.0414,1.0443,394277.351844
2026-08-06T14:35:00+00:00,1.0443,1.0458,1.0435,1.0442,129577.562558
2026-08-06T14:40:00+00:00,1.0441,1.0472,1.0438,1.0462,302398.091562
2026-08-06T14:45:00+00:00,1.0463,1.0466,1.044,1.0441,222974.307241
2026-08-06T14:50:00+00:00,1.044,1.0453,1.0439,1.0453,223560.894927
2026-08-06T14:55:00+00:00,1.0453,1.0472,1.0453,1.0468,84097.582592
2026-08-06T15:00:00+00:00,1.0467,1.048,1.0465,1.0472,274819.847525
2026-08-06T15:05:00+00:00,1.0473,1.0492,1.0468,1.0486,106341.860933
2026-08-06T15:10:00+00:00,1.0486,1.0497,1.0486,1.0495,90295.894505
2026-08-06T15:15:00+00:00,1.0494,1.0506,1.0479,1.048,108810.642559
2026-08-06T15:20:00+00:00,1.048,1.0492,1.047,1.0488,59918.897257
2026-08-06T15:25:00+00:00,1.0489,1.0496,1.0484,1.0493,56273.297873
2026-08-06T15:30:00+00:00,1.0493,1.0507,1.0485,1.0485,59616.34334
2026-08-06T15:35:00+00:00,1.0485,1.0496,1.0472,1.0493,214728.896432
2026-08-06T15:40:00+00:00,1.0492,1.0497,1.0481,1.0485,52909.218926
2026-08-06T15:45:00+00:00,1.0485,1.0534,1.0482,1.0518,328953.747269
2026-08-06T15:50:00+00:00,1.0517,1.0521,1.0494,1.0494,76421.504241
2026-08-06T15:55:00+00:00,1.0493,1.0501,1.0482,1.0483,114708.354325
2026-08-06T16:00:00+00:00,1.0483,1.0491,1.0474,1.0485,89349.858649
2026-08-06T16:05:00+00:00,1.0484,1.0485,1.0464,1.0467,170950.788977
2026-08-06T16:10:00+00:00,1.0467,1.0469,1.0421,1.0429,271736.931458
2026-08-06T16:15:00+00:00,1.0429,1.045,1.0429,1.0449,159765.252462
2026-08-06T16:20:00+00:00,1.0449,1.0449,1.0435,1.0447,209638.5029
2026-08-06T16:25:00+00:00,1.0447,1.0447,1.0435,1.0442,115211.971477
2026-08-06T16:30:00+00:00,1.0442,1.0451,1.0429,1.0437,142080.084264
2026-08-06T16:35:00+00:00,1.0438,1.0445,1.0427,1.0445,106114.700615
2026-08-06T16:40:00+00:00,1.0445,1.0473,1.0445,1.0464,155154.580196
2026-08-06T16:45:00+00:00,1.0464,1.0467,1.0442,1.0456,117516.274498
2026-08-06T16:50:00+00:00,1.0456,1.0463,1.0448,1.0449,118870.91998
2026-08-06T16:55:00+00:00,1.0449,1.0455,1.0447,1.0451,114646.15156
2026-08-06T17:00:00+00:00,1.0451,1.0469,1.0449,1.0467,84223.814332
2026-08-06T17:05:00+00:00,1.0467,1.0482,1.0462,1.0465,212392.159124
2026-08-06T17:10:00+00:00,1.0463,1.0472,1.0459,1.0462,115269.696858
2026-08-06T17:15:00+00:00,1.0461,1.0461,1.0439,1.0446,259294.735636
2026-08-06T17:20:00+00:00,1.0446,1.0451,1.0433,1.0436,125503.774552
2026-08-06T17:25:00+00:00,1.0437,1.0445,1.0436,1.0439,142374.767691
2026-08-06T17:30:00+00:00,1.0439,1.0446,1.0425,1.0428,234065.979884
2026-08-06T17:35:00+00:00,1.0428,1.0428,1.0414,1.0416,215208.065558
2026-08-06T17:40:00+00:00,1.0416,1.0417,1.0395,1.0412,608562.140891
2026-08-06T17:45:00+00:00,1.0412,1.0421,1.04,1.0401,198843.248903
2026-08-06T17:50:00+00:00,1.04,1.0413,1.0399,1.0407,153819.929186
2026-08-06T17:55:00+00:00,1.0407,1.0412,1.0402,1.0407,93568.775855
2026-08-06T18:00:00+00:00,1.0406,1.0406,1.037,1.0383,583329.309766
2026-08-06T18:05:00+00:00,1.0383,1.0396,1.0376,1.0396,265299.781495
2026-08-06T18:10:00+00:00,1.0396,1.0405,1.0387,1.0405,453804.112031
2026-08-06T18:15:00+00:00,1.0405,1.0415,1.0397,1.0409,356116.865719
2026-08-06T18:20:00+00:00,1.0409,1.0422,1.0408,1.0411,352340.087816
2026-08-06T18:25:00+00:00,1.0411,1.0412,1.0399,1.0405,148345.838168
2026-08-06T18:30:00+00:00,1.0405,1.0405,1.0371,1.0379,265591.115598
2026-08-06T18:35:00+00:00,1.0378,1.0383,1.0346,1.0359,470172.758307
2026-08-06T18:40:00+00:00,1.0359,1.0364,1.0342,1.0356,304642.283811
2026-08-06T18:45:00+00:00,1.0356,1.0367,1.0351,1.0352,171379.923755
2026-08-06T18:50:00+00:00,1.0352,1.0359,1.0333,1.0338,249463.893196
2026-08-06T18:55:00+00:00,1.0337,1.0353,1.0332,1.0351,187394.851541
2026-08-06T19:00:00+00:00,1.0349,1.0349,1.0334,1.0339,349905.764302
2026-08-06T19:05:00+00:00,1.0339,1.0342,1.0321,1.034,498983.039286
2026-08-06T19:10:00+00:00,1.034,1.0345,1.0334,1.0337,175407.017373
2026-08-06T19:15:00+00:00,1.0337,1.0337,1.0321,1.033,363733.371337
2026-08-06T19:20:00+00:00,1.033,1.0357,1.0329,1.0346,255147.482914
2026-08-06T19:25:00+00:00,1.0346,1.0346,1.0318,1.0327,413715.55498
2026-08-06T19:30:00+00:00,1.0328,1.0346,1.0326,1.0343,793959.51539
2026-08-06T19:35:00+00:00,1.0343,1.0353,1.0342,1.0346,190231.860891
2026-08-06T19:40:00+00:00,1.0346,1.0351,1.0339,1.0351,322941.565004
2026-08-06T19:45:00+00:00,1.0351,1.0362,1.035,1.0357,197544.285671
2026-08-06T19:50:00+00:00,1.0356,1.0376,1.0348,1.0372,604324.36133
2026-08-06T19:55:00+00:00,1.0372,1.038,1.034,1.034,759070.509186
2026-08-06T20:00:00+00:00,1.0343,1.0366,1.0343,1.0363,419247.735882
2026-08-06T20:05:00+00:00,1.0362,1.0364,1.0345,1.0346,282438.696455
2026-08-06T20:10:00+00:00,1.0345,1.0357,1.0342,1.0348,203386.660563
2026-08-06T20:15:00+00:00,1.0348,1.035,1.0335,1.0344,203596.572868
2026-08-06T20:20:00+00:00,1.0344,1.0347,1.0332,1.0334,274776.019927
2026-08-06T20:25:00+00:00,1.0333,1.0335,1.0326,1.0333,162463.284189
2026-08-06T20:30:00+00:00,1.0332,1.0344,1.0328,1.0339,145055.94379
2026-08-06T20:35:00+00:00,1.0338,1.0346,1.0333,1.0343,181106.226776
2026-08-06T20:40:00+00:00,1.0343,1.0348,1.0331,1.0333,103758.091624
2026-08-06T20:45:00+00:00,1.0333,1.0333,1.0319,1.0329,215263.744337
2026-08-06T20:50:00+00:00,1.0329,1.0335,1.0317,1.0317,202268.001628
2026-08-06T20:55:00+00:00,1.0318,1.0329,1.0318,1.0323,276750.28272
2026-08-06T21:00:00+00:00,1.0324,1.0338,1.0324,1.0328,119072.674315
2026-08-06T21:05:00+00:00,1.0327,1.034,1.0322,1.033,138226.492823
2026-08-06T21:10:00+00:00,1.0329,1.0345,1.0328,1.0342,180695.602826
2026-08-06T21:15:00+00:00,1.0341,1.0346,1.0323,1.0339,302479.32243
2026-08-06T21:20:00+00:00,1.0339,1.0355,1.0339,1.0355,88046.80591
2026-08-06T21:25:00+00:00,1.0354,1.0358,1.0346,1.0348,127047.891669
2026-08-06T21:30:00+00:00,1.0348,1.0349,1.0332,1.0332,102167.708748
2026-08-06T21:35:00+00:00,1.0333,1.0346,1.032,1.0346,262966.013877
2026-08-06T21:40:00+00:00,1.0346,1.0358,1.0338,1.0356,83312.573411
2026-08-06T21:45:00+00:00,1.0355,1.0356,1.0341,1.0344,86726.16509
2026-08-06T21:50:00+00:00,1.0344,1.0355,1.0344,1.035,74232.097596
2026-08-06T21:55:00+00:00,1.035,1.0353,1.0346,1.0352,82811.609732
2026-08-06T22:00:00+00:00,1.0352,1.0361,1.0342,1.0355,425208.318445
2026-08-06T22:05:00+00:00,1.0355,1.0359,1.0346,1.0351,168856.470553
2026-08-06T22:10:00+00:00,1.0352,1.0363,1.035,1.0359,51375.725631
2026-08-06T22:15:00+00:00,1.0359,1.0364,1.0353,1.0359,117182.900196
2026-08-06T22:20:00+00:00,1.0359,1.0359,1.0342,1.0349,104560.235021
2026-08-06T22:25:00+00:00,1.035,1.0353,1.0346,1.0353,103679.656751
2026-08-06T22:30:00+00:00,1.0352,1.0361,1.0347,1.036,78383.414453
2026-08-06T22:35:00+00:00,1.0358,1.0359,1.0355,1.0358,42949.615968
2026-08-06T22:40:00+00:00,1.0357,1.0363,1.035,1.0353,61610.110672
2026-08-06T22:45:00+00:00,1.0354,1.0362,1.0353,1.0362,46939.814817
2026-08-06T22:50:00+00:00,1.0361,1.0366,1.0361,1.0363,31544.73329
2026-08-06T22:55:00+00:00,1.0363,1.0367,1.0362,1.0363,81917.666757
2026-08-06T23:00:00+00:00,1.0363,1.0365,1.035,1.0353,105834.46039
2026-08-06T23:05:00+00:00,1.0352,1.0353,1.0341,1.0348,105746.486117
2026-08-06T23:10:00+00:00,1.0348,1.0352,1.0339,1.034,61976.450398
2026-08-06T23:15:00+00:00,1.034,1.0344,1.0322,1.0324,98498.737191
2026-08-06T23:20:00+00:00,1.0325,1.0329,1.0312,1.0325,157401.524694
2026-08-06T23:25:00+00:00,1.0324,1.0328,1.0315,1.032,53484.768757
2026-08-06T23:30:00+00:00,1.032,1.0323,1.0305,1.0306,608522.14007
2026-08-06T23:35:00+00:00,1.0305,1.0312,1.029,1.0302,1147338.240447
2026-08-06T23:40:00+00:00,1.0302,1.0313,1.0296,1.0312,154914.379077
2026-08-06T23:45:00+00:00,1.0312,1.0325,1.0309,1.0317,185698.400814
2026-08-06T23:45:00+00:00,1.0312,1.0325,1.0309,1.0317,185698.400814
2026-08-06T23:50:00+00:00,1.0316,1.0336,1.0313,1.0335,211820.041845
2026-08-06T23:55:00+00:00,1.0335,1.0342,1.0334,1.0342,71178.414989
2026-08-07T00:00:00+00:00,1.0341,1.0349,1.0332,1.0346,114046.338012
2026-08-07T00:05:00+00:00,1.0347,1.0352,1.0345,1.0345,97013.90032
2026-08-07T00:10:00+00:00,1.0344,1.0346,1.0317,1.0318,191780.831542
2026-08-07T00:15:00+00:00,1.0317,1.0323,1.031,1.0312,100464.895436
2026-08-07T00:20:00+00:00,1.0312,1.0325,1.0305,1.0325,129507.80791
2026-08-07T00:25:00+00:00,1.0325,1.0337,1.0319,1.0336,93013.443394
2026-08-07T00:30:00+00:00,1.0336,1.0352,1.0328,1.0351,70090.273053
2026-08-07T00:35:00+00:00,1.0349,1.0349,1.0334,1.0342,48514.967489
2026-08-07T00:40:00+00:00,1.0342,1.0348,1.0331,1.0347,64101.853567
2026-08-07T00:45:00+00:00,1.0348,1.0352,1.0342,1.0344,112381.601556
2026-08-07T00:50:00+00:00,1.0344,1.0361,1.0342,1.0352,63306.722656
2026-08-07T00:55:00+00:00,1.0352,1.0356,1.0344,1.0355,102511.193035
2026-08-07T01:00:00+00:00,1.0355,1.0375,1.0355,1.0371,132638.671995
2026-08-07T01:05:00+00:00,1.037,1.0376,1.0362,1.0362,116383.113751
2026-08-07T01:10:00+00:00,1.0361,1.0366,1.0353,1.0364,39598.756956
2026-08-07T01:15:00+00:00,1.0365,1.0375,1.0357,1.0374,45162.88253
2026-08-07T01:20:00+00:00,1.0374,1.0378,1.0363,1.0364,95547.027483
2026-08-07T01:25:00+00:00,1.0364,1.0379,1.0361,1.0379,63642.022914
2026-08-07T01:30:00+00:00,1.0379,1.0386,1.0373,1.0376,51837.578569
2026-08-07T01:35:00+00:00,1.0375,1.0378,1.0355,1.0355,44319.896393
2026-08-07T01:40:00+00:00,1.0354,1.0362,1.0346,1.0362,47784.01532
2026-08-07T01:45:00+00:00,1.036,1.0375,1.036,1.0371,80501.514079
2026-08-07T01:50:00+00:00,1.0371,1.0378,1.036,1.0369,47422.198053
2026-08-07T01:55:00+00:00,1.0368,1.0373,1.0359,1.037,83219.186246
2026-08-07T02:00:00+00:00,1.037,1.0372,1.0361,1.0361,65245.656559
2026-08-07T02:05:00+00:00,1.0361,1.0362,1.0345,1.0346,168374.52774
2026-08-07T02:10:00+00:00,1.0346,1.0356,1.0331,1.0354,322559.880832
2026-08-07T02:15:00+00:00,1.0354,1.0372,1.0353,1.0355,197212.237276
2026-08-07T02:20:00+00:00,1.0354,1.0355,1.0323,1.0328,133370.996419
2026-08-07T02:25:00+00:00,1.0327,1.0327,1.0298,1.0309,658168.817096
2026-08-07T02:30:00+00:00,1.0309,1.0314,1.0301,1.0301,117768.769987
2026-08-07T02:35:00+00:00,1.0302,1.031,1.0264,1.0276,702528.069943
2026-08-07T02:40:00+00:00,1.0275,1.0291,1.0267,1.0289,305993.911628
2026-08-07T02:45:00+00:00,1.0289,1.0305,1.0288,1.0304,165273.036306
2026-08-07T02:50:00+00:00,1.0304,1.0317,1.0296,1.0305,282760.114295
2026-08-07T02:55:00+00:00,1.0305,1.0306,1.0295,1.0295,39031.652265
2026-08-07T03:00:00+00:00,1.0295,1.0297,1.028,1.0282,161551.652786
2026-08-07T03:05:00+00:00,1.0282,1.0302,1.0281,1.0297,70115.01605
2026-08-07T03:10:00+00:00,1.0298,1.0303,1.028,1.0287,237758.458083
2026-08-07T03:15:00+00:00,1.0286,1.0289,1.027,1.0278,193101.408068
2026-08-07T03:20:00+00:00,1.0277,1.0285,1.0259,1.028,246180.402623
2026-08-07T03:25:00+00:00,1.028,1.0283,1.0274,1.0277,164771.827472
2026-08-07T03:30:00+00:00,1.0277,1.0287,1.0269,1.027,170623.769299
2026-08-07T03:35:00+00:00,1.027,1.0274,1.0259,1.0261,186585.952145
2026-08-07T03:40:00+00:00,1.0262,1.0269,1.0238,1.0248,366526.663367
2026-08-07T03:45:00+00:00,1.0248,1.0248,1.0236,1.0247,215589.755711
2026-08-07T03:50:00+00:00,1.0246,1.0247,1.0205,1.0214,615195.693543
2026-08-07T03:55:00+00:00,1.0214,1.0214,1.0186,1.0202,2124871.131283
2026-08-07T04:00:00+00:00,1.0202,1.0202,1.0172,1.0189,660146.187961
2026-08-07T04:05:00+00:00,1.0189,1.0222,1.0183,1.0217,204085.917865
2026-08-07T04:10:00+00:00,1.0216,1.0218,1.0187,1.0191,186139.661757
2026-08-07T04:15:00+00:00,1.019,1.0214,1.0188,1.0214,199720.722795
2026-08-07T04:20:00+00:00,1.0215,1.0216,1.0197,1.02,122243.977238
2026-08-07T04:25:00+00:00,1.02,1.0211,1.0194,1.021,65281.558026
2026-08-07T04:30:00+00:00,1.021,1.0224,1.0202,1.0222,112849.211184
2026-08-07T04:35:00+00:00,1.0222,1.0227,1.021,1.022,117921.711612
2026-08-07T04:40:00+00:00,1.0221,1.0226,1.0217,1.0221,76615.526315
2026-08-07T04:45:00+00:00,1.022,1.0227,1.0198,1.0206,473647.077439
2026-08-07T04:50:00+00:00,1.0205,1.021,1.0188,1.0209,107605.714424
2026-08-07T04:55:00+00:00,1.021,1.0217,1.0195,1.0197,163102.67143
2026-08-07T05:00:00+00:00,1.0196,1.0218,1.0194,1.0204,59823.157299
2026-08-07T05:05:00+00:00,1.0204,1.0206,1.0191,1.0192,37636.519789
2026-08-07T05:10:00+00:00,1.0192,1.0192,1.0172,1.0175,170544.710439
2026-08-07T05:15:00+00:00,1.0174,1.0185,1.0166,1.0178,238597.252101
2026-08-07T05:20:00+00:00,1.0179,1.0183,1.0152,1.0152,252580.000945
2026-08-07T05:25:00+00:00,1.0152,1.0178,1.0152,1.0162,251846.048281
2026-08-07T05:30:00+00:00,1.0162,1.0169,1.0142,1.0146,224690.711039
2026-08-07T05:35:00+00:00,1.0144,1.0184,1.0143,1.0179,251500.597438
2026-08-07T05:40:00+00:00,1.0178,1.0178,1.0164,1.0173,173563.677822
2026-08-07T05:45:00+00:00,1.0174,1.0187,1.017,1.0182,86299.298151
2026-08-07T05:50:00+00:00,1.0183,1.0204,1.0183,1.0197,113228.74533
2026-08-07T05:55:00+00:00,1.0199,1.0209,1.0199,1.0203,29376.911509
2026-08-07T06:00:00+00:00,1.0204,1.0212,1.0197,1.0212,94106.953738
2026-08-07T06:05:00+00:00,1.0212,1.0225,1.021,1.0224,89393.983887
2026-08-07T06:10:00+00:00,1.0224,1.0244,1.0224,1.0244,161061.037489
2026-08-07T06:15:00+00:00,1.0244,1.0265,1.0237,1.0255,159029.372451
2026-08-07T06:20:00+00:00,1.0255,1.0264,1.0248,1.0263,109587.544786
2026-08-07T06:25:00+00:00,1.0263,1.0276,1.026,1.0273,515024.850655
2026-08-07T06:30:00+00:00,1.0273,1.0275,1.0255,1.026,68160.470668
2026-08-07T06:35:00+00:00,1.026,1.028,1.0259,1.0275,260674.266659
2026-08-07T06:40:00+00:00,1.0275,1.0278,1.027,1.0273,270058.50478
2026-08-07T06:45:00+00:00,1.0273,1.0273,1.0261,1.0261,110627.513815
2026-08-07T06:50:00+00:00,1.0261,1.0267,1.0255,1.0263,142861.099409
2026-08-07T06:55:00+00:00,1.0263,1.0269,1.0252,1.0253,228506.346407
2026-08-07T07:00:00+00:00,1.0254,1.0254,1.0241,1.0252,117791.887611
2026-08-07T07:05:00+00:00,1.0252,1.0266,1.0249,1.0265,152536.193073
2026-08-07T07:10:00+00:00,1.0265,1.0275,1.0265,1.0272,154849.834193
2026-08-07T07:15:00+00:00,1.0271,1.0277,1.0269,1.0269,78891.49663
2026-08-07T07:20:00+00:00,1.0269,1.0275,1.0263,1.0268,246288.900465
2026-08-07T07:25:00+00:00,1.0268,1.0274,1.0267,1.027,55063.576346
2026-08-07T07:30:00+00:00,1.027,1.0276,1.0268,1.0271,61429.130093
2026-08-07T07:35:00+00:00,1.027,1.0276,1.0263,1.0263,47618.785132
2026-08-07T07:40:00+00:00,1.0263,1.0266,1.0261,1.0263,37587.018085
2026-08-07T07:45:00+00:00,1.0263,1.0272,1.0262,1.0272,39503.580576
2026-08-07T07:50:00+00:00,1.0271,1.0281,1.027,1.0281,103924.146366
2026-08-07T07:55:00+00:00,1.0281,1.0283,1.0276,1.0277,85225.364086
2026-08-07T08:00:00+00:00,1.0276,1.0279,1.027,1.0279,80545.606302
2026-08-07T08:05:00+00:00,1.0279,1.0283,1.0265,1.0265,129020.925291
2026-08-07T08:10:00+00:00,1.0265,1.0278,1.0265,1.0277,122830.926429
2026-08-07T08:15:00+00:00,1.0276,1.0276,1.0265,1.0272,153685.289998
2026-08-07T08:20:00+00:00,1.0272,1.0273,1.0263,1.0267,80740.747539
2026-08-07T08:25:00+00:00,1.0267,1.028,1.0267,1.0278,113919.52859
2026-08-07T08:30:00+00:00,1.0278,1.0289,1.0275,1.0283,102428.975661
2026-08-07T08:35:00+00:00,1.0282,1.0283,1.027,1.0274,39176.861079
2026-08-07T08:40:00+00:00,1.0275,1.031,1.0274,1.0302,465474.65952
2026-08-07T08:45:00+00:00,1.0302,1.0305,1.0298,1.0303,58080.154968
2026-08-07T08:50:00+00:00,1.0303,1.0303,1.0291,1.03,124199.157964
2026-08-07T08:55:00+00:00,1.03,1.0304,1.0298,1.0304,102224.470145
2026-08-07T09:00:00+00:00,1.0304,1.0343,1.0304,1.033,268226.287792
2026-08-07T09:05:00+00:00,1.0329,1.0329,1.0323,1.0328,155863.367762
2026-08-07T09:10:00+00:00,1.0328,1.0334,1.0324,1.0329,108332.948798
2026-08-07T09:15:00+00:00,1.0328,1.0344,1.0327,1.0343,573274.784765
2026-08-07T09:20:00+00:00,1.0343,1.0354,1.0337,1.0347,323397.981863
2026-08-07T09:25:00+00:00,1.0347,1.0353,1.034,1.0342,209852.407717
2026-08-07T09:30:00+00:00,1.0342,1.0367,1.0341,1.0356,404814.23628
2026-08-07T09:35:00+00:00,1.0356,1.0365,1.0356,1.0361,191893.612501
2026-08-07T09:40:00+00:00,1.0361,1.0362,1.0351,1.0353,84161.742891
2026-08-07T09:45:00+00:00,1.0354,1.0354,1.0342,1.0354,151772.250926
2026-08-07T09:50:00+00:00,1.0354,1.0357,1.0347,1.0349,215508.081727
2026-08-07T09:55:00+00:00,1.0348,1.0353,1.0344,1.0353,110278.169158
2026-08-07T10:00:00+00:00,1.0354,1.0357,1.0343,1.0355,26919.772407
2026-08-07T10:05:00+00:00,1.0355,1.0359,1.035,1.035,187584.396334
2026-08-07T10:10:00+00:00,1.035,1.0352,1.0343,1.0351,162306.729697
2026-08-07T10:15:00+00:00,1.035,1.0366,1.0346,1.0358,663753.763485
2026-08-07T10:20:00+00:00,1.0358,1.0358,1.0348,1.0349,139320.07898
2026-08-07T10:25:00+00:00,1.0349,1.0358,1.0344,1.0358,53232.806511
2026-08-07T10:30:00+00:00,1.0357,1.0359,1.035,1.0351,107645.540106
2026-08-07T10:35:00+00:00,1.0351,1.0352,1.0343,1.0346,259628.735532
2026-08-07T10:40:00+00:00,1.0345,1.0349,1.0343,1.0349,108843.156591
2026-08-07T10:45:00+00:00,1.0349,1.0355,1.0345,1.035,100407.966348
2026-08-07T10:50:00+00:00,1.0349,1.0355,1.0344,1.0345,170683.030432
2026-08-07T10:55:00+00:00,1.0344,1.0344,1.0334,1.034,181303.802027
2026-08-07T11:00:00+00:00,1.034,1.0349,1.0339,1.0347,119496.157225
2026-08-07T11:05:00+00:00,1.0347,1.0349,1.0339,1.0341,79785.338175
2026-08-07T11:10:00+00:00,1.0341,1.0344,1.0336,1.0337,84250.697037
2026-08-07T11:15:00+00:00,1.0337,1.0343,1.0334,1.0335,303813.132363
2026-08-07T11:20:00+00:00,1.0335,1.0363,1.0331,1.0355,154719.452463
2026-08-07T11:25:00+00:00,1.0356,1.0358,1.0343,1.0344,109637.139289
2026-08-07T11:30:00+00:00,1.0342,1.0346,1.0334,1.0335,157398.310755
2026-08-07T11:35:00+00:00,1.0336,1.0336,1.0323,1.033,127751.738902
2026-08-07T11:40:00+00:00,1.033,1.0331,1.0321,1.0321,106035.116503
2026-08-07T11:45:00+00:00,1.0321,1.033,1.0321,1.0325,157613.098731
2026-08-07T11:50:00+00:00,1.0325,1.0325,1.0313,1.0318,87015.719265
2026-08-07T11:55:00+00:00,1.0318,1.0333,1.0316,1.0331,73531.810987
2026-08-07T12:00:00+00:00,1.0331,1.0347,1.0328,1.0339,145869.512002
2026-08-07T12:05:00+00:00,1.034,1.0356,1.0337,1.0355,256459.741497
2026-08-07T12:10:00+00:00,1.0355,1.0382,1.0355,1.0377,606471.70348
2026-08-07T12:15:00+00:00,1.0377,1.0381,1.0368,1.0369,286247.493476
2026-08-07T12:20:00+00:00,1.0368,1.0374,1.0356,1.0362,242189.523482
2026-08-07T12:25:00+00:00,1.0361,1.0371,1.0348,1.0369,462699.677346
2026-08-07T12:30:00+00:00,1.0368,1.0422,1.0342,1.0344,1325289.466917
2026-08-07T12:35:00+00:00,1.0341,1.0359,1.0337,1.035,217908.776909
2026-08-07T12:40:00+00:00,1.035,1.0359,1.0345,1.0349,136446.069665
2026-08-07T12:45:00+00:00,1.0348,1.0363,1.0348,1.0363,521099.536495
2026-08-07T12:50:00+00:00,1.0362,1.0384,1.0362,1.0384,372434.892495
2026-08-07T12:55:00+00:00,1.0384,1.0388,1.0365,1.0373,175365.843758
2026-08-07T13:00:00+00:00,1.0372,1.0375,1.0351,1.0368,352196.747913
2026-08-07T13:05:00+00:00,1.0368,1.0377,1.0361,1.0375,207167.757491
2026-08-07T13:10:00+00:00,1.0375,1.039,1.0362,1.037,672065.151162
2026-08-07T13:15:00+00:00,1.0369,1.0386,1.0367,1.0384,183702.777688
2026-08-07T13:20:00+00:00,1.0384,1.0391,1.0376,1.0377,428920.134416
2026-08-07T13:25:00+00:00,1.0377,1.0385,1.0369,1.0385,281029.745183
2026-08-07T13:30:00+00:00,1.0385,1.0407,1.0377,1.0397,710993.932193
2026-08-07T13:35:00+00:00,1.0397,1.0403,1.037,1.0401,115062.486755
2026-08-07T13:40:00+00:00,1.04,1.0407,1.0385,1.0401,171573.927379
2026-08-07T13:45:00+00:00,1.04,1.04,1.0363,1.0374,417789.541708
2026-08-07T13:50:00+00:00,1.0374,1.0387,1.0366,1.037,205477.811329
2026-08-07T13:55:00+00:00,1.037,1.0372,1.0347,1.0354,244285.339731
2026-08-07T14:00:00+00:00,1.0354,1.0357,1.03,1.0311,937067.921485
2026-08-07T14:05:00+00:00,1.031,1.0314,1.0286,1.029,444954.040231
2026-08-07T14:10:00+00:00,1.029,1.0294,1.0255,1.0255,574710.171514
2026-08-07T14:15:00+00:00,1.0255,1.0283,1.0249,1.0282,499054.633779
2026-08-07T14:20:00+00:00,1.0282,1.0297,1.0281,1.0295,284614.563579
2026-08-07T14:25:00+00:00,1.0295,1.0315,1.0295,1.0314,128964.195129
2026-08-07T14:30:00+00:00,1.0315,1.0329,1.0312,1.0321,253109.689961
2026-08-07T14:35:00+00:00,1.0322,1.0334,1.031,1.0316,282741.570364
2026-08-07T14:40:00+00:00,1.0314,1.0324,1.0294,1.0294,144060.621071
2026-08-07T14:45:00+00:00,1.0294,1.0302,1.0283,1.0289,119100.922792
2026-08-07T14:50:00+00:00,1.0288,1.0292,1.0252,1.0264,194427.031906
2026-08-07T14:55:00+00:00,1.0264,1.0275,1.0256,1.0264,108316.123463
2026-08-07T15:00:00+00:00,1.0264,1.0267,1.0255,1.0255,104890.374111
2026-08-07T15:05:00+00:00,1.0255,1.0294,1.0254,1.0292,202297.711978
2026-08-07T15:10:00+00:00,1.0292,1.0296,1.0271,1.0274,104890.707045
2026-08-07T15:15:00+00:00,1.0275,1.028,1.0263,1.0275,84246.974577
2026-08-07T15:20:00+00:00,1.0275,1.0288,1.0268,1.0281,160132.324006
2026-08-07T15:25:00+00:00,1.0279,1.028,1.0263,1.0268,198729.73983
2026-08-07T15:30:00+00:00,1.0268,1.0291,1.0264,1.0271,97803.823115
2026-08-07T15:35:00+00:00,1.0271,1.0277,1.0262,1.0264,60847.243249
2026-08-07T15:40:00+00:00,1.0265,1.0273,1.026,1.0266,96914.277107
2026-08-07T15:45:00+00:00,1.0266,1.0276,1.0262,1.0275,86969.799116
2026-08-07T15:50:00+00:00,1.0274,1.028,1.0262,1.0268,181065.120309
2026-08-07T15:55:00+00:00,1.0267,1.0272,1.0263,1.0271,53346.845737
2026-08-07T16:00:00+00:00,1.027,1.0277,1.0262,1.0268,292632.109481
2026-08-07T16:05:00+00:00,1.0268,1.0277,1.0266,1.0271,144266.965178
2026-08-07T16:10:00+00:00,1.0271,1.0299,1.0264,1.0291,165290.385448
2026-08-07T16:15:00+00:00,1.029,1.0294,1.028,1.0283,81003.732633
2026-08-07T16:20:00+00:00,1.0283,1.0295,1.0267,1.0271,494288.512401
2026-08-07T16:25:00+00:00,1.0271,1.0274,1.0258,1.0262,138424.452245
2026-08-07T16:30:00+00:00,1.0262,1.0265,1.0235,1.026,505888.978171
2026-08-07T16:35:00+00:00,1.026,1.026,1.0238,1.0241,198313.212281
2026-08-07T16:40:00+00:00,1.0241,1.0244,1.0231,1.0234,177031.937528
2026-08-07T16:45:00+00:00,1.0234,1.0234,1.0206,1.0213,334873.210503
2026-08-07T16:50:00+00:00,1.0213,1.0216,1.0195,1.0207,367532.92914
2026-08-07T16:55:00+00:00,1.0207,1.0216,1.015,1.015,1133744.875224
2026-08-07T17:00:00+00:00,1.0149,1.0166,1.0121,1.0165,501690.313742
2026-08-07T17:05:00+00:00,1.0165,1.0183,1.0155,1.0177,583859.453528
2026-08-07T17:10:00+00:00,1.0177,1.0178,1.0158,1.0162,281326.099608
2026-08-07T17:15:00+00:00,1.0161,1.0174,1.0149,1.0172,361952.916968
2026-08-07T17:20:00+00:00,1.0172,1.0173,1.0156,1.0159,339909.924896
2026-08-07T17:25:00+00:00,1.0158,1.017,1.0153,1.0165,299952.686964
2026-08-07T17:30:00+00:00,1.0164,1.0165,1.0134,1.015,223326.472783
2026-08-07T17:35:00+00:00,1.015,1.0164,1.014,1.0162,703429.244851
2026-08-07T17:40:00+00:00,1.016,1.0166,1.0145,1.0147,261466.342072
2026-08-07T17:45:00+00:00,1.0148,1.0152,1.0134,1.0137,273017.641641
2026-08-07T17:50:00+00:00,1.0136,1.0154,1.0132,1.0153,221534.724293
2026-08-07T17:55:00+00:00,1.0153,1.016,1.0149,1.0159,129040.616268
2026-08-07T18:00:00+00:00,1.0158,1.0172,1.0158,1.0169,150355.815878
2026-08-07T18:05:00+00:00,1.0168,1.0189,1.0165,1.0189,253290.572056
2026-08-07T18:10:00+00:00,1.0188,1.0209,1.0188,1.0205,403746.591767
2026-08-07T18:15:00+00:00,1.0204,1.0207,1.0194,1.0205,383457.434042
2026-08-07T18:20:00+00:00,1.0205,1.0211,1.0192,1.0196,243863.061217
2026-08-07T18:25:00+00:00,1.0196,1.0205,1.0196,1.02,101583.174745
2026-08-07T18:30:00+00:00,1.02,1.021,1.0181,1.0182,357815.657062
2026-08-07T18:35:00+00:00,1.0181,1.0181,1.0164,1.0169,346162.167148
2026-08-07T18:40:00+00:00,1.017,1.017,1.0137,1.0145,252314.665308
2026-08-07T18:45:00+00:00,1.0145,1.0153,1.0139,1.0153,239505.942103
2026-08-07T18:50:00+00:00,1.0153,1.0155,1.0144,1.0149,91927.225029
2026-08-07T18:55:00+00:00,1.0149,1.0181,1.0148,1.0176,379314.022157
2026-08-07T19:00:00+00:00,1.0176,1.0205,1.0175,1.0185,169604.492076
2026-08-07T19:05:00+00:00,1.0184,1.021,1.0182,1.021,208566.387611
2026-08-07T19:10:00+00:00,1.021,1.0217,1.0206,1.0211,176140.032673
2026-08-07T19:15:00+00:00,1.0211,1.0225,1.0209,1.0222,193956.808659
2026-08-07T19:20:00+00:00,1.0221,1.0237,1.0218,1.0227,147739.827924
2026-08-07T19:25:00+00:00,1.0228,1.0247,1.0225,1.0243,392503.473848
2026-08-07T19:30:00+00:00,1.0242,1.0246,1.0234,1.0243,401593.729841
2026-08-07T19:35:00+00:00,1.0243,1.0243,1.0224,1.0232,195822.063232
2026-08-07T19:40:00+00:00,1.0231,1.0248,1.0231,1.0242,170542.273156
2026-08-07T19:45:00+00:00,1.0241,1.0248,1.0236,1.0237,79447.424087
2026-08-07T19:50:00+00:00,1.0237,1.0247,1.0236,1.0243,330495.021649
2026-08-07T19:55:00+00:00,1.0242,1.025,1.0223,1.0229,626512.147844
2026-08-07T20:00:00+00:00,1.0229,1.0237,1.0226,1.0232,166736.263184
2026-08-07T20:05:00+00:00,1.023,1.0237,1.0227,1.0237,126622.794849
2026-08-07T20:10:00+00:00,1.0237,1.0244,1.0232,1.0239,132285.843112
2026-08-07T20:15:00+00:00,1.0239,1.024,1.0234,1.024,65497.473715
2026-08-07T20:20:00+00:00,1.024,1.0245,1.0232,1.0245,211325.907184
2026-08-07T20:25:00+00:00,1.0245,1.0259,1.0245,1.0251,178939.121438
2026-08-07T20:30:00+00:00,1.0251,1.0253,1.0246,1.0248,292700.262023
2026-08-07T20:35:00+00:00,1.0247,1.0248,1.024,1.0246,181440.688415
2026-08-07T20:40:00+00:00,1.0246,1.0251,1.0243,1.0244,67229.574449
2026-08-07T20:45:00+00:00,1.0244,1.0248,1.0235,1.0248,89371.7998
2026-08-07T20:50:00+00:00,1.0248,1.0249,1.0238,1.0244,197944.198277
2026-08-07T20:55:00+00:00,1.0244,1.025,1.024,1.025,76721.856724
2026-08-07T21:00:00+00:00,1.0249,1.0255,1.0242,1.0243,114821.470898
2026-08-07T21:05:00+00:00,1.0244,1.0248,1.0243,1.0247,35450.389923
2026-08-07T21:10:00+00:00,1.0247,1.0264,1.0246,1.0264,296606.961411
2026-08-07T21:15:00+00:00,1.0264,1.0272,1.0248,1.0249,300593.611884
2026-08-07T21:20:00+00:00,1.0248,1.0249,1.0229,1.0248,224630.078135
2026-08-07T21:25:00+00:00,1.0248,1.0251,1.0238,1.0249,137022.086345
2026-08-07T21:30:00+00:00,1.0249,1.0253,1.0225,1.0234,458656.202232
2026-08-07T21:35:00+00:00,1.0233,1.0236,1.0221,1.0225,121898.136933
2026-08-07T21:40:00+00:00,1.0225,1.0239,1.0215,1.0225,184633.793146
2026-08-07T21:45:00+00:00,1.0223,1.023,1.0219,1.0223,37343.118453
2026-08-07T21:50:00+00:00,1.0223,1.0227,1.0218,1.0219,46883.464066
2026-08-07T21:55:00+00:00,1.0219,1.0228,1.0217,1.0227,84662.513301
2026-08-07T22:00:00+00:00,1.0227,1.0228,1.022,1.0221,189643.163472
2026-08-07T22:05:00+00:00,1.0221,1.0232,1.0218,1.0231,91851.199881
2026-08-07T22:10:00+00:00,1.0231,1.0233,1.0224,1.0228,113941.538505
2026-08-07T22:15:00+00:00,1.0228,1.0231,1.0213,1.0218,406993.290811
2026-08-07T22:20:00+00:00,1.0217,1.0217,1.0195,1.0204,334008.385304
2026-08-07T22:25:00+00:00,1.0203,1.0205,1.0193,1.0203,244204.128253
2026-08-07T22:30:00+00:00,1.0203,1.0204,1.019,1.0194,164892.662621
2026-08-07T22:35:00+00:00,1.0193,1.0195,1.0184,1.0187,135034.838565
2026-08-07T22:40:00+00:00,1.0187,1.0194,1.0183,1.0194,159980.237959
2026-08-07T22:45:00+00:00,1.0193,1.0195,1.019,1.0193,144959.189511
2026-08-07T22:50:00+00:00,1.0193,1.0204,1.0192,1.0199,56550.754535
2026-08-07T22:55:00+00:00,1.0199,1.0203,1.0193,1.02,286696.551759
2026-08-07T23:00:00+00:00,1.02,1.0216,1.02,1.0215,88894.230336
2026-08-07T23:05:00+00:00,1.0215,1.0221,1.0214,1.0219,83607.078679
2026-08-07T23:10:00+00:00,1.022,1.0222,1.0213,1.0222,107792.937777
2026-08-07T23:15:00+00:00,1.0222,1.0223,1.0214,1.0219,63038.739034
2026-08-07T23:20:00+00:00,1.0218,1.0218,1.0209,1.0213,74579.06338
2026-08-07T23:25:00+00:00,1.0213,1.0213,1.0209,1.0209,105107.615444
2026-08-07T23:30:00+00:00,1.0209,1.0219,1.0209,1.0218,52927.55369
2026-08-07T23:35:00+00:00,1.0219,1.0229,1.0218,1.0229,65197.690363
2026-08-07T23:40:00+00:00,1.0229,1.0232,1.0228,1.0232,106598.070165
2026-08-07T23:45:00+00:00,1.0232,1.0233,1.0219,1.022,106082.56772
2026-08-07T23:45:00+00:00,1.0232,1.0233,1.0219,1.022,106082.56772
2026-08-07T23:50:00+00:00,1.022,1.022,1.0208,1.0209,41793.70109
2026-08-07T23:55:00+00:00,1.0208,1.0213,1.0204,1.0204,74629.045002
2026-08-08T00:00:00+00:00,1.0203,1.0214,1.0195,1.0213,276798.22872
2026-08-08T00:05:00+00:00,1.0213,1.0229,1.0212,1.0224,298513.931099
2026-08-08T00:10:00+00:00,1.0224,1.0229,1.0223,1.0227,56988.560977
2026-08-08T00:15:00+00:00,1.0228,1.0232,1.0218,1.0223,149312.284257
2026-08-08T00:20:00+00:00,1.0223,1.023,1.0222,1.023,39829.926688
2026-08-08T00:25:00+00:00,1.023,1.024,1.0229,1.0235,173166.587489
2026-08-08T00:30:00+00:00,1.0235,1.0236,1.0229,1.023,36906.627743
2026-08-08T00:35:00+00:00,1.0229,1.024,1.0229,1.024,38338.585514
2026-08-08T00:40:00+00:00,1.024,1.0244,1.0239,1.0244,42485.996802
2026-08-08T00:45:00+00:00,1.0244,1.0244,1.0237,1.0238,97692.672578
2026-08-08T00:50:00+00:00,1.0238,1.0248,1.0236,1.0246,172652.422365
2026-08-08T00:55:00+00:00,1.0246,1.0252,1.0243,1.0245,70551.009714
2026-08-08T01:00:00+00:00,1.0243,1.0258,1.0243,1.0255,72859.466493
2026-08-08T01:05:00+00:00,1.0255,1.0256,1.0252,1.0255,82246.686688
2026-08-08T01:10:00+00:00,1.0255,1.0261,1.025,1.0255,149857.37549
2026-08-08T01:15:00+00:00,1.0255,1.027,1.0251,1.0266,149883.797549
2026-08-08T01:20:00+00:00,1.0266,1.0269,1.0261,1.0269,72690.125128
2026-08-08T01:25:00+00:00,1.0269,1.0272,1.0264,1.0267,129597.177053
2026-08-08T01:30:00+00:00,1.0266,1.027,1.0263,1.0268,130720.371103
2026-08-08T01:35:00+00:00,1.0268,1.0298,1.0268,1.0295,413638.933429
2026-08-08T01:40:00+00:00,1.0295,1.0309,1.0293,1.0304,326445.167184
2026-08-08T01:45:00+00:00,1.0304,1.0304,1.0287,1.0293,179734.048917
2026-08-08T01:50:00+00:00,1.0293,1.0295,1.029,1.0292,57185.19543
2026-08-08T01:55:00+00:00,1.0292,1.03,1.0291,1.0295,77249.320553
2026-08-08T02:00:00+00:00,1.0295,1.0304,1.0291,1.0295,248339.989405
2026-08-08T02:05:00+00:00,1.0295,1.0313,1.0295,1.0302,522050.540039
2026-08-08T02:10:00+00:00,1.0302,1.0306,1.0298,1.0303,154264.028212
2026-08-08T02:15:00+00:00,1.0303,1.0306,1.0299,1.03,220210.003305
2026-08-08T02:20:00+00:00,1.03,1.0305,1.0297,1.0298,177107.26649
2026-08-08T02:25:00+00:00,1.0297,1.0303,1.0294,1.0299,195241.940885
2026-08-08T02:30:00+00:00,1.0299,1.0305,1.0291,1.0295,243156.536598
2026-08-08T02:35:00+00:00,1.0295,1.0301,1.0295,1.03,89868.352059
2026-08-08T02:40:00+00:00,1.0299,1.0308,1.0298,1.0307,155631.494233
2026-08-08T02:45:00+00:00,1.0307,1.0311,1.0298,1.0303,245221.836473
2026-08-08T02:50:00+00:00,1.0303,1.0303,1.0296,1.0301,80054.84507
2026-08-08T02:55:00+00:00,1.0301,1.0308,1.0301,1.0304,55529.752364
2026-08-08T03:00:00+00:00,1.0304,1.0322,1.0303,1.0322,280937.894015
2026-08-08T03:05:00+00:00,1.0322,1.0327,1.0319,1.0319,133896.978294
2026-08-08T03:10:00+00:00,1.0318,1.0322,1.0312,1.0315,496707.008674
2026-08-08T03:15:00+00:00,1.0315,1.0332,1.0315,1.0328,299860.209448
2026-08-08T03:20:00+00:00,1.0329,1.0329,1.0322,1.0325,70834.834361
2026-08-08T03:25:00+00:00,1.0325,1.0354,1.0324,1.0353,136892.500954
2026-08-08T03:30:00+00:00,1.0353,1.0378,1.0353,1.0377,301035.794109
2026-08-08T03:35:00+00:00,1.0377,1.038,1.0362,1.0364,110690.911638
2026-08-08T03:40:00+00:00,1.0363,1.0372,1.0361,1.0363,69780.663847
2026-08-08T03:45:00+00:00,1.0362,1.037,1.0361,1.0364,154937.591869
2026-08-08T03:50:00+00:00,1.0363,1.0366,1.0357,1.0363,135149.57581
2026-08-08T03:55:00+00:00,1.0364,1.0383,1.0364,1.0368,82123.078122
2026-08-08T04:00:00+00:00,1.0368,1.0388,1.0368,1.0372,255337.743768
2026-08-08T04:05:00+00:00,1.0372,1.0373,1.0352,1.0355,69253.878584
2026-08-08T04:10:00+00:00,1.0353,1.0362,1.0348,1.0358,49972.613033
2026-08-08T04:15:00+00:00,1.0358,1.0367,1.0355,1.0358,261492.245028
2026-08-08T04:20:00+00:00,1.0357,1.0358,1.0352,1.0353,20504.102951
2026-08-08T04:25:00+00:00,1.0352,1.0357,1.0349,1.0351,67279.996913
2026-08-08T04:30:00+00:00,1.0351,1.036,1.0351,1.0353,43555.550863
2026-08-08T04:35:00+00:00,1.0353,1.0357,1.035,1.0353,66551.015792
2026-08-08T04:40:00+00:00,1.0353,1.0355,1.0334,1.034,254381.596102
2026-08-08T04:45:00+00:00,1.034,1.0349,1.034,1.0345,153435.738912
2026-08-08T04:50:00+00:00,1.0344,1.0346,1.034,1.0346,47727.815237
2026-08-08T04:55:00+00:00,1.0346,1.035,1.0343,1.0345,14894.90877
2026-08-08T05:00:00+00:00,1.0346,1.035,1.034,1.0346,62690.287306
2026-08-08T05:05:00+00:00,1.0346,1.0351,1.0342,1.0342,71270.843315
2026-08-08T05:10:00+00:00,1.0342,1.0346,1.0342,1.0342,55161.163212
2026-08-08T05:15:00+00:00,1.0342,1.0345,1.0339,1.0341,47996.827826
2026-08-08T05:20:00+00:00,1.0341,1.0345,1.0341,1.0345,16084.816685
2026-08-08T05:25:00+00:00,1.0344,1.0346,1.0329,1.033,30190.669703
2026-08-08T05:30:00+00:00,1.0328,1.0335,1.0325,1.0333,76111.467259
2026-08-08T05:35:00+00:00,1.0333,1.0351,1.0333,1.034,711284.051861
2026-08-08T05:40:00+00:00,1.0339,1.0339,1.0329,1.033,48410.944808
2026-08-08T05:45:00+00:00,1.033,1.0331,1.0324,1.0326,16135.386541
2026-08-08T05:50:00+00:00,1.0323,1.0327,1.0315,1.0317,132380.11801
2026-08-08T05:55:00+00:00,1.0316,1.0329,1.0315,1.0328,268065.623314
2026-08-08T06:00:00+00:00,1.0328,1.0336,1.0324,1.033,167584.014402
2026-08-08T06:05:00+00:00,1.033,1.0342,1.033,1.0341,45921.534585
2026-08-08T06:10:00+00:00,1.0342,1.0342,1.0338,1.0339,64564.200252
2026-08-08T06:15:00+00:00,1.0338,1.0339,1.0328,1.0328,46213.808359
2026-08-08T06:20:00+00:00,1.0328,1.0334,1.0326,1.033,38363.987421
2026-08-08T06:25:00+00:00,1.0329,1.0336,1.0324,1.0336,89522.736706
2026-08-08T06:30:00+00:00,1.0336,1.0346,1.0335,1.0346,54419.223427
2026-08-08T06:35:00+00:00,1.0346,1.0349,1.0339,1.0342,158707.968664
2026-08-08T06:40:00+00:00,1.0342,1.0352,1.0341,1.0349,152811.066372
2026-08-08T06:45:00+00:00,1.0349,1.0355,1.0343,1.0355,79656.692057
2026-08-08T06:50:00+00:00,1.0355,1.0356,1.0346,1.0349,54903.942558
2026-08-08T06:55:00+00:00,1.0349,1.035,1.0341,1.0343,39477.160528
2026-08-08T07:00:00+00:00,1.0343,1.0346,1.0336,1.0337,45104.979782
2026-08-08T07:05:00+00:00,1.0337,1.0338,1.0333,1.0335,16624.517598
2026-08-08T07:10:00+00:00,1.0335,1.0336,1.033,1.0335,40820.83728
2026-08-08T07:15:00+00:00,1.0333,1.0335,1.0332,1.0333,17772.954039
2026-08-08T07:20:00+00:00,1.0333,1.0347,1.0333,1.0344,43683.992536
2026-08-08T07:25:00+00:00,1.0343,1.0345,1.0339,1.0341,15931.997242
2026-08-08T07:30:00+00:00,1.034,1.0344,1.0336,1.0338,41100.423031
2026-08-08T07:35:00+00:00,1.0338,1.0341,1.0331,1.0332,168010.312397
2026-08-08T07:40:00+00:00,1.0327,1.0332,1.0323,1.0331,67074.840043
2026-08-08T07:45:00+00:00,1.0331,1.0335,1.0328,1.0329,56919.147921
2026-08-08T07:50:00+00:00,1.0329,1.0331,1.0325,1.0328,26648.769302
2026-08-08T07:55:00+00:00,1.0328,1.0346,1.0327,1.0342,130401.667846
2026-08-08T08:00:00+00:00,1.0342,1.0347,1.0338,1.0344,32962.09874
2026-08-08T08:05:00+00:00,1.0343,1.0344,1.0337,1.0342,41853.400181
2026-08-08T08:10:00+00:00,1.0341,1.0348,1.0341,1.0342,94678.904784
2026-08-08T08:15:00+00:00,1.0342,1.0351,1.0335,1.0336,204233.730795
2026-08-08T08:20:00+00:00,1.0335,1.0337,1.0334,1.0337,14784.068971
2026-08-08T08:25:00+00:00,1.0336,1.0348,1.0336,1.0345,67989.123631
2026-08-08T08:30:00+00:00,1.0345,1.0348,1.034,1.0343,68170.09577
2026-08-08T08:35:00+00:00,1.0343,1.0347,1.0343,1.0344,37012.656895
2026-08-08T08:40:00+00:00,1.0344,1.0344,1.0332,1.034,340267.626665
2026-08-08T08:45:00+00:00,1.034,1.034,1.033,1.034,85326.833282
2026-08-08T08:50:00+00:00,1.034,1.0348,1.0339,1.0346,31563.820197
2026-08-08T08:55:00+00:00,1.0346,1.0356,1.0345,1.0355,179821.233927
2026-08-08T09:00:00+00:00,1.0355,1.0368,1.0347,1.035,276305.743706
2026-08-08T09:05:00+00:00,1.035,1.0353,1.0347,1.035,66239.484015
2026-08-08T09:10:00+00:00,1.0349,1.0356,1.0349,1.0354,92681.698201
2026-08-08T09:15:00+00:00,1.0353,1.0358,1.0352,1.0355,39321.429733
2026-08-08T09:20:00+00:00,1.0355,1.0357,1.0351,1.0353,59609.563848
2026-08-08T09:25:00+00:00,1.0352,1.0358,1.0352,1.0357,103897.755596
2026-08-08T09:30:00+00:00,1.0357,1.0375,1.0356,1.0359,329212.097773
2026-08-08T09:35:00+00:00,1.0358,1.0361,1.0353,1.0355,28707.303083
2026-08-08T09:40:00+00:00,1.0354,1.0358,1.0353,1.0354,35199.843333
2026-08-08T09:45:00+00:00,1.0354,1.0362,1.0352,1.0352,349295.049029
2026-08-08T09:50:00+00:00,1.0353,1.0357,1.0351,1.0355,34728.911386
2026-08-08T09:55:00+00:00,1.0355,1.0355,1.0351,1.0352,18236.435418
2026-08-08T10:00:00+00:00,1.0352,1.0362,1.0351,1.0362,24221.757194
2026-08-08T10:05:00+00:00,1.0361,1.0361,1.0351,1.0358,57508.544463
2026-08-08T10:10:00+00:00,1.0357,1.0358,1.035,1.0351,16142.474118
2026-08-08T10:15:00+00:00,1.0352,1.0355,1.0351,1.0352,43456.094242
2026-08-08T10:20:00+00:00,1.0352,1.0362,1.0352,1.0362,40125.979273
2026-08-08T10:25:00+00:00,1.0362,1.037,1.0362,1.0365,41030.935185
2026-08-08T10:30:00+00:00,1.0364,1.037,1.0364,1.037,19096.435817
2026-08-08T10:35:00+00:00,1.0369,1.0373,1.0368,1.0372,19875.627573
2026-08-08T10:40:00+00:00,1.0372,1.0372,1.0363,1.0364,18263.719359
2026-08-08T10:45:00+00:00,1.0363,1.0382,1.0363,1.0382,217596.043502
2026-08-08T10:50:00+00:00,1.0382,1.0385,1.0381,1.0384,20904.651772
2026-08-08T10:55:00+00:00,1.0383,1.0398,1.0382,1.0387,196024.027477
2026-08-08T11:00:00+00:00,1.0386,1.039,1.0379,1.0385,133310.774537
2026-08-08T11:05:00+00:00,1.0385,1.0385,1.0378,1.038,30363.83271
2026-08-08T11:10:00+00:00,1.0381,1.0396,1.0378,1.0383,46491.482125
2026-08-08T11:15:00+00:00,1.0384,1.0385,1.0374,1.0375,38985.726507
2026-08-08T11:20:00+00:00,1.0375,1.0375,1.037,1.0371,12455.708973
2026-08-08T11:25:00+00:00,1.037,1.0373,1.0368,1.0373,48100.777219
2026-08-08T11:30:00+00:00,1.0373,1.0376,1.0372,1.0373,21654.884178
2026-08-08T11:35:00+00:00,1.0372,1.0373,1.0367,1.0372,53766.207595
2026-08-08T11:40:00+00:00,1.0371,1.0372,1.0361,1.0362,22747.798125
2026-08-08T11:45:00+00:00,1.0361,1.0369,1.036,1.0369,17784.950519
2026-08-08T11:50:00+00:00,1.0368,1.0377,1.0368,1.0376,51185.746499
2026-08-08T11:55:00+00:00,1.0375,1.0378,1.0371,1.0372,61750.796286
2026-08-08T12:00:00+00:00,1.0371,1.0375,1.0367,1.0373,60621.49904
2026-08-08T12:05:00+00:00,1.0372,1.0376,1.0366,1.0371,64007.106929
2026-08-08T12:10:00+00:00,1.037,1.0385,1.037,1.0385,21707.953797
2026-08-08T12:15:00+00:00,1.0384,1.0385,1.0379,1.0382,64879.182775
2026-08-08T12:20:00+00:00,1.0381,1.0385,1.0378,1.0385,80510.156677
2026-08-08T12:25:00+00:00,1.0384,1.0387,1.038,1.0381,42209.381636
2026-08-08T12:30:00+00:00,1.0381,1.0391,1.0379,1.0389,43604.557331
2026-08-08T12:35:00+00:00,1.0389,1.0402,1.0389,1.0399,418898.690535
2026-08-08T12:40:00+00:00,1.0399,1.0419,1.0397,1.0412,170092.015164
2026-08-08T12:45:00+00:00,1.0412,1.0415,1.0409,1.0412,45776.936916
2026-08-08T12:50:00+00:00,1.0412,1.0427,1.0411,1.0427,458206.928946
2026-08-08T12:55:00+00:00,1.0426,1.0426,1.0405,1.0406,112646.266077
2026-08-08T13:00:00+00:00,1.0406,1.0423,1.0405,1.0422,87179.874982
2026-08-08T13:05:00+00:00,1.042,1.0426,1.041,1.0412,82187.406393
2026-08-08T13:10:00+00:00,1.0412,1.0412,1.0399,1.0401,54464.192933
2026-08-08T13:15:00+00:00,1.0399,1.0413,1.0398,1.0409,39667.884337
2026-08-08T13:20:00+00:00,1.0408,1.0418,1.0408,1.0413,29941.842408
2026-08-08T13:25:00+00:00,1.0412,1.0414,1.0407,1.0412,55069.758572
2026-08-08T13:30:00+00:00,1.0411,1.0411,1.0404,1.0406,56699.125802
2026-08-08T13:35:00+00:00,1.0404,1.0415,1.0403,1.0406,90187.007602
2026-08-08T13:40:00+00:00,1.0406,1.0414,1.0406,1.0414,45986.488823
2026-08-08T13:45:00+00:00,1.0413,1.0417,1.0405,1.0411,66780.955368
2026-08-08T13:50:00+00:00,1.0411,1.0413,1.0406,1.0408,136820.923131
2026-08-08T13:55:00+00:00,1.0407,1.0413,1.0404,1.0411,18970.368138
2026-08-08T14:00:00+00:00,1.0411,1.0419,1.0411,1.0416,66230.732085
2026-08-08T14:05:00+00:00,1.0415,1.0424,1.0411,1.0416,99568.634843
2026-08-08T14:10:00+00:00,1.0415,1.0436,1.0413,1.0427,291221.963531
2026-08-08T14:15:00+00:00,1.0426,1.0427,1.0416,1.0418,38875.633868
2026-08-08T14:20:00+00:00,1.0418,1.0424,1.0415,1.0419,119682.419305
2026-08-08T14:25:00+00:00,1.042,1.0425,1.0413,1.0421,62155.417845
2026-08-08T14:30:00+00:00,1.0419,1.043,1.0414,1.043,88031.382551
2026-08-08T14:35:00+00:00,1.043,1.0438,1.0422,1.0422,135515.291238
2026-08-08T14:40:00+00:00,1.0423,1.0426,1.0421,1.0423,24305.22204
2026-08-08T14:45:00+00:00,1.0424,1.0442,1.0423,1.0442,131830.877749
2026-08-08T14:50:00+00:00,1.0442,1.045,1.0438,1.0449,350054.291751
2026-08-08T14:55:00+00:00,1.0449,1.0451,1.0435,1.0441,143748.392045
2026-08-08T15:00:00+00:00,1.0441,1.0448,1.0433,1.044,55693.363572
2026-08-08T15:05:00+00:00,1.0441,1.0441,1.0427,1.0434,73330.141957
2026-08-08T15:10:00+00:00,1.0433,1.0441,1.0432,1.0437,162351.877411
2026-08-08T15:15:00+00:00,1.0436,1.0439,1.043,1.0432,81139.280441
2026-08-08T15:20:00+00:00,1.0432,1.0433,1.0416,1.0421,100476.020972
2026-08-08T15:25:00+00:00,1.0422,1.0434,1.042,1.0426,238293.992559
2026-08-08T15:30:00+00:00,1.0425,1.0426,1.0419,1.0425,112539.758619
2026-08-08T15:35:00+00:00,1.0425,1.0429,1.0418,1.0426,113354.828631
2026-08-08T15:40:00+00:00,1.0425,1.0432,1.0422,1.0428,91539.528806
2026-08-08T15:45:00+00:00,1.0427,1.0437,1.0422,1.0437,79190.654971
2026-08-08T15:50:00+00:00,1.0436,1.0451,1.0434,1.0449,208845.543527
2026-08-08T15:55:00+00:00,1.0447,1.0461,1.0445,1.0447,170212.719779
2026-08-08T16:00:00+00:00,1.0448,1.0457,1.0448,1.0457,113252.153296
2026-08-08T16:05:00+00:00,1.0456,1.0466,1.0453,1.0455,125874.641956
2026-08-08T16:10:00+00:00,1.0454,1.048,1.0454,1.0471,363926.690038
2026-08-08T16:15:00+00:00,1.0472,1.0479,1.0464,1.0465,64550.399721
2026-08-08T16:20:00+00:00,1.0463,1.048,1.046,1.0461,201751.806208
2026-08-08T16:25:00+00:00,1.0461,1.0468,1.0455,1.0461,155483.700693
2026-08-08T16:30:00+00:00,1.0462,1.0469,1.0459,1.0466,76477.198216
2026-08-08T16:35:00+00:00,1.0465,1.0471,1.0462,1.0467,106189.819213
2026-08-08T16:40:00+00:00,1.0467,1.0477,1.0466,1.0471,141878.054829
2026-08-08T16:45:00+00:00,1.0472,1.0473,1.0461,1.0465,66364.201772
2026-08-08T16:50:00+00:00,1.0465,1.0473,1.0463,1.0473,138205.816531
2026-08-08T16:55:00+00:00,1.0473,1.0473,1.0465,1.0468,36725.241994
2026-08-08T17:00:00+00:00,1.0466,1.0467,1.0457,1.0459,62448.884239
2026-08-08T17:05:00+00:00,1.0458,1.046,1.0448,1.046,91542.71894
2026-08-08T17:10:00+00:00,1.0459,1.0467,1.0457,1.0465,336247.445055
2026-08-08T17:15:00+00:00,1.0464,1.0467,1.0455,1.0459,23338.054538
2026-08-08T17:20:00+00:00,1.046,1.0463,1.0455,1.0456,81987.386359
2026-08-08T17:25:00+00:00,1.0456,1.0469,1.0455,1.0469,66209.742193
2026-08-08T17:30:00+00:00,1.0468,1.0471,1.046,1.0471,67981.7288
2026-08-08T17:35:00+00:00,1.047,1.0472,1.0462,1.0464,29418.084953
2026-08-08T17:40:00+00:00,1.0462,1.0468,1.0461,1.0463,54603.339566
2026-08-08T17:45:00+00:00,1.0462,1.0463,1.0457,1.0463,62238.956781
2026-08-08T17:50:00+00:00,1.0462,1.0467,1.0455,1.0459,86842.784055
2026-08-08T17:55:00+00:00,1.0456,1.0457,1.0451,1.0453,32720.931158
2026-08-08T18:00:00+00:00,1.0453,1.0453,1.0439,1.0442,186896.5108
2026-08-08T18:05:00+00:00,1.044,1.0442,1.0432,1.0436,81081.104043
2026-08-08T18:10:00+00:00,1.0436,1.0437,1.0426,1.0431,113247.978208
2026-08-08T18:15:00+00:00,1.0431,1.0431,1.042,1.042,117866.467571
2026-08-08T18:20:00+00:00,1.0421,1.0428,1.0414,1.0415,41606.659356
2026-08-08T18:25:00+00:00,1.0414,1.0418,1.0411,1.0414,175949.482116
2026-08-08T18:30:00+00:00,1.0414,1.0421,1.0411,1.0419,155151.267318
2026-08-08T18:35:00+00:00,1.042,1.0427,1.0419,1.0424,41691.959454
2026-08-08T18:40:00+00:00,1.0423,1.0429,1.0423,1.0426,26748.817395
2026-08-08T18:45:00+00:00,1.0426,1.0426,1.0417,1.0422,64212.88971
2026-08-08T18:50:00+00:00,1.0423,1.0423,1.0409,1.0413,95289.298474
2026-08-08T18:55:00+00:00,1.0412,1.0414,1.0409,1.0413,40627.064971
2026-08-08T19:00:00+00:00,1.0414,1.0415,1.0408,1.0408,47699.375056
2026-08-08T19:05:00+00:00,1.0408,1.0409,1.0403,1.0407,62438.049225
2026-08-08T19:10:00+00:00,1.0407,1.0412,1.0405,1.0412,54343.004052
2026-08-08T19:15:00+00:00,1.0412,1.0413,1.0404,1.0406,42503.24018
2026-08-08T19:20:00+00:00,1.0405,1.0408,1.0403,1.0406,34039.474566
2026-08-08T19:25:00+00:00,1.0406,1.0408,1.0398,1.04,51501.690658
2026-08-08T19:30:00+00:00,1.04,1.0405,1.0392,1.0404,170400.665161
2026-08-08T19:35:00+00:00,1.0404,1.041,1.0403,1.041,23573.994045
2026-08-08T19:40:00+00:00,1.041,1.042,1.041,1.0415,332469.38228
2026-08-08T19:45:00+00:00,1.0415,1.0424,1.0415,1.0424,96017.698527
2026-08-08T19:50:00+00:00,1.0425,1.0428,1.0423,1.0427,32147.874759
2026-08-08T19:55:00+00:00,1.0426,1.0428,1.0415,1.0418,115563.155841
2026-08-08T20:00:00+00:00,1.0417,1.0421,1.0413,1.0418,26117.1796
2026-08-08T20:05:00+00:00,1.0419,1.0422,1.0417,1.0418,40527.497011
2026-08-08T20:10:00+00:00,1.0418,1.0425,1.0416,1.0424,30621.548698
2026-08-08T20:15:00+00:00,1.0424,1.043,1.042,1.0421,35582.671844
2026-08-08T20:20:00+00:00,1.042,1.0424,1.0418,1.0422,58399.693197
2026-08-08T20:25:00+00:00,1.0423,1.0424,1.0416,1.0422,41903.842084
2026-08-08T20:30:00+00:00,1.0421,1.0425,1.042,1.0423,26890.062192
2026-08-08T20:35:00+00:00,1.0422,1.0425,1.0416,1.0418,56192.869817
2026-08-08T20:40:00+00:00,1.0417,1.0422,1.0415,1.042,107685.63818
2026-08-08T20:45:00+00:00,1.0419,1.0422,1.0413,1.0419,52816.592003
2026-08-08T20:50:00+00:00,1.0418,1.0418,1.0414,1.0417,20151.597466
2026-08-08T20:55:00+00:00,1.0416,1.0419,1.0413,1.0417,35079.00873
2026-08-08T21:00:00+00:00,1.0417,1.0422,1.0417,1.0422,11388.030104
2026-08-08T21:05:00+00:00,1.0421,1.0426,1.0421,1.0422,23295.925381
2026-08-08T21:10:00+00:00,1.0421,1.0425,1.0416,1.0418,31261.908174
2026-08-08T21:15:00+00:00,1.0418,1.0427,1.0416,1.0427,20126.578195
2026-08-08T21:20:00+00:00,1.0425,1.0428,1.0423,1.0426,105731.694086
2026-08-08T21:25:00+00:00,1.0427,1.0431,1.0424,1.0425,31763.024041
2026-08-08T21:30:00+00:00,1.0425,1.0427,1.0421,1.0426,37207.830273
2026-08-08T21:35:00+00:00,1.0426,1.0428,1.042,1.0426,137793.521523
2026-08-08T21:40:00+00:00,1.0425,1.0431,1.0422,1.0429,93805.940831
2026-08-08T21:45:00+00:00,1.0429,1.0429,1.0422,1.0428,60995.322298
2026-08-08T21:50:00+00:00,1.0427,1.043,1.042,1.0423,86179.454689
2026-08-08T21:55:00+00:00,1.0423,1.0426,1.0419,1.0424,94765.835008
2026-08-08T22:00:00+00:00,1.0424,1.0431,1.0418,1.0422,109906.928484
2026-08-08T22:05:00+00:00,1.0421,1.0421,1.0414,1.0415,37004.161438
2026-08-08T22:10:00+00:00,1.0414,1.0417,1.0411,1.0412,166975.970728
2026-08-08T22:15:00+00:00,1.0412,1.0415,1.041,1.0414,27939.941147
2026-08-08T22:20:00+00:00,1.0413,1.0414,1.0407,1.0414,60836.414778
2026-08-08T22:25:00+00:00,1.0412,1.0414,1.0404,1.0405,77895.826506
2026-08-08T22:30:00+00:00,1.0405,1.0407,1.0396,1.04,69644.143373
2026-08-08T22:35:00+00:00,1.04,1.04,1.0392,1.0395,92510.90904
2026-08-08T22:40:00+00:00,1.0395,1.0396,1.0388,1.0391,84807.979711
2026-08-08T22:45:00+00:00,1.039,1.0393,1.0387,1.0389,40154.00639
2026-08-08T22:50:00+00:00,1.0387,1.0389,1.0383,1.0389,201083.26143
2026-08-08T22:55:00+00:00,1.0389,1.0389,1.0378,1.0378,60188.491767
2026-08-08T23:00:00+00:00,1.0378,1.0378,1.0371,1.0373,209672.842165
2026-08-08T23:05:00+00:00,1.0373,1.0379,1.0373,1.0374,123796.797093
2026-08-08T23:10:00+00:00,1.0374,1.0374,1.0368,1.0372,76388.905831
2026-08-08T23:15:00+00:00,1.0371,1.0374,1.0363,1.0373,46408.155486
2026-08-08T23:20:00+00:00,1.0373,1.0377,1.0372,1.0375,44716.338745
2026-08-08T23:25:00+00:00,1.0375,1.0375,1.0374,1.0374,13361.273728
2026-08-08T23:30:00+00:00,1.0375,1.0379,1.0374,1.0379,32176.307568
2026-08-08T23:35:00+00:00,1.0379,1.0383,1.0377,1.0383,45737.970405
2026-08-08T23:40:00+00:00,1.0383,1.0388,1.0382,1.0386,235187.866566
2026-08-08T23:45:00+00:00,1.0386,1.0386,1.0381,1.0386,25959.555557
2026-08-08T23:45:00+00:00,1.0386,1.0386,1.0381,1.0386,25959.555557
2026-08-08T23:50:00+00:00,1.0385,1.0388,1.0383,1.0388,23698.467076
2026-08-08T23:55:00+00:00,1.0387,1.0389,1.0384,1.0388,25108.055271
2026-08-09T00:00:00+00:00,1.0387,1.0399,1.0387,1.0398,12975.823511
2026-08-09T00:05:00+00:00,1.0399,1.0399,1.0386,1.0387,18953.018628
2026-08-09T00:10:00+00:00,1.0386,1.0394,1.0385,1.0392,35134.383993
2026-08-09T00:15:00+00:00,1.0392,1.0393,1.0385,1.0387,21480.498555
2026-08-09T00:20:00+00:00,1.0386,1.0386,1.0379,1.038,29362.478514
2026-08-09T00:25:00+00:00,1.038,1.0381,1.0376,1.0378,41943.827905
2026-08-09T00:30:00+00:00,1.0378,1.0384,1.0376,1.0382,34112.426017
2026-08-09T00:35:00+00:00,1.0382,1.0389,1.038,1.0387,35794.640832
2026-08-09T00:40:00+00:00,1.0386,1.0392,1.0386,1.0392,38550.916109
2026-08-09T00:45:00+00:00,1.0391,1.0392,1.0368,1.037,113180.629659
2026-08-09T00:50:00+00:00,1.0369,1.0375,1.0368,1.0374,106338.087955
2026-08-09T00:55:00+00:00,1.0374,1.0388,1.0373,1.0388,52466.027355
2026-08-09T01:00:00+00:00,1.0388,1.04,1.0384,1.0387,210147.326804
2026-08-09T01:05:00+00:00,1.0387,1.0387,1.038,1.0386,53688.135152
2026-08-09T01:10:00+00:00,1.0385,1.0389,1.0384,1.0386,26093.291077
2026-08-09T01:15:00+00:00,1.0386,1.0391,1.0384,1.0387,31519.248238
2026-08-09T01:20:00+00:00,1.0388,1.0388,1.0377,1.0379,92356.923894
2026-08-09T01:25:00+00:00,1.0379,1.0379,1.0347,1.035,184742.926208
2026-08-09T01:30:00+00:00,1.0347,1.0364,1.0346,1.036,93214.0845
2026-08-09T01:35:00+00:00,1.036,1.0361,1.0353,1.0359,25951.70003
2026-08-09T01:40:00+00:00,1.0359,1.036,1.0356,1.0358,24361.904756
2026-08-09T01:45:00+00:00,1.0358,1.0363,1.0356,1.0359,27396.330029
2026-08-09T01:50:00+00:00,1.0358,1.0359,1.0349,1.0352,56383.778451
2026-08-09T01:55:00+00:00,1.0352,1.0356,1.0351,1.0351,33664.179264
2026-08-09T02:00:00+00:00,1.0351,1.0352,1.0341,1.0348,34577.48112
2026-08-09T02:05:00+00:00,1.0347,1.035,1.0343,1.0346,33201.794153
2026-08-09T02:10:00+00:00,1.0346,1.0356,1.0345,1.0356,25251.795522
2026-08-09T02:15:00+00:00,1.0355,1.0356,1.0347,1.035,30049.651363
2026-08-09T02:20:00+00:00,1.035,1.0357,1.035,1.0357,36861.976637
2026-08-09T02:25:00+00:00,1.0357,1.036,1.0354,1.0357,30080.179267
2026-08-09T02:30:00+00:00,1.0357,1.0357,1.0351,1.0352,68521.346023
2026-08-09T02:35:00+00:00,1.0352,1.0352,1.0348,1.035,41411.622048
2026-08-09T02:40:00+00:00,1.035,1.0353,1.0342,1.0342,24191.71611
2026-08-09T02:45:00+00:00,1.0341,1.035,1.0338,1.0339,332977.449624
2026-08-09T02:50:00+00:00,1.0339,1.0341,1.0329,1.0335,726212.18717
2026-08-09T02:55:00+00:00,1.0336,1.0344,1.0335,1.0344,35705.061096
2026-08-09T03:00:00+00:00,1.0344,1.0344,1.0337,1.0341,51487.884314
2026-08-09T03:05:00+00:00,1.0341,1.0341,1.0333,1.0338,41288.484489
2026-08-09T03:10:00+00:00,1.0338,1.0343,1.0337,1.034,55822.541348
2026-08-09T03:15:00+00:00,1.034,1.0343,1.0337,1.0343,29640.517594
2026-08-09T03:20:00+00:00,1.0343,1.0366,1.0343,1.0365,174070.410727
2026-08-09T03:25:00+00:00,1.0365,1.0369,1.0358,1.0363,117106.308259
2026-08-09T03:30:00+00:00,1.0363,1.0373,1.0358,1.0368,74344.76198
2026-08-09T03:35:00+00:00,1.0369,1.0372,1.0364,1.0371,24086.652794
2026-08-09T03:40:00+00:00,1.0371,1.0371,1.0365,1.0367,15901.236172
2026-08-09T03:45:00+00:00,1.0367,1.0372,1.0365,1.0366,19730.613839
2026-08-09T03:50:00+00:00,1.0366,1.037,1.0364,1.0369,8056.607673
2026-08-09T03:55:00+00:00,1.0367,1.0368,1.0362,1.0362,29588.598486
2026-08-09T04:00:00+00:00,1.0361,1.0372,1.0359,1.0372,22588.118608
2026-08-09T04:05:00+00:00,1.0372,1.0373,1.0368,1.0372,13581.42175
2026-08-09T04:10:00+00:00,1.0372,1.0383,1.0372,1.0382,25947.399024
2026-08-09T04:15:00+00:00,1.0383,1.0384,1.0375,1.0376,21406.069151
2026-08-09T04:20:00+00:00,1.0376,1.0382,1.0375,1.0381,21041.622319
2026-08-09T04:25:00+00:00,1.0381,1.0381,1.0376,1.038,16742.896428
2026-08-09T04:30:00+00:00,1.038,1.038,1.0373,1.0373,17736.864281
2026-08-09T04:35:00+00:00,1.0372,1.0377,1.0367,1.0376,37007.346631
2026-08-09T04:40:00+00:00,1.0376,1.0378,1.037,1.0375,29208.073308
2026-08-09T04:45:00+00:00,1.0375,1.0376,1.037,1.037,21882.33398
2026-08-09T04:50:00+00:00,1.037,1.0371,1.0365,1.0367,91656.84952
2026-08-09T04:55:00+00:00,1.0367,1.0369,1.0364,1.0369,11074.350716
2026-08-09T05:00:00+00:00,1.0368,1.0375,1.0365,1.0373,15483.854438
2026-08-09T05:05:00+00:00,1.0373,1.0377,1.037,1.0372,11085.78982
2026-08-09T05:10:00+00:00,1.0372,1.0374,1.0367,1.0368,19722.191717
2026-08-09T05:15:00+00:00,1.0367,1.0369,1.0365,1.0366,13750.394947
2026-08-09T05:20:00+00:00,1.0365,1.0367,1.0351,1.0357,150174.621045
2026-08-09T05:25:00+00:00,1.0357,1.0357,1.0344,1.0345,36328.16697
2026-08-09T05:30:00+00:00,1.0344,1.0348,1.0338,1.0345,101613.399166
2026-08-09T05:35:00+00:00,1.0345,1.0345,1.0336,1.0341,24896.173401
2026-08-09T05:40:00+00:00,1.0341,1.0345,1.0339,1.0344,29403.847334
2026-08-09T05:45:00+00:00,1.0345,1.035,1.0343,1.035,24520.393794
2026-08-09T05:50:00+00:00,1.0349,1.035,1.0348,1.035,16177.212266
2026-08-09T05:55:00+00:00,1.035,1.0357,1.0349,1.0357,14879.225674
2026-08-09T06:00:00+00:00,1.0357,1.0358,1.0353,1.0355,11333.594334
2026-08-09T06:05:00+00:00,1.0355,1.0376,1.0354,1.0369,106415.660239
2026-08-09T06:10:00+00:00,1.0369,1.0375,1.0366,1.0374,203018.570854
2026-08-09T06:15:00+00:00,1.0374,1.0377,1.0372,1.0375,22051.198826
2026-08-09T06:20:00+00:00,1.0374,1.0382,1.0374,1.0379,23271.005467
2026-08-09T06:25:00+00:00,1.0379,1.0385,1.0379,1.0385,6130.362862
2026-08-09T06:30:00+00:00,1.0385,1.0391,1.0384,1.0391,14409.371552
2026-08-09T06:35:00+00:00,1.0391,1.0391,1.0383,1.0388,47308.717712
2026-08-09T06:40:00+00:00,1.0388,1.0403,1.0384,1.0398,163884.77246
2026-08-09T06:45:00+00:00,1.0398,1.0402,1.0396,1.0397,24679.026857
2026-08-09T06:50:00+00:00,1.0396,1.0404,1.0396,1.0398,21073.874119
2026-08-09T06:55:00+00:00,1.0398,1.0405,1.0398,1.0402,45048.480598
2026-08-09T07:00:00+00:00,1.0401,1.0406,1.0399,1.0403,26184.273281
2026-08-09T07:05:00+00:00,1.0403,1.0405,1.0379,1.0384,322302.592937
2026-08-09T07:10:00+00:00,1.0382,1.0387,1.0373,1.0385,20776.390616
2026-08-09T07:15:00+00:00,1.0384,1.0384,1.0373,1.0375,31955.554047
2026-08-09T07:20:00+00:00,1.0374,1.0375,1.0366,1.037,55900.964665
2026-08-09T07:25:00+00:00,1.037,1.0374,1.0368,1.0369,32523.891756
2026-08-09T07:30:00+00:00,1.0369,1.0373,1.0366,1.0368,27069.178996
2026-08-09T07:35:00+00:00,1.0368,1.0368,1.0358,1.036,74069.726208
2026-08-09T07:40:00+00:00,1.0359,1.0364,1.0359,1.0363,15346.562245
2026-08-09T07:45:00+00:00,1.0362,1.0364,1.036,1.0361,8990.636741
2026-08-09T07:50:00+00:00,1.0361,1.0361,1.0357,1.0361,16113.610585
2026-08-09T07:55:00+00:00,1.0362,1.0368,1.0361,1.0363,27144.021826
2026-08-09T08:00:00+00:00,1.0363,1.0383,1.0363,1.0378,36165.514257
2026-08-09T08:05:00+00:00,1.0378,1.0378,1.0363,1.0369,48762.732766
2026-08-09T08:10:00+00:00,1.0368,1.0369,1.0364,1.0364,12438.149478
2026-08-09T08:15:00+00:00,1.0364,1.0366,1.036,1.0361,4696.569052
2026-08-09T08:20:00+00:00,1.036,1.0361,1.035,1.035,73033.982568
2026-08-09T08:25:00+00:00,1.0349,1.035,1.0344,1.035,48598.224757
2026-08-09T08:30:00+00:00,1.0349,1.035,1.0345,1.0345,31615.818511
2026-08-09T08:35:00+00:00,1.0345,1.0346,1.0327,1.0329,35766.205202
2026-08-09T08:40:00+00:00,1.0327,1.033,1.0302,1.0307,206377.086663
2026-08-09T08:45:00+00:00,1.0308,1.0325,1.0304,1.0321,212368.075711
2026-08-09T08:50:00+00:00,1.032,1.0325,1.0314,1.0325,25941.171623
2026-08-09T08:55:00+00:00,1.0325,1.0329,1.0322,1.0328,6061.805923
2026-08-09T09:00:00+00:00,1.0327,1.0335,1.0323,1.0335,47968.792769
2026-08-09T09:05:00+00:00,1.0335,1.0336,1.0328,1.0332,30529.881481
2026-08-09T09:10:00+00:00,1.033,1.0337,1.0327,1.0334,32135.71853
2026-08-09T09:15:00+00:00,1.0333,1.0336,1.0329,1.033,11780.178322
2026-08-09T09:20:00+00:00,1.0329,1.033,1.0325,1.0325,24255.656258
2026-08-09T09:25:00+00:00,1.0324,1.0325,1.0318,1.0318,6327.671386
2026-08-09T09:30:00+00:00,1.0318,1.0337,1.0317,1.0333,58289.802359
2026-08-09T09:35:00+00:00,1.0332,1.0335,1.0329,1.0335,70674.506275
2026-08-09T09:40:00+00:00,1.0334,1.0338,1.0333,1.0336,26029.155644
2026-08-09T09:45:00+00:00,1.0336,1.034,1.0333,1.034,14573.048075
2026-08-09T09:50:00+00:00,1.034,1.035,1.0337,1.035,22745.477979
2026-08-09T09:55:00+00:00,1.0349,1.035,1.0342,1.035,36050.474063
2026-08-09T10:00:00+00:00,1.035,1.0355,1.0348,1.0351,37868.531937
2026-08-09T10:05:00+00:00,1.035,1.0352,1.0349,1.035,25959.614776
2026-08-09T10:10:00+00:00,1.0349,1.0365,1.0349,1.0365,9234.678624
2026-08-09T10:15:00+00:00,1.0364,1.0371,1.0364,1.0368,35159.06177
2026-08-09T10:20:00+00:00,1.0368,1.0371,1.0366,1.0371,41867.999066
2026-08-09T10:25:00+00:00,1.0371,1.0371,1.0364,1.0366,39309.239473
2026-08-09T10:30:00+00:00,1.0366,1.0366,1.0359,1.0362,47941.685873
2026-08-09T10:35:00+00:00,1.0362,1.0364,1.0357,1.0358,101298.280035
2026-08-09T10:40:00+00:00,1.0357,1.0359,1.0354,1.0356,10425.225227
2026-08-09T10:45:00+00:00,1.0354,1.0358,1.0352,1.0358,18186.969095
2026-08-09T10:50:00+00:00,1.0359,1.0361,1.0356,1.0358,16799.093228
2026-08-09T10:55:00+00:00,1.0357,1.0361,1.0356,1.0361,17854.654103
2026-08-09T11:00:00+00:00,1.036,1.036,1.0349,1.0349,37781.288276
2026-08-09T11:05:00+00:00,1.0349,1.0353,1.0348,1.0353,30314.445465
2026-08-09T11:10:00+00:00,1.0352,1.0353,1.0349,1.035,34499.435562
2026-08-09T11:15:00+00:00,1.0349,1.0354,1.0345,1.0351,128510.671646
2026-08-09T11:20:00+00:00,1.0351,1.0354,1.0346,1.0347,17614.198522
2026-08-09T11:25:00+00:00,1.0347,1.0353,1.0347,1.035,36440.761045
2026-08-09T11:30:00+00:00,1.035,1.0354,1.0349,1.0353,49545.003103
2026-08-09T11:35:00+00:00,1.0352,1.0363,1.0352,1.0357,92949.079393
2026-08-09T11:40:00+00:00,1.0356,1.036,1.0356,1.036,56806.069559
2026-08-09T11:45:00+00:00,1.036,1.0363,1.0358,1.0359,43972.065017
2026-08-09T11:50:00+00:00,1.036,1.0363,1.0356,1.036,91431.899654
2026-08-09T11:55:00+00:00,1.0359,1.0363,1.0358,1.0361,17897.593538
2026-08-09T12:00:00+00:00,1.036,1.0361,1.035,1.0352,55947.404859
2026-08-09T12:05:00+00:00,1.035,1.0354,1.0344,1.035,61418.496474
2026-08-09T12:10:00+00:00,1.035,1.0355,1.0349,1.0354,132109.829513
2026-08-09T12:15:00+00:00,1.0353,1.0357,1.0351,1.0351,80904.181904
2026-08-09T12:20:00+00:00,1.035,1.0358,1.035,1.0357,45007.113869
2026-08-09T12:25:00+00:00,1.0357,1.0361,1.0355,1.0358,99435.659675
2026-08-09T12:30:00+00:00,1.0358,1.0361,1.0357,1.0358,68094.270277
2026-08-09T12:35:00+00:00,1.0357,1.036,1.0352,1.0358,70992.793768
2026-08-09T12:40:00+00:00,1.0357,1.036,1.0357,1.0359,20280.292582
2026-08-09T12:45:00+00:00,1.0359,1.0365,1.0358,1.0364,86303.901606
2026-08-09T12:50:00+00:00,1.0363,1.0367,1.0362,1.0367,55007.447442
2026-08-09T12:55:00+00:00,1.0367,1.0369,1.0362,1.0363,39096.298181
2026-08-09T13:00:00+00:00,1.0362,1.037,1.0361,1.037,21691.753747
2026-08-09T13:05:00+00:00,1.037,1.0377,1.037,1.0377,18484.778805
2026-08-09T13:10:00+00:00,1.0377,1.0384,1.0377,1.0381,241365.282697
2026-08-09T13:15:00+00:00,1.0382,1.0399,1.0381,1.0389,187684.965343
2026-08-09T13:20:00+00:00,1.0388,1.0391,1.0382,1.0386,74912.241506
2026-08-09T13:25:00+00:00,1.0386,1.0392,1.0383,1.0389,83586.546185
2026-08-09T13:30:00+00:00,1.0389,1.0393,1.0383,1.0389,60597.007211
2026-08-09T13:35:00+00:00,1.0389,1.0397,1.0388,1.0393,152295.170479
2026-08-09T13:40:00+00:00,1.0393,1.0396,1.0388,1.0392,82025.691331
2026-08-09T13:45:00+00:00,1.0392,1.0392,1.0388,1.0389,58051.639655
2026-08-09T13:50:00+00:00,1.0388,1.0389,1.0378,1.0379,34806.987234
2026-08-09T13:55:00+00:00,1.0378,1.038,1.0376,1.0378,96680.66653
2026-08-09T14:00:00+00:00,1.0377,1.038,1.0373,1.038,43580.920536
2026-08-09T14:05:00+00:00,1.0379,1.0391,1.0378,1.0391,40036.534515
2026-08-09T14:10:00+00:00,1.0391,1.0395,1.0387,1.0395,99307.878838
2026-08-09T14:15:00+00:00,1.0394,1.0395,1.0387,1.0388,56976.447182
2026-08-09T14:20:00+00:00,1.0387,1.0389,1.0379,1.0379,39400.443779
2026-08-09T14:25:00+00:00,1.0378,1.0383,1.0377,1.0382,27864.105434
2026-08-09T14:30:00+00:00,1.0381,1.039,1.0381,1.0388,56488.179545
2026-08-09T14:35:00+00:00,1.0387,1.0391,1.0384,1.0388,42777.884083
2026-08-09T14:40:00+00:00,1.0389,1.039,1.0386,1.0388,34726.411148
2026-08-09T14:45:00+00:00,1.0388,1.0392,1.0386,1.0392,37958.897223
2026-08-09T14:50:00+00:00,1.0391,1.0403,1.0391,1.0403,134623.993403
2026-08-09T14:55:00+00:00,1.0402,1.0424,1.0399,1.0416,416448.185649
2026-08-09T15:00:00+00:00,1.0417,1.0424,1.041,1.0424,141937.617311
2026-08-09T15:05:00+00:00,1.0424,1.0426,1.0408,1.0413,112411.920945
2026-08-09T15:10:00+00:00,1.0413,1.0414,1.0403,1.0409,111252.18941
2026-08-09T15:15:00+00:00,1.0409,1.0417,1.0405,1.0412,152175.592211
2026-08-09T15:20:00+00:00,1.0412,1.0413,1.0407,1.0413,69005.253347
2026-08-09T15:25:00+00:00,1.0412,1.0425,1.0412,1.0422,228347.409856
2026-08-09T15:30:00+00:00,1.0422,1.0422,1.0412,1.042,56097.53984
2026-08-09T15:35:00+00:00,1.0419,1.0428,1.0418,1.0424,77039.870117
2026-08-09T15:40:00+00:00,1.0423,1.0433,1.0423,1.043,56532.127104
2026-08-09T15:45:00+00:00,1.0429,1.043,1.0425,1.0427,25616.40831
2026-08-09T15:50:00+00:00,1.0426,1.0426,1.042,1.0426,68345.461977
2026-08-09T15:55:00+00:00,1.0425,1.0436,1.0423,1.0433,108176.465505
2026-08-09T16:00:00+00:00,1.0432,1.0433,1.0419,1.0432,301770.373298
2026-08-09T16:05:00+00:00,1.0431,1.0435,1.0427,1.043,89177.37276
2026-08-09T16:10:00+00:00,1.043,1.0431,1.042,1.0424,75783.194454
2026-08-09T16:15:00+00:00,1.0423,1.0428,1.0422,1.0422,41266.461624
2026-08-09T16:20:00+00:00,1.0423,1.0423,1.0415,1.0418,108950.334841
2026-08-09T16:25:00+00:00,1.0417,1.0419,1.0412,1.0419,79580.62053
2026-08-09T16:30:00+00:00,1.0418,1.0432,1.0418,1.0432,71521.460359
2026-08-09T16:35:00+00:00,1.0432,1.0439,1.043,1.0435,37573.991754
2026-08-09T16:40:00+00:00,1.0434,1.0445,1.0434,1.044,37539.747725
2026-08-09T16:45:00+00:00,1.044,1.0449,1.0428,1.0429,113416.070564
2026-08-09T16:50:00+00:00,1.0427,1.0431,1.0427,1.0429,24552.385918
2026-08-09T16:55:00+00:00,1.043,1.0436,1.0425,1.0433,86726.248396
2026-08-09T17:00:00+00:00,1.0433,1.0436,1.0426,1.0433,43796.258091
2026-08-09T17:05:00+00:00,1.0433,1.0434,1.0426,1.043,33537.767279
2026-08-09T17:10:00+00:00,1.0429,1.0432,1.0427,1.0431,32649.081095
2026-08-09T17:15:00+00:00,1.043,1.0437,1.0427,1.0434,51427.412982
2026-08-09T17:20:00+00:00,1.0434,1.0434,1.0426,1.0433,28202.669147
2026-08-09T17:25:00+00:00,1.0433,1.0435,1.0424,1.0425,22297.071502
2026-08-09T17:30:00+00:00,1.0426,1.0426,1.0416,1.0417,18758.033649
2026-08-09T17:35:00+00:00,1.0417,1.0427,1.0414,1.0419,203855.687671
2026-08-09T17:40:00+00:00,1.042,1.0421,1.0415,1.0417,19251.978825
2026-08-09T17:45:00+00:00,1.0416,1.0418,1.0407,1.0409,28196.700476
2026-08-09T17:50:00+00:00,1.0409,1.0411,1.0405,1.0411,25279.68035
2026-08-09T17:55:00+00:00,1.0411,1.0412,1.0404,1.0405,31476.532394
2026-08-09T18:00:00+00:00,1.0404,1.0415,1.0404,1.0406,114999.332418
2026-08-09T18:05:00+00:00,1.0406,1.0417,1.0406,1.0416,106420.583587
2026-08-09T18:10:00+00:00,1.0416,1.0417,1.0408,1.0409,95639.465631
2026-08-09T18:15:00+00:00,1.0408,1.0415,1.0401,1.0404,168475.255993
2026-08-09T18:20:00+00:00,1.0403,1.0411,1.0399,1.0404,239667.744463
2026-08-09T18:25:00+00:00,1.0404,1.0408,1.04,1.0407,18473.082994
2026-08-09T18:30:00+00:00,1.0407,1.0409,1.0403,1.0404,23935.004655
2026-08-09T18:35:00+00:00,1.0404,1.0404,1.0391,1.0393,267271.398824
2026-08-09T18:40:00+00:00,1.0393,1.0393,1.0389,1.0393,46635.64178
2026-08-09T18:45:00+00:00,1.0393,1.0399,1.039,1.039,42964.502756
2026-08-09T18:50:00+00:00,1.0389,1.0394,1.0386,1.0387,109096.611439
2026-08-09T18:55:00+00:00,1.0387,1.0395,1.0387,1.0392,100248.924491
2026-08-09T19:00:00+00:00,1.0393,1.0402,1.039,1.0402,81123.309897
2026-08-09T19:05:00+00:00,1.0401,1.0404,1.0397,1.0402,67088.32838
2026-08-09T19:10:00+00:00,1.0402,1.0403,1.0396,1.0401,50129.258095
2026-08-09T19:15:00+00:00,1.04,1.0407,1.04,1.0407,17830.119624
2026-08-09T19:20:00+00:00,1.0406,1.0407,1.0401,1.0407,68583.083532
2026-08-09T19:25:00+00:00,1.0407,1.041,1.0404,1.0405,61562.808421
2026-08-09T19:30:00+00:00,1.0405,1.0406,1.04,1.0402,58763.812828
2026-08-09T19:35:00+00:00,1.0402,1.0406,1.0398,1.0406,24892.460639
2026-08-09T19:40:00+00:00,1.0406,1.0411,1.0404,1.0409,12874.569268
2026-08-09T19:45:00+00:00,1.041,1.0414,1.0406,1.0413,48995.765903
2026-08-09T19:50:00+00:00,1.0412,1.0414,1.041,1.0411,32333.146718
2026-08-09T19:55:00+00:00,1.0412,1.0414,1.041,1.041,34867.673144
2026-08-09T20:00:00+00:00,1.0411,1.0412,1.0405,1.0406,36004.175282
2026-08-09T20:05:00+00:00,1.0406,1.0409,1.0404,1.0409,32534.631653
2026-08-09T20:10:00+00:00,1.0408,1.0411,1.0398,1.0398,55459.794926
2026-08-09T20:15:00+00:00,1.0398,1.0404,1.0389,1.0395,32416.132509
2026-08-09T20:20:00+00:00,1.0395,1.0402,1.0394,1.0401,15612.948701
2026-08-09T20:25:00+00:00,1.0402,1.0403,1.0399,1.0402,11670.051543
2026-08-09T20:30:00+00:00,1.04,1.0408,1.04,1.0406,36215.18227
2026-08-09T20:35:00+00:00,1.0406,1.0406,1.0404,1.0404,13940.496322
2026-08-09T20:40:00+00:00,1.0405,1.0409,1.0397,1.04,126571.342482
2026-08-09T20:45:00+00:00,1.04,1.0413,1.04,1.0411,55019.585018
2026-08-09T20:50:00+00:00,1.0409,1.0414,1.0407,1.0414,27178.88728
2026-08-09T20:55:00+00:00,1.0412,1.0417,1.041,1.0414,31389.825349
2026-08-09T21:00:00+00:00,1.0412,1.0414,1.0409,1.0412,14038.643204
2026-08-09T21:05:00+00:00,1.041,1.0412,1.0406,1.041,10812.72175
2026-08-09T21:10:00+00:00,1.0409,1.0423,1.0405,1.0406,131436.967381
2026-08-09T21:15:00+00:00,1.0407,1.0418,1.0406,1.0418,68427.589091
2026-08-09T21:20:00+00:00,1.0416,1.0421,1.0416,1.0418,47296.223826
2026-08-09T21:25:00+00:00,1.0419,1.0436,1.0419,1.0436,63497.83436
2026-08-09T21:30:00+00:00,1.0435,1.0441,1.0433,1.0438,70271.441043
2026-08-09T21:35:00+00:00,1.0438,1.0443,1.0435,1.0443,19983.809287
2026-08-09T21:40:00+00:00,1.0443,1.0444,1.0434,1.0439,69370.026052
2026-08-09T21:45:00+00:00,1.0437,1.0441,1.0427,1.0428,24908.521651
2026-08-09T21:50:00+00:00,1.0428,1.0429,1.0418,1.042,70380.39908
2026-08-09T21:55:00+00:00,1.042,1.0427,1.0418,1.0422,49375.819052
2026-08-09T22:00:00+00:00,1.0422,1.0427,1.0408,1.0416,352181.398985
2026-08-09T22:05:00+00:00,1.0415,1.0426,1.0414,1.0426,98867.335719
2026-08-09T22:10:00+00:00,1.0425,1.0452,1.0424,1.045,459437.586244
2026-08-09T22:15:00+00:00,1.045,1.0469,1.0439,1.044,328469.879771
2026-08-09T22:20:00+00:00,1.044,1.0447,1.0422,1.0422,219308.040978
2026-08-09T22:25:00+00:00,1.0423,1.0428,1.0418,1.042,45833.238723
2026-08-09T22:30:00+00:00,1.042,1.0424,1.0382,1.039,302643.24019
2026-08-09T22:35:00+00:00,1.039,1.0392,1.0362,1.0366,234730.726035
2026-08-09T22:40:00+00:00,1.0367,1.0378,1.0365,1.0378,49957.206475
2026-08-09T22:45:00+00:00,1.0377,1.0377,1.0365,1.0367,127176.297218
2026-08-09T22:50:00+00:00,1.0368,1.0368,1.0346,1.0367,130709.530333
2026-08-09T22:55:00+00:00,1.0368,1.0373,1.0361,1.0367,76376.499416
2026-08-09T23:00:00+00:00,1.0364,1.0375,1.0354,1.0374,78680.125702
2026-08-09T23:05:00+00:00,1.0373,1.0377,1.0355,1.0358,49537.860764
2026-08-09T23:10:00+00:00,1.0357,1.0366,1.0356,1.0357,116787.609999
2026-08-09T23:15:00+00:00,1.0356,1.0356,1.0329,1.0337,211229.58906
2026-08-09T23:20:00+00:00,1.0337,1.0337,1.0316,1.0329,243810.286866
2026-08-09T23:25:00+00:00,1.0329,1.0329,1.0303,1.0315,136995.397693
2026-08-09T23:30:00+00:00,1.0314,1.0314,1.0274,1.0287,741308.700467
2026-08-09T23:35:00+00:00,1.0286,1.0305,1.0281,1.0296,277859.817538
2026-08-09T23:40:00+00:00,1.0296,1.0299,1.0291,1.0296,370803.461686
2026-08-09T23:45:00+00:00,1.0295,1.0303,1.0294,1.0299,47477.672678
2026-08-09T23:45:00+00:00,1.0295,1.0303,1.0294,1.0299,47477.672678
2026-08-09T23:50:00+00:00,1.0298,1.0299,1.0289,1.0296,91255.80122
2026-08-09T23:55:00+00:00,1.0294,1.0294,1.0282,1.0292,130104.338603
2026-08-10T00:00:00+00:00,1.029,1.0293,1.028,1.0289,124744.6016
2026-08-10T00:05:00+00:00,1.0287,1.0312,1.0286,1.0311,209587.802384
2026-08-10T00:10:00+00:00,1.031,1.0367,1.0309,1.0347,394325.718059
2026-08-10T00:15:00+00:00,1.0348,1.0348,1.0331,1.0332,102446.161978
2026-08-10T00:20:00+00:00,1.0331,1.0335,1.0306,1.0311,152110.935994
2026-08-10T00:25:00+00:00,1.0311,1.0321,1.0308,1.0309,64251.565012
2026-08-10T00:30:00+00:00,1.0308,1.0319,1.0304,1.0318,78118.837926
2026-08-10T00:35:00+00:00,1.0318,1.0318,1.0272,1.0272,177039.234255
2026-08-10T00:40:00+00:00,1.0271,1.0288,1.027,1.0272,359071.962778
2026-08-10T00:45:00+00:00,1.0272,1.0311,1.0271,1.0311,159409.308651
2026-08-10T00:50:00+00:00,1.031,1.0331,1.0308,1.0325,175498.484521
2026-08-10T00:55:00+00:00,1.0324,1.0331,1.03,1.0305,102138.925917
2026-08-10T01:00:00+00:00,1.0305,1.0325,1.0301,1.0313,189936.995801
2026-08-10T01:05:00+00:00,1.0313,1.0319,1.0298,1.0319,138445.124322
2026-08-10T01:10:00+00:00,1.0318,1.033,1.0314,1.0324,111708.433129
2026-08-10T01:15:00+00:00,1.0324,1.0338,1.0324,1.0333,68720.138835
2026-08-10T01:20:00+00:00,1.0334,1.0336,1.0325,1.0333,53701.209138
2026-08-10T01:25:00+00:00,1.0332,1.034,1.0321,1.0322,122103.699543
2026-08-10T01:30:00+00:00,1.032,1.032,1.0303,1.0307,142051.475094
2026-08-10T01:35:00+00:00,1.0306,1.0306,1.0276,1.03,181878.999404
2026-08-10T01:40:00+00:00,1.0299,1.0308,1.0296,1.0307,191181.473176
2026-08-10T01:45:00+00:00,1.0306,1.0374,1.0302,1.0366,238719.254421
2026-08-10T01:50:00+00:00,1.0367,1.0401,1.0367,1.0377,549219.522072
2026-08-10T01:55:00+00:00,1.0377,1.0379,1.0363,1.0371,47706.03795
2026-08-10T02:00:00+00:00,1.0371,1.0376,1.0335,1.0357,135355.164069
2026-08-10T02:05:00+00:00,1.0356,1.0365,1.0338,1.0346,168117.523257
2026-08-10T02:10:00+00:00,1.0344,1.0355,1.0339,1.034,99040.089016
2026-08-10T02:15:00+00:00,1.0341,1.0341,1.029,1.0292,272040.86887
2026-08-10T02:20:00+00:00,1.0291,1.0304,1.0288,1.0289,200643.844572
2026-08-10T02:25:00+00:00,1.029,1.0294,1.0276,1.0294,414069.946408
2026-08-10T02:30:00+00:00,1.0294,1.031,1.0293,1.0302,190420.289205
2026-08-10T02:35:00+00:00,1.0302,1.0316,1.03,1.0316,55035.440354
2026-08-10T02:40:00+00:00,1.0316,1.0359,1.0316,1.0351,127101.864423
2026-08-10T02:45:00+00:00,1.0351,1.0351,1.0334,1.0336,137775.947141
2026-08-10T02:50:00+00:00,1.0337,1.0347,1.0337,1.0339,118886.181212
2026-08-10T02:55:00+00:00,1.034,1.0342,1.0333,1.034,37703.977157
2026-08-10T03:00:00+00:00,1.0339,1.034,1.0325,1.0329,185395.058011
2026-08-10T03:05:00+00:00,1.0329,1.0335,1.0321,1.0333,48132.185782
2026-08-10T03:10:00+00:00,1.0332,1.0334,1.0291,1.0293,364312.840027
2026-08-10T03:15:00+00:00,1.029,1.0328,1.0277,1.0328,277915.552847
2026-08-10T03:20:00+00:00,1.0328,1.0356,1.0328,1.0349,206061.890762
2026-08-10T03:25:00+00:00,1.0349,1.0355,1.0302,1.0304,313843.238623
2026-08-10T03:30:00+00:00,1.0304,1.0317,1.0299,1.0317,114225.787504
2026-08-10T03:35:00+00:00,1.0317,1.033,1.0314,1.032,40539.682448
2026-08-10T03:40:00+00:00,1.032,1.0329,1.0311,1.0315,80742.337982
2026-08-10T03:45:00+00:00,1.0315,1.0322,1.0313,1.0314,53263.648495
2026-08-10T03:50:00+00:00,1.0313,1.0316,1.0303,1.0304,77821.806052
2026-08-10T03:55:00+00:00,1.0304,1.0308,1.0295,1.0307,224710.70456
2026-08-10T04:00:00+00:00,1.0306,1.0316,1.0299,1.0311,181977.450497
2026-08-10T04:05:00+00:00,1.0312,1.0314,1.0304,1.0314,65189.428776
2026-08-10T04:10:00+00:00,1.0315,1.0316,1.0307,1.0316,24639.243119
2026-08-10T04:15:00+00:00,1.0315,1.0336,1.0315,1.0322,114518.485315
2026-08-10T04:20:00+00:00,1.0321,1.0328,1.031,1.031,62557.623467
2026-08-10T04:25:00+00:00,1.031,1.0325,1.0309,1.0317,49120.189585
2026-08-10T04:30:00+00:00,1.0317,1.0321,1.0306,1.0316,57520.90682
2026-08-10T04:35:00+00:00,1.0315,1.0319,1.031,1.031,78184.279646
2026-08-10T04:40:00+00:00,1.0309,1.0309,1.0285,1.0305,124836.843432
2026-08-10T04:45:00+00:00,1.0306,1.0322,1.0305,1.0312,88797.01698
2026-08-10T04:50:00+00:00,1.0312,1.0318,1.0306,1.0307,50286.953609
2026-08-10T04:55:00+00:00,1.0306,1.0309,1.0296,1.0309,63967.601393
2026-08-10T05:00:00+00:00,1.0307,1.0319,1.0307,1.0317,22360.708078
2026-08-10T05:05:00+00:00,1.0317,1.0327,1.0315,1.0324,51652.301223
2026-08-10T05:10:00+00:00,1.0324,1.0326,1.0306,1.0309,86386.780464
2026-08-10T05:15:00+00:00,1.0309,1.0322,1.0309,1.0314,31738.618766
2026-08-10T05:20:00+00:00,1.0314,1.0336,1.0314,1.0331,100292.585451
2026-08-10T05:25:00+00:00,1.0331,1.0336,1.0325,1.0333,68490.341142
2026-08-10T05:30:00+00:00,1.0332,1.0335,1.0326,1.0335,100854.355826
2026-08-10T05:35:00+00:00,1.0336,1.034,1.0332,1.0334,48938.081472
2026-08-10T05:40:00+00:00,1.0334,1.0336,1.0332,1.0335,47036.751034
2026-08-10T05:45:00+00:00,1.0335,1.0352,1.0333,1.0343,157186.145421
2026-08-10T05:50:00+00:00,1.0342,1.0356,1.0339,1.0354,68957.644055
2026-08-10T05:55:00+00:00,1.0355,1.0355,1.0343,1.0346,20996.781543
2026-08-10T06:00:00+00:00,1.0345,1.0358,1.0344,1.0354,94347.119732
2026-08-10T06:05:00+00:00,1.0354,1.0369,1.0347,1.0348,179726.958706
2026-08-10T06:10:00+00:00,1.0348,1.0351,1.0347,1.035,17237.165896
2026-08-10T06:15:00+00:00,1.0349,1.036,1.0342,1.036,80357.249647
2026-08-10T06:20:00+00:00,1.0357,1.036,1.0349,1.0354,61658.450502
2026-08-10T06:25:00+00:00,1.0355,1.0356,1.0344,1.0348,37717.1601
2026-08-10T06:30:00+00:00,1.0347,1.0355,1.0346,1.0353,44406.988206
2026-08-10T06:35:00+00:00,1.0354,1.0355,1.0348,1.0348,75837.414991
2026-08-10T06:40:00+00:00,1.0348,1.0366,1.0347,1.0366,96814.622107
2026-08-10T06:45:00+00:00,1.0364,1.0367,1.036,1.0367,80472.142403
2026-08-10T06:50:00+00:00,1.0366,1.0375,1.0359,1.0367,66341.997148
2026-08-10T06:55:00+00:00,1.0366,1.0378,1.0366,1.0377,93907.520697
2026-08-10T07:00:00+00:00,1.0378,1.0378,1.0367,1.0371,50700.84801
2026-08-10T07:05:00+00:00,1.037,1.0373,1.0367,1.037,54358.425495
2026-08-10T07:10:00+00:00,1.0371,1.0372,1.0364,1.0365,54993.512467
2026-08-10T07:15:00+00:00,1.0365,1.0375,1.036,1.0375,65892.367945
2026-08-10T07:20:00+00:00,1.0374,1.038,1.037,1.0378,61226.485292
2026-08-10T07:25:00+00:00,1.0378,1.0379,1.037,1.0375,29974.722867
2026-08-10T07:30:00+00:00,1.0375,1.0387,1.0374,1.0382,320013.288179
2026-08-10T07:35:00+00:00,1.0382,1.0395,1.0375,1.0385,280105.43792
2026-08-10T07:40:00+00:00,1.0385,1.0387,1.0384,1.0386,10773.291942
2026-08-10T07:45:00+00:00,1.0385,1.0385,1.0368,1.0368,35695.30864
2026-08-10T07:50:00+00:00,1.0368,1.0374,1.0358,1.0362,57732.084609
2026-08-10T07:55:00+00:00,1.0362,1.0371,1.036,1.0367,95650.60277
2026-08-10T08:00:00+00:00,1.0368,1.0379,1.0362,1.0374,44263.368729
2026-08-10T08:05:00+00:00,1.0373,1.0374,1.0352,1.0357,24211.512804
2026-08-10T08:10:00+00:00,1.0355,1.0359,1.0354,1.0358,35657.973432
2026-08-10T08:15:00+00:00,1.0357,1.0361,1.0348,1.036,88903.913209
2026-08-10T08:20:00+00:00,1.0359,1.0373,1.0358,1.0369,78340.622798
2026-08-10T08:25:00+00:00,1.037,1.0375,1.0342,1.0348,135097.469308
2026-08-10T08:30:00+00:00,1.0348,1.0349,1.0337,1.034,221355.723543
2026-08-10T08:35:00+00:00,1.034,1.0343,1.0331,1.0331,58564.356642
2026-08-10T08:40:00+00:00,1.033,1.0332,1.0305,1.0324,557679.424001
2026-08-10T08:45:00+00:00,1.0313,1.0321,1.0313,1.0319,75932.580438
2026-08-10T08:50:00+00:00,1.0318,1.0335,1.0314,1.0324,70175.12823
2026-08-10T08:55:00+00:00,1.0324,1.0336,1.0324,1.033,55266.075717
2026-08-10T09:00:00+00:00,1.033,1.0338,1.0325,1.0336,44574.383549
2026-08-10T09:05:00+00:00,1.0335,1.0338,1.0332,1.0333,74411.79879
2026-08-10T09:10:00+00:00,1.0331,1.0339,1.0329,1.0334,33374.537664
2026-08-10T09:15:00+00:00,1.0334,1.034,1.0332,1.0332,35804.615975
2026-08-10T09:20:00+00:00,1.0331,1.0331,1.0319,1.0321,45087.26589
2026-08-10T09:25:00+00:00,1.0321,1.0322,1.0311,1.0312,15846.454504
2026-08-10T09:30:00+00:00,1.031,1.0312,1.0292,1.0307,149855.588887
2026-08-10T09:35:00+00:00,1.0304,1.0309,1.0297,1.0306,137648.711872
2026-08-10T09:40:00+00:00,1.0305,1.0311,1.0303,1.0307,107967.106173
2026-08-10T09:45:00+00:00,1.0306,1.0309,1.0295,1.03,55780.178367
2026-08-10T09:50:00+00:00,1.03,1.0303,1.0293,1.0296,46622.185509
2026-08-10T09:55:00+00:00,1.0295,1.0304,1.0293,1.0298,53471.468618
2026-08-10T10:00:00+00:00,1.0297,1.0311,1.0294,1.0311,127205.182441
2026-08-10T10:05:00+00:00,1.0309,1.0311,1.0297,1.03,54578.705314
2026-08-10T10:10:00+00:00,1.0298,1.0301,1.0294,1.0295,32994.422224
2026-08-10T10:15:00+00:00,1.0293,1.0303,1.0292,1.0301,42339.441583
2026-08-10T10:20:00+00:00,1.03,1.0315,1.0299,1.0313,50888.678263
2026-08-10T10:25:00+00:00,1.0314,1.0316,1.0306,1.031,48259.70668
2026-08-10T10:30:00+00:00,1.0309,1.0311,1.0305,1.031,36225.501389
2026-08-10T10:35:00+00:00,1.0308,1.0316,1.0306,1.0311,196217.618911
2026-08-10T10:40:00+00:00,1.0311,1.0314,1.0309,1.0312,125896.250895
2026-08-10T10:45:00+00:00,1.0312,1.0319,1.0305,1.0316,124036.851533
2026-08-10T10:50:00+00:00,1.0317,1.0322,1.0314,1.0315,138759.920562
2026-08-10T10:55:00+00:00,1.0315,1.0319,1.0312,1.0315,62144.394829
2026-08-10T11:00:00+00:00,1.0315,1.0316,1.0305,1.0307,14773.003543
2026-08-10T11:05:00+00:00,1.0306,1.0309,1.0303,1.0309,37378.622714
2026-08-10T11:10:00+00:00,1.0308,1.0309,1.0302,1.0309,34795.461944
2026-08-10T11:15:00+00:00,1.0309,1.0324,1.0309,1.0321,55183.153697
2026-08-10T11:20:00+00:00,1.032,1.0325,1.0318,1.032,90219.051251
2026-08-10T11:25:00+00:00,1.0319,1.0327,1.0318,1.0327,55867.596744
2026-08-10T11:30:00+00:00,1.0327,1.0337,1.0327,1.0336,61729.995789
2026-08-10T11:35:00+00:00,1.0336,1.0337,1.0324,1.0325,32020.02983
2026-08-10T11:40:00+00:00,1.0326,1.0326,1.0318,1.0322,47513.346374
2026-08-10T11:45:00+00:00,1.0322,1.0331,1.0321,1.0325,81175.678291
2026-08-10T11:50:00+00:00,1.0324,1.0329,1.0322,1.0329,29642.557365
2026-08-10T11:55:00+00:00,1.0329,1.0338,1.0328,1.0338,160600.848906
2026-08-10T12:00:00+00:00,1.0336,1.0347,1.033,1.0343,108965.861709
2026-08-10T12:05:00+00:00,1.0343,1.0348,1.0336,1.0348,43882.962013
2026-08-10T12:10:00+00:00,1.0348,1.0349,1.0336,1.0337,64017.691759
2026-08-10T12:15:00+00:00,1.0336,1.0337,1.0325,1.0332,89536.662091
2026-08-10T12:20:00+00:00,1.0333,1.0337,1.0328,1.0331,37961.352397
2026-08-10T12:25:00+00:00,1.0331,1.0332,1.0316,1.0316,74579.366977
2026-08-10T12:30:00+00:00,1.0315,1.0321,1.0307,1.0308,68794.539986
2026-08-10T12:35:00+00:00,1.0306,1.0313,1.0298,1.0299,53326.953728
2026-08-10T12:40:00+00:00,1.0298,1.0311,1.0293,1.0311,107883.007284
2026-08-10T12:45:00+00:00,1.031,1.0312,1.0295,1.0296,293983.877065
2026-08-10T12:50:00+00:00,1.0296,1.0298,1.0283,1.0293,105313.693099
2026-08-10T12:55:00+00:00,1.0293,1.0293,1.0272,1.0281,176317.352701
2026-08-10T13:00:00+00:00,1.028,1.0285,1.0273,1.0278,96108.171971
2026-08-10T13:05:00+00:00,1.0277,1.0285,1.0274,1.0284,163690.335896
2026-08-10T13:10:00+00:00,1.0282,1.0286,1.0279,1.028,91351.403104
2026-08-10T13:15:00+00:00,1.028,1.0288,1.0275,1.0286,91792.646322
2026-08-10T13:20:00+00:00,1.0286,1.0287,1.0264,1.028,140385.981192
2026-08-10T13:25:00+00:00,1.0279,1.0279,1.0261,1.0275,453644.2321
2026-08-10T13:30:00+00:00,1.0276,1.0278,1.0234,1.0238,528045.664656
2026-08-10T13:35:00+00:00,1.0233,1.0269,1.0232,1.0242,705283.036893
2026-08-10T13:40:00+00:00,1.0243,1.0254,1.0237,1.025,243094.249922
2026-08-10T13:45:00+00:00,1.0249,1.026,1.0224,1.0234,239362.832999
2026-08-10T13:50:00+00:00,1.0234,1.0247,1.0229,1.0234,822290.690398
2026-08-10T13:55:00+00:00,1.0234,1.0253,1.0227,1.025,212579.059397
2026-08-10T14:00:00+00:00,1.0251,1.0277,1.0248,1.027,213036.429825
2026-08-10T14:05:00+00:00,1.0269,1.0287,1.0264,1.0279,105654.959636
2026-08-10T14:10:00+00:00,1.028,1.0296,1.0276,1.0291,156892.423776
2026-08-10T14:15:00+00:00,1.029,1.0296,1.0284,1.0292,145181.828616
2026-08-10T14:20:00+00:00,1.029,1.0296,1.0279,1.028,59809.747525
2026-08-10T14:25:00+00:00,1.028,1.0298,1.0278,1.0289,144496.984993
2026-08-10T14:30:00+00:00,1.0288,1.029,1.0284,1.0288,101499.931009
2026-08-10T14:35:00+00:00,1.0289,1.03,1.0289,1.0299,480239.730224
2026-08-10T14:40:00+00:00,1.0299,1.0317,1.0298,1.0308,265322.297637
2026-08-10T14:45:00+00:00,1.0309,1.0316,1.0291,1.0291,182009.581651
2026-08-10T14:50:00+00:00,1.0293,1.0295,1.0268,1.0275,69583.588816
2026-08-10T14:55:00+00:00,1.0274,1.0277,1.0258,1.0261,150592.123043
2026-08-10T15:00:00+00:00,1.026,1.0264,1.0243,1.0261,147732.728395
2026-08-10T15:05:00+00:00,1.0258,1.0263,1.0252,1.0259,216216.811898
2026-08-10T15:10:00+00:00,1.0259,1.0261,1.0216,1.0229,373230.392398
2026-08-10T15:15:00+00:00,1.0228,1.0253,1.0225,1.0235,248172.570663
2026-08-10T15:20:00+00:00,1.0233,1.0236,1.0208,1.0215,368584.92051
2026-08-10T15:25:00+00:00,1.0216,1.0227,1.0203,1.0226,435728.308468
2026-08-10T15:30:00+00:00,1.0224,1.0231,1.0214,1.022,134646.143719
2026-08-10T15:35:00+00:00,1.0219,1.0226,1.0206,1.0211,273096.693491
2026-08-10T15:40:00+00:00,1.0208,1.0221,1.0203,1.0217,123458.468875
2026-08-10T15:45:00+00:00,1.0217,1.0218,1.0207,1.0208,212044.143587
2026-08-10T15:50:00+00:00,1.021,1.0232,1.0207,1.0216,111795.259946
2026-08-10T15:55:00+00:00,1.0216,1.0226,1.0215,1.0222,127143.962599
2026-08-10T16:00:00+00:00,1.0221,1.0242,1.0212,1.0242,203241.307786
2026-08-10T16:05:00+00:00,1.0242,1.0245,1,1.0197,8980491.691304
2026-08-10T16:10:00+00:00,1.0196,1.0207,1.019,1.0206,665340.106823
2026-08-10T16:15:00+00:00,1.0204,1.0213,1.0194,1.0201,224390.779239
2026-08-10T16:20:00+00:00,1.0202,1.0216,1.0178,1.0215,696013.227683
2026-08-10T16:25:00+00:00,1.0215,1.0217,1.0198,1.02,324291.569208
2026-08-10T16:30:00+00:00,1.02,1.0209,1.0188,1.0197,783321.356178
2026-08-10T16:35:00+00:00,1.0199,1.0218,1.0198,1.0218,215414.95576
2026-08-10T16:40:00+00:00,1.0217,1.0221,1.0187,1.019,230106.524843
2026-08-10T16:45:00+00:00,1.0191,1.0192,1.0171,1.0178,309541.911154
2026-08-10T16:50:00+00:00,1.0179,1.0183,1.0158,1.0174,848573.581451
2026-08-10T16:55:00+00:00,1.0173,1.0185,1.0171,1.0176,284590.48363
2026-08-10T17:00:00+00:00,1.0176,1.018,1.0166,1.0175,277109.495692
2026-08-10T17:05:00+00:00,1.0175,1.0189,1.0169,1.0186,366776.95527
2026-08-10T17:10:00+00:00,1.0186,1.0212,1.0186,1.0202,577628.022854
2026-08-10T17:15:00+00:00,1.0202,1.0209,1.0199,1.02,158169.679189
2026-08-10T17:20:00+00:00,1.02,1.0208,1.0198,1.0203,135283.233475
2026-08-10T17:25:00+00:00,1.0203,1.0212,1.0195,1.0198,125257.735226
2026-08-10T17:30:00+00:00,1.0198,1.0212,1.0195,1.0208,187875.343759
2026-08-10T17:35:00+00:00,1.0208,1.0208,1.0198,1.0202,224954.65108
2026-08-10T17:40:00+00:00,1.0202,1.0207,1.0191,1.0192,96062.951009
2026-08-10T17:45:00+00:00,1.0191,1.0191,1.0177,1.0186,417331.683172
2026-08-10T17:50:00+00:00,1.0187,1.0193,1.0184,1.0188,153499.140683
2026-08-10T17:55:00+00:00,1.0188,1.0192,1.0185,1.019,92697.554286
2026-08-10T18:00:00+00:00,1.019,1.0198,1.0184,1.0189,202770.008015
2026-08-10T18:05:00+00:00,1.019,1.0194,1.0186,1.019,204012.340883
2026-08-10T18:10:00+00:00,1.019,1.0194,1.0183,1.0183,369873.619873
2026-08-10T18:15:00+00:00,1.0184,1.0188,1.0172,1.0185,278840.832391
2026-08-10T18:20:00+00:00,1.0185,1.019,1.0182,1.019,115229.5576
2026-08-10T18:25:00+00:00,1.019,1.0191,1.0183,1.0185,96003.657674
2026-08-10T18:30:00+00:00,1.0185,1.0186,1.0171,1.0171,154588.091213
2026-08-10T18:35:00+00:00,1.0173,1.0174,1.016,1.017,383769.518183
2026-08-10T18:40:00+00:00,1.0169,1.0171,1.0162,1.0171,116323.465453
2026-08-10T18:45:00+00:00,1.017,1.017,1.0147,1.0169,220861.963178
2026-08-10T18:50:00+00:00,1.0169,1.0171,1.0158,1.016,219203.691683
2026-08-10T18:55:00+00:00,1.016,1.0171,1.016,1.0165,88451.490098
2026-08-10T19:00:00+00:00,1.0164,1.0179,1.0163,1.0173,217740.493446
2026-08-10T19:05:00+00:00,1.0172,1.0181,1.0168,1.0174,220877.499728
2026-08-10T19:10:00+00:00,1.0174,1.0179,1.017,1.0178,199298.588432
2026-08-10T19:15:00+00:00,1.0178,1.0183,1.0175,1.0178,224325.508449
2026-08-10T19:20:00+00:00,1.0178,1.0193,1.0178,1.0191,195887.091663
2026-08-10T19:25:00+00:00,1.0192,1.0194,1.0187,1.0194,321644.074626
2026-08-10T19:30:00+00:00,1.0194,1.0226,1.0194,1.0225,1800422.832436
2026-08-10T19:35:00+00:00,1.0225,1.0225,1.0204,1.0212,352019.934165
2026-08-10T19:40:00+00:00,1.0212,1.0218,1.0209,1.021,188393.598322
2026-08-10T19:45:00+00:00,1.021,1.0212,1.0205,1.0207,71889.16868
2026-08-10T19:50:00+00:00,1.0206,1.0207,1.019,1.0191,192444.005969
2026-08-10T19:55:00+00:00,1.0192,1.0197,1.019,1.0193,158009.361816
2026-08-10T20:00:00+00:00,1.0193,1.0196,1.0187,1.0189,234232.532824
2026-08-10T20:05:00+00:00,1.0189,1.0192,1.0182,1.0189,220033.446146
2026-08-10T20:10:00+00:00,1.0189,1.0189,1.0182,1.0185,147838.868284
2026-08-10T20:15:00+00:00,1.0185,1.0194,1.0183,1.0193,201218.080541
2026-08-10T20:20:00+00:00,1.0193,1.0193,1.0185,1.0189,84312.527565
2026-08-10T20:25:00+00:00,1.019,1.02,1.0187,1.0198,125002.620508
2026-08-10T20:30:00+00:00,1.0198,1.02,1.0194,1.02,111318.75463
2026-08-10T20:35:00+00:00,1.02,1.0202,1.0193,1.0195,150923.989748
2026-08-10T20:40:00+00:00,1.0194,1.0201,1.0194,1.0196,98240.935404
2026-08-10T20:45:00+00:00,1.0195,1.0195,1.0181,1.0185,104474.17256
2026-08-10T20:50:00+00:00,1.0185,1.0189,1.0184,1.0184,122615.703765
2026-08-10T20:55:00+00:00,1.0184,1.0188,1.0181,1.0188,96881.890248
2026-08-10T21:00:00+00:00,1.0187,1.0188,1.0175,1.0188,288161.307379
2026-08-10T21:05:00+00:00,1.0188,1.0206,1.0187,1.0195,336359.107991
2026-08-10T21:10:00+00:00,1.0192,1.0193,1.0175,1.0182,145074.388546
2026-08-10T21:15:00+00:00,1.0182,1.0188,1.0175,1.0183,119399.354553
2026-08-10T21:20:00+00:00,1.0182,1.019,1.0177,1.0188,167766.057016
2026-08-10T21:25:00+00:00,1.0187,1.0204,1.0186,1.0202,111936.004203
2026-08-10T21:30:00+00:00,1.0202,1.0209,1.0196,1.0206,155741.066928
2026-08-10T21:35:00+00:00,1.0204,1.0206,1.0196,1.0197,133646.938719
2026-08-10T21:40:00+00:00,1.0196,1.0197,1.0187,1.0191,141029.250297
2026-08-10T21:45:00+00:00,1.0192,1.0192,1.0163,1.0164,184619.39225
2026-08-10T21:50:00+00:00,1.0164,1.0168,1.0154,1.0164,109165.823443
2026-08-10T21:55:00+00:00,1.0163,1.0169,1.0158,1.0161,75135.113965
2026-08-10T22:00:00+00:00,1.0162,1.0166,1.0076,1.0084,1274703.439936
2026-08-10T22:05:00+00:00,1.0081,1.01,1.0049,1.0094,1170453.028327
2026-08-10T22:10:00+00:00,1.0093,1.011,1.0085,1.0107,576284.191853
2026-08-10T22:15:00+00:00,1.0107,1.0114,1.01,1.011,280261.37963
2026-08-10T22:20:00+00:00,1.0109,1.0112,1.0096,1.0097,212402.031983
2026-08-10T22:25:00+00:00,1.0097,1.0114,1.0095,1.0111,212063.038613
2026-08-10T22:30:00+00:00,1.0109,1.0113,1.0085,1.0088,130553.503423
2026-08-10T22:35:00+00:00,1.0088,1.0092,1.008,1.0086,139753.875369
2026-08-10T22:40:00+00:00,1.0086,1.009,1.0081,1.0089,89730.721243
2026-08-10T22:45:00+00:00,1.0088,1.0102,1.0085,1.0099,151547.705565
2026-08-10T22:50:00+00:00,1.0099,1.01,1.0096,1.01,453567.516967
2026-08-10T22:55:00+00:00,1.01,1.011,1.0097,1.011,504745.462841
2026-08-10T23:00:00+00:00,1.0109,1.0109,1.0097,1.0099,459674.370875
2026-08-10T23:05:00+00:00,1.0098,1.0122,1.0097,1.0118,112423.448871
2026-08-10T23:10:00+00:00,1.0118,1.0129,1.0118,1.0124,110590.26825
2026-08-10T23:15:00+00:00,1.0124,1.0126,1.0116,1.0116,121208.334295
2026-08-10T23:20:00+00:00,1.0115,1.0117,1.01,1.0111,186957.396643
2026-08-10T23:25:00+00:00,1.0111,1.012,1.0107,1.0119,124269.316111
2026-08-10T23:30:00+00:00,1.0119,1.0119,1.0108,1.0113,83913.731183
2026-08-10T23:35:00+00:00,1.0111,1.012,1.0107,1.0119,220885.031561
2026-08-10T23:40:00+00:00,1.0119,1.0124,1.0117,1.012,84817.263935
2026-08-10T23:45:00+00:00,1.0119,1.0122,1.0101,1.0106,320604.643612
2026-08-10T23:45:00+00:00,1.0119,1.0122,1.0101,1.0106,320604.643612
2026-08-10T23:50:00+00:00,1.0107,1.0114,1.0107,1.0111,114299.366446
2026-08-10T23:55:00+00:00,1.0109,1.0118,1.0106,1.0114,514297.53116
2026-08-11T00:00:00+00:00,1.0113,1.0117,1.0099,1.0104,246237.318908
2026-08-11T00:05:00+00:00,1.0103,1.011,1.0094,1.0094,155863.390765
2026-08-11T00:10:00+00:00,1.0094,1.0104,1.0091,1.0104,174911.470185
2026-08-11T00:15:00+00:00,1.0103,1.0105,1.0093,1.0104,156048.217581
2026-08-11T00:20:00+00:00,1.0104,1.0112,1.0095,1.0107,120750.923519
2026-08-11T00:25:00+00:00,1.0108,1.0118,1.0106,1.0114,150648.131647
2026-08-11T00:30:00+00:00,1.0114,1.0116,1.0106,1.0108,154195.057625
2026-08-11T00:35:00+00:00,1.0108,1.0114,1.0103,1.0113,85455.794566
2026-08-11T00:40:00+00:00,1.0111,1.0113,1.0098,1.01,288065.533806
2026-08-11T00:45:00+00:00,1.01,1.0106,1.0097,1.0105,121606.689319
2026-08-11T00:50:00+00:00,1.0105,1.0114,1.0101,1.0109,149321.569658
2026-08-11T00:55:00+00:00,1.0107,1.0125,1.0107,1.0121,183285.792063
2026-08-11T01:00:00+00:00,1.0119,1.0121,1.0101,1.0106,64296.757164
2026-08-11T01:05:00+00:00,1.0106,1.0111,1.0104,1.011,62373.01547
2026-08-11T01:10:00+00:00,1.011,1.0131,1.011,1.0129,97625.855381
2026-08-11T01:15:00+00:00,1.013,1.0134,1.012,1.0121,274934.820656
2026-08-11T01:20:00+00:00,1.0121,1.0141,1.012,1.0139,82105.512604
2026-08-11T01:25:00+00:00,1.0139,1.0141,1.0129,1.0139,229724.381308
2026-08-11T01:30:00+00:00,1.0139,1.0139,1.0132,1.0133,71530.669345
2026-08-11T01:35:00+00:00,1.0133,1.0133,1.0123,1.0123,139616.78882
2026-08-11T01:40:00+00:00,1.0122,1.0132,1.0116,1.013,141984.321342
2026-08-11T01:45:00+00:00,1.0129,1.0147,1.0127,1.0147,65009.170383
2026-08-11T01:50:00+00:00,1.0146,1.0155,1.0145,1.0148,76533.01232
2026-08-11T01:55:00+00:00,1.0149,1.015,1.0144,1.0149,48238.271878
2026-08-11T02:00:00+00:00,1.0148,1.0158,1.0146,1.0158,98913.760714
2026-08-11T02:05:00+00:00,1.0157,1.0157,1.0145,1.0152,127107.851134
2026-08-11T02:10:00+00:00,1.0152,1.0153,1.0142,1.0144,82016.608944
2026-08-11T02:15:00+00:00,1.0144,1.0147,1.014,1.014,36960.909593
2026-08-11T02:20:00+00:00,1.0141,1.0141,1.013,1.0134,91398.04711
2026-08-11T02:25:00+00:00,1.0134,1.0134,1.0129,1.0132,48295.143891
2026-08-11T02:30:00+00:00,1.0131,1.0136,1.0131,1.0132,43456.784434
2026-08-11T02:35:00+00:00,1.0132,1.0134,1.0125,1.0126,52114.363353
2026-08-11T02:40:00+00:00,1.0126,1.0135,1.0125,1.0133,97409.911255
2026-08-11T02:45:00+00:00,1.0133,1.0134,1.013,1.0132,37086.793973
2026-08-11T02:50:00+00:00,1.0132,1.0132,1.0121,1.0127,97489.898866
2026-08-11T02:55:00+00:00,1.0127,1.0128,1.0121,1.0124,103533.801883
2026-08-11T03:00:00+00:00,1.0125,1.0138,1.0124,1.0137,38765.938492
2026-08-11T03:05:00+00:00,1.0137,1.0143,1.0129,1.0135,276335.680849
2026-08-11T03:10:00+00:00,1.0136,1.0136,1.0123,1.0124,26711.644279
2026-08-11T03:15:00+00:00,1.0123,1.0138,1.0121,1.0132,104543.286889
2026-08-11T03:20:00+00:00,1.0132,1.014,1.0128,1.0134,251207.314676
2026-08-11T03:25:00+00:00,1.0134,1.0141,1.0131,1.0132,70401.435292
2026-08-11T03:30:00+00:00,1.0132,1.0132,1.0121,1.0124,43007.409053
2026-08-11T03:35:00+00:00,1.0123,1.0136,1.0123,1.0135,232741.388781
2026-08-11T03:40:00+00:00,1.0135,1.0139,1.0127,1.0131,74076.144804
2026-08-11T03:45:00+00:00,1.0131,1.0134,1.0127,1.0132,123025.649183
2026-08-11T03:50:00+00:00,1.0132,1.0136,1.0128,1.0133,60934.134355
2026-08-11T03:55:00+00:00,1.0133,1.0139,1.0131,1.0138,49711.429174
2026-08-11T04:00:00+00:00,1.0136,1.0144,1.0135,1.0137,96108.880451
2026-08-11T04:05:00+00:00,1.0137,1.0141,1.0137,1.0138,37257.286497
2026-08-11T04:10:00+00:00,1.0138,1.0139,1.0134,1.0138,43806.891267
2026-08-11T04:15:00+00:00,1.0139,1.014,1.0132,1.0134,77841.56106
2026-08-11T04:20:00+00:00,1.0134,1.0139,1.0131,1.0132,83929.088052
2026-08-11T04:25:00+00:00,1.0133,1.0133,1.013,1.0131,11294.945292
2026-08-11T04:30:00+00:00,1.0131,1.0134,1.0126,1.0129,78152.894999
2026-08-11T04:35:00+00:00,1.0129,1.0133,1.0125,1.0128,49317.166036
2026-08-11T04:40:00+00:00,1.0127,1.0128,1.0124,1.0127,35918.155848
2026-08-11T04:45:00+00:00,1.0127,1.013,1.0125,1.0128,40418.886023
2026-08-11T04:50:00+00:00,1.0129,1.013,1.012,1.0126,223034.354813
2026-08-11T04:55:00+00:00,1.0126,1.0126,1.012,1.0121,51288.129804
2026-08-11T05:00:00+00:00,1.012,1.0122,1.0116,1.012,60555.137181
2026-08-11T05:05:00+00:00,1.012,1.0129,1.0117,1.0123,172448.620495
2026-08-11T05:10:00+00:00,1.0123,1.0123,1.0116,1.0119,72347.918079
2026-08-11T05:15:00+00:00,1.0119,1.0122,1.011,1.0113,67077.256232
2026-08-11T05:20:00+00:00,1.0112,1.0112,1.0101,1.0104,110025.663737
2026-08-11T05:25:00+00:00,1.0104,1.0108,1.0104,1.0108,60889.612829
2026-08-11T05:30:00+00:00,1.0108,1.0121,1.0105,1.0119,207897.640542
2026-08-11T05:35:00+00:00,1.0119,1.013,1.0119,1.0125,254654.427277
2026-08-11T05:40:00+00:00,1.0125,1.0129,1.0124,1.0128,71751.702618
2026-08-11T05:45:00+00:00,1.0128,1.0128,1.011,1.0111,154437.005185
2026-08-11T05:50:00+00:00,1.0112,1.0112,1.0097,1.0099,138720.312346
2026-08-11T05:55:00+00:00,1.0098,1.0103,1.0089,1.009,228763.756661
2026-08-11T06:00:00+00:00,1.009,1.0093,1.0079,1.0092,105251.437055
2026-08-11T06:05:00+00:00,1.0092,1.0108,1.0091,1.0106,64809.54589
2026-08-11T06:10:00+00:00,1.0106,1.0109,1.0103,1.0105,32989.568103
2026-08-11T06:15:00+00:00,1.0103,1.0105,1.01,1.01,49394.368236
2026-08-11T06:20:00+00:00,1.01,1.01,1.0079,1.0085,110090.42104
2026-08-11T06:25:00+00:00,1.0085,1.0085,1.007,1.0083,142118.650627
2026-08-11T06:30:00+00:00,1.0083,1.0086,1.0057,1.007,117229.887761
2026-08-11T06:35:00+00:00,1.007,1.0072,1.0009,1.0056,1126461.208173
2026-08-11T06:40:00+00:00,1.0052,1.0058,1.0041,1.0046,157170.513652
2026-08-11T06:45:00+00:00,1.0045,1.005,1.0039,1.0042,168069.024243
2026-08-11T06:50:00+00:00,1.0044,1.0046,1.0024,1.0033,81203.178876
2026-08-11T06:55:00+00:00,1.0032,1.0055,1.0032,1.0054,109945.350653
2026-08-11T07:00:00+00:00,1.0055,1.0061,1.0049,1.0058,254196.362899
2026-08-11T07:05:00+00:00,1.0059,1.0064,1.0044,1.0045,169794.72172
2026-08-11T07:10:00+00:00,1.0045,1.0054,1.0043,1.005,46203.666977
2026-08-11T07:15:00+00:00,1.0049,1.0055,1.0037,1.0048,216966.856802
2026-08-11T07:20:00+00:00,1.0046,1.0046,1.0031,1.0033,156058.395524
2026-08-11T07:25:00+00:00,1.0034,1.0039,1.0021,1.0024,437846.503445
2026-08-11T07:30:00+00:00,1.0024,1.0039,1.0022,1.0033,216864.433209
2026-08-11T07:35:00+00:00,1.0033,1.0047,1.0033,1.0045,181768.474317
2026-08-11T07:40:00+00:00,1.0044,1.0046,1.0037,1.0046,184210.252944
2026-08-11T07:45:00+00:00,1.0046,1.0053,1.0037,1.004,47537.904258
2026-08-11T07:50:00+00:00,1.0038,1.0045,1.0029,1.0031,71925.74729
2026-08-11T07:55:00+00:00,1.003,1.0039,1.0029,1.0039,36891.640282
2026-08-11T08:00:00+00:00,1.0039,1.0056,1.0037,1.0037,45951.616608
2026-08-11T08:05:00+00:00,1.0039,1.0047,1.0033,1.0035,158194.782096
2026-08-11T08:10:00+00:00,1.0034,1.0041,1.0033,1.0033,78214.456052
2026-08-11T08:15:00+00:00,1.0035,1.0037,1.0027,1.0029,77677.422461
2026-08-11T08:20:00+00:00,1.0029,1.0032,1.0019,1.0021,248086.623637
2026-08-11T08:25:00+00:00,1.0021,1.0039,1.0021,1.0033,117881.615332
2026-08-11T08:30:00+00:00,1.0033,1.0033,1.0011,1.0016,142624.890619
2026-08-11T08:35:00+00:00,1.0016,1.0029,1.0016,1.0027,68031.78669
2026-08-11T08:40:00+00:00,1.0028,1.0045,1.0028,1.0044,67218.745663
2026-08-11T08:45:00+00:00,1.0043,1.0049,1.0036,1.004,55154.375369
2026-08-11T08:50:00+00:00,1.004,1.0052,1.0039,1.0049,43134.697847
2026-08-11T08:55:00+00:00,1.0049,1.005,1.0044,1.005,96204.132751
2026-08-11T09:00:00+00:00,1.005,1.0054,1.0039,1.0044,165806.022312
2026-08-11T09:05:00+00:00,1.0044,1.0047,1.0035,1.0036,61426.308228
2026-08-11T09:10:00+00:00,1.0036,1.0046,1.0036,1.0045,58938.295666
2026-08-11T09:15:00+00:00,1.0044,1.0057,1.0041,1.0056,75065.765548
2026-08-11T09:20:00+00:00,1.0056,1.0059,1.005,1.0055,80790.7291
2026-08-11T09:25:00+00:00,1.0055,1.006,1.005,1.0052,65741.444534
2026-08-11T09:30:00+00:00,1.0053,1.0056,1.0043,1.0045,71672.475649
2026-08-11T09:35:00+00:00,1.0045,1.0047,1.0044,1.0044,29874.365607
2026-08-11T09:40:00+00:00,1.0044,1.0057,1.0044,1.0053,77904.834324
2026-08-11T09:45:00+00:00,1.0053,1.0058,1.0051,1.0054,149422.660999
2026-08-11T09:50:00+00:00,1.0054,1.0067,1.005,1.0056,196885.757626
2026-08-11T09:55:00+00:00,1.0056,1.0064,1.0055,1.0063,44856.175347
2026-08-11T10:00:00+00:00,1.0062,1.0062,1.0052,1.0056,53454.171851
2026-08-11T10:05:00+00:00,1.0055,1.006,1.005,1.0052,84132.923241
2026-08-11T10:10:00+00:00,1.0052,1.0053,1.0033,1.0034,62430.401515
2026-08-11T10:15:00+00:00,1.0032,1.0034,1.0021,1.0027,157810.812878
2026-08-11T10:20:00+00:00,1.0026,1.0026,1.0008,1.0017,192249.054436
2026-08-11T10:25:00+00:00,1.0016,1.0037,1.0016,1.0034,117293.915467
2026-08-11T10:30:00+00:00,1.0034,1.0036,1.0021,1.0023,97504.890946
2026-08-11T10:35:00+00:00,1.0022,1.0027,1.0016,1.0021,184681.852998
2026-08-11T10:40:00+00:00,1.0021,1.0026,1.0019,1.0025,55203.607391
2026-08-11T10:45:00+00:00,1.0025,1.0051,1.0025,1.0051,319337.241447
2026-08-11T10:50:00+00:00,1.0051,1.0058,1.005,1.0056,91039.21051
2026-08-11T10:55:00+00:00,1.0055,1.0056,1.0044,1.0047,72813.001481
2026-08-11T11:00:00+00:00,1.0047,1.0092,1.0045,1.0082,237126.79536
2026-08-11T11:05:00+00:00,1.0082,1.0084,1.0067,1.0071,135733.393842
2026-08-11T11:10:00+00:00,1.0071,1.0084,1.0071,1.0075,177175.105796
2026-08-11T11:15:00+00:00,1.0075,1.0079,1.0068,1.0071,183258.183939
2026-08-11T11:20:00+00:00,1.0071,1.0082,1.0071,1.0077,164436.682944
2026-08-11T11:25:00+00:00,1.0076,1.008,1.0074,1.0076,66726.697463
2026-08-11T11:30:00+00:00,1.0076,1.0078,1.007,1.0074,81495.822982
2026-08-11T11:35:00+00:00,1.0073,1.0077,1.007,1.0076,96109.671767
2026-08-11T11:40:00+00:00,1.0074,1.0083,1.0068,1.0072,218233.688458
2026-08-11T11:45:00+00:00,1.0071,1.0084,1.007,1.0081,109552.296154
2026-08-11T11:50:00+00:00,1.0082,1.0082,1.0069,1.0077,210620.122033
2026-08-11T11:55:00+00:00,1.0077,1.0078,1.0071,1.0074,117094.918781
2026-08-11T12:00:00+00:00,1.0074,1.008,1.0068,1.0071,159852.126701
2026-08-11T12:05:00+00:00,1.007,1.0085,1.007,1.0084,82924.983765
2026-08-11T12:10:00+00:00,1.0083,1.0087,1.0072,1.0078,180901.416242
2026-08-11T12:15:00+00:00,1.0076,1.0084,1.0073,1.0074,197635.978906
2026-08-11T12:20:00+00:00,1.0074,1.0075,1.005,1.0053,243012.486615
2026-08-11T12:25:00+00:00,1.0053,1.0054,1.0043,1.0053,192909.264611
2026-08-11T12:30:00+00:00,1.0053,1.0057,1.0045,1.0056,110205.460072
2026-08-11T12:35:00+00:00,1.0055,1.0062,1.0048,1.0062,120557.470303
2026-08-11T12:40:00+00:00,1.0062,1.0063,1.0054,1.0056,47045.792148
2026-08-11T12:45:00+00:00,1.0056,1.0059,1.0039,1.0042,120304.985133
2026-08-11T12:50:00+00:00,1.0041,1.0046,1.0035,1.0035,136251.744857
2026-08-11T12:55:00+00:00,1.0035,1.0041,1.0031,1.0036,105401.795775
2026-08-11T13:00:00+00:00,1.0036,1.0049,1.0032,1.0041,102198.428492
2026-08-11T13:05:00+00:00,1.004,1.0067,1.0038,1.0066,284694.653654
2026-08-11T13:10:00+00:00,1.0066,1.007,1.0048,1.0056,281421.746231
2026-08-11T13:15:00+00:00,1.0055,1.0059,1.0042,1.0048,144772.185834
2026-08-11T13:20:00+00:00,1.0048,1.0057,1.0046,1.0056,160609.957528
2026-08-11T13:25:00+00:00,1.0055,1.0064,1.0049,1.0061,200785.61919
2026-08-11T13:30:00+00:00,1.0061,1.0075,1.0035,1.0037,243062.550366
2026-08-11T13:35:00+00:00,1.0034,1.0058,1.0023,1.0057,172112.959726
2026-08-11T13:40:00+00:00,1.0058,1.0075,1.0057,1.0065,104839.86632
2026-08-11T13:45:00+00:00,1.0064,1.0092,1.0052,1.0083,313675.731627
2026-08-11T13:50:00+00:00,1.0083,1.0085,1.0061,1.0062,162319.980386
2026-08-11T13:55:00+00:00,1.006,1.0082,1.0059,1.008,98175.317747
2026-08-11T14:00:00+00:00,1.0078,1.0102,1.0072,1.0093,251998.59844
2026-08-11T14:05:00+00:00,1.0091,1.0103,1.008,1.0091,218060.113826
2026-08-11T14:10:00+00:00,1.0092,1.0097,1.0085,1.0088,190177.199212
2026-08-11T14:15:00+00:00,1.0086,1.0098,1.0077,1.0083,140720.71714
2026-08-11T14:20:00+00:00,1.0083,1.0092,1.005,1.0052,175895.592072
2026-08-11T14:25:00+00:00,1.0051,1.0067,1.0045,1.0056,180241.223068
2026-08-11T14:30:00+00:00,1.0055,1.0055,1.0044,1.0048,99986.097836
2026-08-11T14:35:00+00:00,1.0049,1.0058,1.0026,1.003,119443.763313
2026-08-11T14:40:00+00:00,1.0029,1.0039,1.0016,1.0039,170607.356595
2026-08-11T14:45:00+00:00,1.0039,1.0045,1.0029,1.0029,145072.670291
2026-08-11T14:50:00+00:00,1.0028,1.0028,0.9948,0.9985,4060128.970385
2026-08-11T14:55:00+00:00,0.9984,0.9985,0.9905,0.9937,2079300.724292
2026-08-11T15:00:00+00:00,0.9937,0.9974,0.9929,0.9968,1310282.168672
2026-08-11T15:05:00+00:00,0.9968,0.9992,0.9964,0.999,630933.275209
2026-08-11T15:10:00+00:00,0.999,0.9992,0.9954,0.9964,320924.168353
2026-08-11T15:15:00+00:00,0.9963,1.0003,0.9956,1.0002,509678.532101
2026-08-11T15:20:00+00:00,1.0002,1.0032,0.9992,1.0027,412894.758657
2026-08-11T15:25:00+00:00,1.0029,1.0071,1.0021,1.0057,969433.197494
2026-08-11T15:30:00+00:00,1.0058,1.0068,1.0026,1.0027,633451.33816
2026-08-11T15:35:00+00:00,1.0028,1.0032,0.9991,0.9998,440014.178205
2026-08-11T15:40:00+00:00,0.9998,1.0004,0.9953,0.9995,744972.324198
2026-08-11T15:45:00+00:00,0.9995,1.0009,0.999,1.0003,539345.390199
2026-08-11T15:50:00+00:00,1.0002,1.0019,0.9995,1.0006,657292.080761
2026-08-11T15:55:00+00:00,1.0006,1.0036,1.0002,1.0031,395504.047675
2026-08-11T16:00:00+00:00,1.0028,1.0047,1.0016,1.0038,156292.537312
2026-08-11T16:05:00+00:00,1.004,1.0044,1.0011,1.0032,388737.365653
2026-08-11T16:10:00+00:00,1.0033,1.005,1.0029,1.0043,325715.491044
2026-08-11T16:15:00+00:00,1.0043,1.0061,1.0031,1.0057,572426.347646
2026-08-11T16:20:00+00:00,1.0058,1.0072,1.005,1.0069,294512.888164
2026-08-11T16:25:00+00:00,1.0067,1.0079,1.006,1.0066,277325.259743
2026-08-11T16:30:00+00:00,1.0065,1.0082,1.0061,1.0071,327566.986584
2026-08-11T16:35:00+00:00,1.0071,1.0081,1.0058,1.006,250195.753579
2026-08-11T16:40:00+00:00,1.006,1.0079,1.0059,1.007,180799.290868
2026-08-11T16:45:00+00:00,1.007,1.008,1.0059,1.0079,449875.512513
2026-08-11T16:50:00+00:00,1.0079,1.01,1.0069,1.009,392730.039587
2026-08-11T16:55:00+00:00,1.009,1.0102,1.0085,1.0089,374124.204952
2026-08-11T17:00:00+00:00,1.0089,1.0107,1.0088,1.0096,194687.457453
2026-08-11T17:05:00+00:00,1.0096,1.0104,1.0087,1.0091,279992.878523
2026-08-11T17:10:00+00:00,1.009,1.0103,1.0083,1.0092,191919.817748
2026-08-11T17:15:00+00:00,1.0092,1.012,1.0092,1.0119,198815.927696
2026-08-11T17:20:00+00:00,1.0116,1.0123,1.0108,1.0116,302611.500132
2026-08-11T17:25:00+00:00,1.0116,1.014,1.0108,1.0136,362410.652085
2026-08-11T17:30:00+00:00,1.0137,1.0154,1.012,1.0131,324699.627585
2026-08-11T17:35:00+00:00,1.0131,1.0144,1.013,1.0139,149879.983387
2026-08-11T17:40:00+00:00,1.0139,1.0149,1.0136,1.0141,263357.528112
2026-08-11T17:45:00+00:00,1.014,1.0147,1.0135,1.0141,289278.655131
2026-08-11T17:50:00+00:00,1.0141,1.0148,1.0127,1.0147,374530.865572
2026-08-11T17:55:00+00:00,1.0147,1.0149,1.013,1.0134,181738.691985
2026-08-11T18:00:00+00:00,1.0134,1.0181,1.0134,1.015,589068.401179
2026-08-11T18:05:00+00:00,1.015,1.0151,1.0136,1.0143,152245.989944
2026-08-11T18:10:00+00:00,1.0143,1.0144,1.0127,1.014,385971.430399
2026-08-11T18:15:00+00:00,1.0138,1.0144,1.013,1.0143,200415.117639
2026-08-11T18:20:00+00:00,1.0143,1.0149,1.012,1.0123,129960.94532
2026-08-11T18:25:00+00:00,1.0123,1.0135,1.011,1.0113,219867.559662
2026-08-11T18:30:00+00:00,1.0113,1.0114,1.0074,1.0104,534194.964845
2026-08-11T18:35:00+00:00,1.0104,1.0115,1.009,1.0093,170899.627337
2026-08-11T18:40:00+00:00,1.0092,1.0102,1.0083,1.01,185645.785787
2026-08-11T18:45:00+00:00,1.01,1.0111,1.0099,1.0104,131632.573643
2026-08-11T18:50:00+00:00,1.0107,1.0112,1.0101,1.0111,28169.931999
2026-08-11T18:55:00+00:00,1.0111,1.0122,1.011,1.0119,117111.977707
2026-08-11T19:00:00+00:00,1.0118,1.012,1.0112,1.0119,77895.830414
2026-08-11T19:05:00+00:00,1.0119,1.012,1.0105,1.011,65511.678263
2026-08-11T19:10:00+00:00,1.011,1.0111,1.0083,1.0085,182009.647334
2026-08-11T19:15:00+00:00,1.0084,1.0101,1.0084,1.0096,159154.091978
2026-08-11T19:20:00+00:00,1.0097,1.0109,1.0096,1.0099,139490.495745
2026-08-11T19:25:00+00:00,1.01,1.0119,1.0099,1.011,338358.494612
2026-08-11T19:30:00+00:00,1.0109,1.0127,1.0106,1.0111,401617.076088
2026-08-11T19:35:00+00:00,1.0109,1.0123,1.0107,1.0122,116083.844098
2026-08-11T19:40:00+00:00,1.0121,1.0134,1.0118,1.013,165458.569898
2026-08-11T19:45:00+00:00,1.013,1.014,1.0122,1.0122,273386.674065
2026-08-11T19:50:00+00:00,1.0122,1.0145,1.0115,1.0137,317975.704804
2026-08-11T19:55:00+00:00,1.0137,1.0151,1.0133,1.0145,270876.546832
2026-08-11T20:00:00+00:00,1.0145,1.0157,1.0144,1.0155,486940.915419
2026-08-11T20:05:00+00:00,1.0155,1.0232,1.0155,1.023,1397238.162958
2026-08-11T20:10:00+00:00,1.0229,1.0237,1.0198,1.0198,408084.763236
2026-08-11T20:15:00+00:00,1.0198,1.0202,1.0175,1.0177,103619.001097
2026-08-11T20:20:00+00:00,1.0176,1.0177,1.0168,1.0169,173109.279437
2026-08-11T20:25:00+00:00,1.017,1.0172,1.0156,1.0163,130665.517384
2026-08-11T20:30:00+00:00,1.0164,1.0179,1.016,1.0162,98049.505045
2026-08-11T20:35:00+00:00,1.0163,1.0172,1.0161,1.0161,79230.674764
2026-08-11T20:40:00+00:00,1.016,1.0169,1.0156,1.0165,45851.404293
2026-08-11T20:45:00+00:00,1.0165,1.0177,1.0162,1.0167,91296.129037
2026-08-11T20:50:00+00:00,1.0167,1.0167,1.0156,1.0165,250305.520791
2026-08-11T20:55:00+00:00,1.0165,1.017,1.0163,1.0167,89261.380409
2026-08-11T21:00:00+00:00,1.0166,1.0172,1.0164,1.0172,98261.102876
2026-08-11T21:05:00+00:00,1.0172,1.0175,1.0167,1.0174,111697.562089
2026-08-11T21:10:00+00:00,1.0173,1.0197,1.0169,1.0197,235512.849591
2026-08-11T21:15:00+00:00,1.0195,1.0199,1.0183,1.019,356647.334755
2026-08-11T21:20:00+00:00,1.019,1.0204,1.0188,1.0203,127794.913138
2026-08-11T21:25:00+00:00,1.0202,1.021,1.0178,1.018,142983.901188
2026-08-11T21:30:00+00:00,1.0182,1.0188,1.0171,1.0183,165283.15501
2026-08-11T21:35:00+00:00,1.0183,1.0234,1.017,1.0226,721262.99463
2026-08-11T21:40:00+00:00,1.0225,1.0257,1.0215,1.0236,519102.487807
2026-08-11T21:45:00+00:00,1.0236,1.0237,1.0204,1.0207,211580.382249
2026-08-11T21:50:00+00:00,1.0207,1.024,1.0207,1.0229,292605.2255
2026-08-11T21:55:00+00:00,1.0229,1.0239,1.0227,1.0235,201441.90645
2026-08-11T22:00:00+00:00,1.0235,1.0251,1.0219,1.0227,148230.952277
2026-08-11T22:05:00+00:00,1.0226,1.0227,1.0209,1.021,89596.902747
2026-08-11T22:10:00+00:00,1.0208,1.0216,1.0206,1.0216,97506.223734
2026-08-11T22:15:00+00:00,1.0214,1.0222,1.0205,1.0206,174323.499608
2026-08-11T22:20:00+00:00,1.0206,1.0208,1.0198,1.0202,164112.031877
2026-08-11T22:25:00+00:00,1.0201,1.0205,1.0194,1.0205,64851.466983
2026-08-11T22:30:00+00:00,1.0205,1.0207,1.0195,1.0204,52845.814617
2026-08-11T22:35:00+00:00,1.0203,1.0205,1.0198,1.0204,45334.705973
2026-08-11T22:40:00+00:00,1.0204,1.0204,1.0195,1.0203,88729.985875
2026-08-11T22:45:00+00:00,1.0202,1.0203,1.0195,1.0197,180829.891807
2026-08-11T22:50:00+00:00,1.0196,1.0208,1.0194,1.02,391395.855648
2026-08-11T22:55:00+00:00,1.02,1.0206,1.0199,1.0202,123970.688039
2026-08-11T23:00:00+00:00,1.0202,1.0204,1.0186,1.0189,108713.78912
2026-08-11T23:05:00+00:00,1.0189,1.0192,1.0184,1.0186,65556.793712
2026-08-11T23:10:00+00:00,1.0185,1.019,1.0178,1.0179,216285.528913
2026-08-11T23:15:00+00:00,1.0178,1.0188,1.0178,1.0182,50059.354411
2026-08-11T23:20:00+00:00,1.0181,1.0197,1.0181,1.0195,113310.770646
2026-08-11T23:25:00+00:00,1.0195,1.0206,1.0192,1.0204,380745.565264
2026-08-11T23:30:00+00:00,1.0202,1.0216,1.0199,1.0214,122298.005505
2026-08-11T23:35:00+00:00,1.0213,1.0217,1.0209,1.0216,79385.056141
2026-08-11T23:40:00+00:00,1.0216,1.0228,1.0216,1.0227,193273.07379
2026-08-11T23:45:00+00:00,1.0227,1.0228,1.0215,1.0219,264453.917443
2026-08-11T23:45:00+00:00,1.0227,1.0228,1.0215,1.0219,264453.917443
2026-08-11T23:50:00+00:00,1.0218,1.0227,1.0217,1.0218,53853.287565
2026-08-11T23:55:00+00:00,1.0218,1.0222,1.0213,1.0219,88625.974006
2026-08-12T00:00:00+00:00,1.022,1.0224,1.0209,1.0211,122718.920215
2026-08-12T00:05:00+00:00,1.0211,1.0219,1.0207,1.0213,111189.265399
2026-08-12T00:10:00+00:00,1.0213,1.0215,1.0206,1.0213,70628.967062
2026-08-12T00:15:00+00:00,1.0211,1.0215,1.0206,1.0209,104200.908401
2026-08-12T00:20:00+00:00,1.0208,1.0215,1.0208,1.0213,97085.728126
2026-08-12T00:25:00+00:00,1.0214,1.0214,1.0204,1.0205,86340.397438
2026-08-12T00:30:00+00:00,1.0205,1.022,1.0204,1.0218,136234.950855
2026-08-12T00:35:00+00:00,1.0217,1.0217,1.0205,1.021,127934.515323
2026-08-12T00:40:00+00:00,1.0209,1.022,1.0209,1.0215,68947.062188
2026-08-12T00:45:00+00:00,1.0215,1.0219,1.0207,1.0212,79628.884557
2026-08-12T00:50:00+00:00,1.0213,1.0214,1.0208,1.0211,31761.916743
2026-08-12T00:55:00+00:00,1.0211,1.0215,1.0207,1.0215,63240.392304
2026-08-12T01:00:00+00:00,1.0215,1.0222,1.0214,1.022,54457.038998
2026-08-12T01:05:00+00:00,1.022,1.0233,1.022,1.0222,163572.796087
2026-08-12T01:10:00+00:00,1.0221,1.0239,1.0219,1.0239,209740.126617
2026-08-12T01:15:00+00:00,1.0239,1.0239,1.0221,1.023,92446.624711
2026-08-12T01:20:00+00:00,1.023,1.0235,1.0219,1.0227,26406.108972
2026-08-12T01:25:00+00:00,1.0227,1.0232,1.0221,1.0227,64358.366707
2026-08-12T01:30:00+00:00,1.0227,1.023,1.0215,1.0225,51243.606878
2026-08-12T01:35:00+00:00,1.0225,1.0225,1.0219,1.0225,34288.883174
2026-08-12T01:40:00+00:00,1.0223,1.0235,1.0223,1.0232,20411.318148
2026-08-12T01:45:00+00:00,1.0232,1.0239,1.0228,1.0238,71905.959294
2026-08-12T01:50:00+00:00,1.0237,1.0238,1.0216,1.0217,733517.763932
2026-08-12T01:55:00+00:00,1.0218,1.0226,1.0214,1.0222,169373.523537
2026-08-12T02:00:00+00:00,1.0221,1.0233,1.0221,1.0232,44179.648489
2026-08-12T02:05:00+00:00,1.0232,1.0243,1.023,1.0241,138457.085892
2026-08-12T02:10:00+00:00,1.0241,1.0245,1.0218,1.0221,215273.859466
2026-08-12T02:15:00+00:00,1.022,1.0228,1.0217,1.0218,73660.919082
2026-08-12T02:20:00+00:00,1.0218,1.0218,1.0196,1.0198,362003.009704
2026-08-12T02:25:00+00:00,1.0197,1.0205,1.0196,1.0203,255203.020841
2026-08-12T02:30:00+00:00,1.0203,1.0205,1.0194,1.0198,106995.706146
2026-08-12T02:35:00+00:00,1.0198,1.02,1.0185,1.019,277149.446542
2026-08-12T02:40:00+00:00,1.019,1.0198,1.0189,1.0198,27297.318723
2026-08-12T02:45:00+00:00,1.0196,1.0207,1.0196,1.0204,47605.922338
2026-08-12T02:50:00+00:00,1.0203,1.0211,1.0202,1.021,33665.588412
2026-08-12T02:55:00+00:00,1.021,1.0211,1.0198,1.0204,78363.220401
2026-08-12T03:00:00+00:00,1.0202,1.021,1.0202,1.0208,85243.148707
2026-08-12T03:05:00+00:00,1.0207,1.0209,1.0198,1.0199,49894.325099
2026-08-12T03:10:00+00:00,1.0198,1.0202,1.0192,1.0193,78798.518844
2026-08-12T03:15:00+00:00,1.0193,1.0196,1.0188,1.0194,124521.089299
2026-08-12T03:20:00+00:00,1.0192,1.02,1.0192,1.0195,44229.342252
2026-08-12T03:25:00+00:00,1.0194,1.0202,1.0188,1.0194,33228.115179
2026-08-12T03:30:00+00:00,1.0192,1.0198,1.0189,1.0198,55572.783545
2026-08-12T03:35:00+00:00,1.0198,1.0207,1.0198,1.0201,38617.470889
2026-08-12T03:40:00+00:00,1.02,1.0205,1.0197,1.0197,71173.77691
2026-08-12T03:45:00+00:00,1.0197,1.02,1.0191,1.0193,32782.915553
2026-08-12T03:50:00+00:00,1.0193,1.02,1.0188,1.019,83500.138399
2026-08-12T03:55:00+00:00,1.0189,1.0194,1.0186,1.0193,47257.639788
2026-08-12T04:00:00+00:00,1.0193,1.0199,1.0191,1.0194,35629.737018
2026-08-12T04:05:00+00:00,1.0193,1.0193,1.0187,1.0189,18319.979652
2026-08-12T04:10:00+00:00,1.0189,1.0198,1.0184,1.0194,50467.875816
2026-08-12T04:15:00+00:00,1.0193,1.02,1.0193,1.0198,24780.07656
2026-08-12T04:20:00+00:00,1.0197,1.0208,1.0193,1.0207,183725.060093
2026-08-12T04:25:00+00:00,1.0207,1.0207,1.0195,1.0195,181872.715309
2026-08-12T04:30:00+00:00,1.0194,1.0195,1.0184,1.0188,89548.045669
2026-08-12T04:35:00+00:00,1.0185,1.0191,1.0185,1.0189,113326.70459
2026-08-12T04:40:00+00:00,1.0187,1.0195,1.0187,1.0192,6436.297883
2026-08-12T04:45:00+00:00,1.0191,1.02,1.019,1.0199,62905.036937
2026-08-12T04:50:00+00:00,1.0199,1.0202,1.0196,1.0201,34486.866337
2026-08-12T04:55:00+00:00,1.0201,1.0201,1.0192,1.0196,97843.649824
2026-08-12T05:00:00+00:00,1.0195,1.0199,1.0186,1.0186,42971.377345
2026-08-12T05:05:00+00:00,1.0186,1.0201,1.0179,1.0201,127387.086393
2026-08-12T05:10:00+00:00,1.0201,1.0214,1.0201,1.0211,196047.716933
2026-08-12T05:15:00+00:00,1.021,1.0213,1.0206,1.021,104050.467043
2026-08-12T05:20:00+00:00,1.0211,1.0217,1.0209,1.0217,71064.310687
2026-08-12T05:25:00+00:00,1.0216,1.0222,1.0207,1.021,75392.590467
2026-08-12T05:30:00+00:00,1.021,1.022,1.021,1.0218,44561.39913
2026-08-12T05:35:00+00:00,1.0218,1.0221,1.0214,1.022,25517.11344
2026-08-12T05:40:00+00:00,1.0218,1.022,1.0215,1.0217,49158.929399
2026-08-12T05:45:00+00:00,1.0217,1.0218,1.0213,1.0215,30775.208396
2026-08-12T05:50:00+00:00,1.0215,1.0216,1.0211,1.0212,41090.098995
2026-08-12T05:55:00+00:00,1.0212,1.0214,1.0207,1.0208,69413.892923
2026-08-12T06:00:00+00:00,1.0207,1.0208,1.0197,1.0199,11158.128027
2026-08-12T06:05:00+00:00,1.0198,1.0201,1.0188,1.0189,20075.752585
2026-08-12T06:10:00+00:00,1.0188,1.0191,1.0179,1.0186,247352.375202
2026-08-12T06:15:00+00:00,1.0185,1.0191,1.0182,1.0183,187104.27832
2026-08-12T06:20:00+00:00,1.0183,1.0185,1.0168,1.0173,174725.527634
2026-08-12T06:25:00+00:00,1.017,1.018,1.017,1.0177,100993.380147
2026-08-12T06:30:00+00:00,1.0177,1.0182,1.0171,1.0182,50582.222834
2026-08-12T06:35:00+00:00,1.0181,1.0196,1.0179,1.0185,160749.3539
2026-08-12T06:40:00+00:00,1.0185,1.0194,1.0185,1.0189,29797.608019
2026-08-12T06:45:00+00:00,1.019,1.0193,1.0189,1.0193,11749.849662
2026-08-12T06:50:00+00:00,1.0192,1.0194,1.0181,1.0182,32885.481011
2026-08-12T06:55:00+00:00,1.0182,1.0189,1.0178,1.0189,50739.823286
2026-08-12T07:00:00+00:00,1.0188,1.0197,1.0187,1.0197,19639.67849
2026-08-12T07:05:00+00:00,1.0197,1.0203,1.0194,1.0201,45631.547547
2026-08-12T07:10:00+00:00,1.02,1.021,1.0196,1.021,25543.445226
2026-08-12T07:15:00+00:00,1.0209,1.0215,1.0206,1.0207,17185.771052
2026-08-12T07:20:00+00:00,1.0207,1.0209,1.0202,1.0209,31389.204541
2026-08-12T07:25:00+00:00,1.021,1.0212,1.0204,1.0205,77989.780139
2026-08-12T07:30:00+00:00,1.0204,1.021,1.0197,1.0204,88975.752399
2026-08-12T07:35:00+00:00,1.0203,1.0204,1.0187,1.0188,20714.413079
2026-08-12T07:40:00+00:00,1.0188,1.0189,1.0185,1.0186,21741.091477
2026-08-12T07:45:00+00:00,1.0185,1.0185,1.017,1.0181,55570.335715
2026-08-12T07:50:00+00:00,1.018,1.0192,1.018,1.0191,38927.476766
2026-08-12T07:55:00+00:00,1.0192,1.0198,1.0187,1.0196,34680.732838
2026-08-12T08:00:00+00:00,1.0197,1.02,1.0185,1.02,474606.893023
2026-08-12T08:05:00+00:00,1.02,1.0204,1.0189,1.019,53658.526957
2026-08-12T08:10:00+00:00,1.0189,1.019,1.018,1.0183,67641.874588
2026-08-12T08:15:00+00:00,1.0183,1.0189,1.0182,1.0187,8750.461142
2026-08-12T08:20:00+00:00,1.0186,1.0188,1.018,1.0183,44130.840524
2026-08-12T08:25:00+00:00,1.0183,1.0187,1.0181,1.0184,22208.949531
2026-08-12T08:30:00+00:00,1.0183,1.0183,1.0175,1.0176,59218.637215
2026-08-12T08:35:00+00:00,1.0175,1.0176,1.0171,1.0175,55276.858485
2026-08-12T08:40:00+00:00,1.0174,1.0175,1.0169,1.017,34983.086279
2026-08-12T08:45:00+00:00,1.017,1.0179,1.0169,1.0174,41987.049509
2026-08-12T08:50:00+00:00,1.0174,1.0175,1.0169,1.0173,73254.189351
2026-08-12T08:55:00+00:00,1.0172,1.0173,1.0161,1.0162,72511.029295
2026-08-12T09:00:00+00:00,1.0162,1.0171,1.016,1.0169,27359.937021
2026-08-12T09:05:00+00:00,1.0169,1.0179,1.0169,1.0179,29936.555923
2026-08-12T09:10:00+00:00,1.0178,1.0186,1.0178,1.0186,20769.691366
2026-08-12T09:15:00+00:00,1.0187,1.0212,1.0187,1.0212,189846.354319
2026-08-12T09:20:00+00:00,1.0211,1.0233,1.02,1.023,322867.782417
2026-08-12T09:25:00+00:00,1.0231,1.0245,1.0227,1.0238,260225.556925
2026-08-12T09:30:00+00:00,1.0239,1.0245,1.0223,1.0223,111120.349188
2026-08-12T09:35:00+00:00,1.0223,1.0235,1.0222,1.0227,86565.308146
2026-08-12T09:40:00+00:00,1.0226,1.0228,1.0217,1.0224,64742.987202
2026-08-12T09:45:00+00:00,1.0225,1.0236,1.0224,1.023,166936.246623
2026-08-12T09:50:00+00:00,1.023,1.024,1.0225,1.0226,128417.622989
2026-08-12T09:55:00+00:00,1.0225,1.0233,1.0225,1.0232,46239.419225
2026-08-12T10:00:00+00:00,1.0232,1.0247,1.0226,1.0227,182635.261891
2026-08-12T10:05:00+00:00,1.0226,1.0228,1.0221,1.0223,43620.427824
2026-08-12T10:10:00+00:00,1.0223,1.0238,1.0222,1.0228,89864.125197
2026-08-12T10:15:00+00:00,1.0229,1.0232,1.022,1.022,41581.565736
2026-08-12T10:20:00+00:00,1.022,1.0229,1.0214,1.0214,30059.659646
2026-08-12T10:25:00+00:00,1.0213,1.0218,1.0207,1.0207,40509.080055
2026-08-12T10:30:00+00:00,1.0208,1.0219,1.0207,1.0211,87140.071658
2026-08-12T10:35:00+00:00,1.0213,1.0215,1.0206,1.0208,47763.74501
2026-08-12T10:40:00+00:00,1.0209,1.0216,1.0206,1.0206,38360.241711
2026-08-12T10:45:00+00:00,1.0207,1.0215,1.02,1.0201,200427.423052
2026-08-12T10:50:00+00:00,1.0202,1.0208,1.0201,1.0208,19698.134072
2026-08-12T10:55:00+00:00,1.0209,1.0209,1.0203,1.0205,31634.458233
2026-08-12T11:00:00+00:00,1.0207,1.0216,1.0201,1.0201,96331.902298
2026-08-12T11:05:00+00:00,1.0202,1.0205,1.0198,1.02,75872.169363
2026-08-12T11:10:00+00:00,1.02,1.0206,1.0194,1.0195,91905.118071
2026-08-12T11:15:00+00:00,1.0195,1.0202,1.0193,1.0202,37785.408495
2026-08-12T11:20:00+00:00,1.0202,1.021,1.0201,1.0208,90362.493873
2026-08-12T11:25:00+00:00,1.0208,1.0211,1.0204,1.0206,66072.894097
2026-08-12T11:30:00+00:00,1.0207,1.0209,1.02,1.02,31328.322692
2026-08-12T11:35:00+00:00,1.0199,1.0203,1.0198,1.0201,51178.770625
2026-08-12T11:40:00+00:00,1.0201,1.0201,1.0194,1.02,36598.472388
2026-08-12T11:45:00+00:00,1.0201,1.0201,1.0199,1.0201,30981.208194
2026-08-12T11:50:00+00:00,1.0201,1.021,1.0201,1.021,63408.919793
2026-08-12T11:55:00+00:00,1.021,1.0218,1.021,1.0217,48045.013953
2026-08-12T12:00:00+00:00,1.0217,1.0223,1.0211,1.0223,96266.000612
2026-08-12T12:05:00+00:00,1.0222,1.0226,1.0214,1.0221,149070.309121
2026-08-12T12:10:00+00:00,1.022,1.0223,1.0217,1.0218,29170.490227
2026-08-12T12:15:00+00:00,1.0218,1.0226,1.0218,1.0221,76742.212517
2026-08-12T12:20:00+00:00,1.0221,1.0223,1.0212,1.0212,60471.035848
2026-08-12T12:25:00+00:00,1.0211,1.0247,1.0204,1.0236,582520.098864
2026-08-12T12:30:00+00:00,1.0236,1.0247,1.0181,1.022,990332.648924
2026-08-12T12:35:00+00:00,1.022,1.0224,1.0194,1.0196,406489.701682
2026-08-12T12:40:00+00:00,1.0197,1.0202,1.0175,1.0176,319999.037052
2026-08-12T12:45:00+00:00,1.0176,1.0176,1.015,1.0156,1137445.901685
2026-08-12T12:50:00+00:00,1.0155,1.0184,1.0155,1.0173,113341.823676
2026-08-12T12:55:00+00:00,1.0174,1.0174,1.0158,1.0164,160381.345436
2026-08-12T13:00:00+00:00,1.0166,1.0168,1.0154,1.0164,124894.129057
2026-08-12T13:05:00+00:00,1.0162,1.0175,1.0158,1.0172,103723.439226
2026-08-12T13:10:00+00:00,1.0174,1.0177,1.0149,1.0159,108313.148818
2026-08-12T13:15:00+00:00,1.0159,1.0171,1.0159,1.0165,72946.917292
2026-08-12T13:20:00+00:00,1.0166,1.0168,1.0158,1.0159,165675.1269
2026-08-12T13:25:00+00:00,1.0159,1.0159,1.0145,1.0151,198572.316407
2026-08-12T13:30:00+00:00,1.0151,1.0156,1.0135,1.0143,383198.886586
2026-08-12T13:35:00+00:00,1.0143,1.0152,1.0135,1.0138,135061.55236
2026-08-12T13:40:00+00:00,1.014,1.015,1.0123,1.0142,403155.14508
2026-08-12T13:45:00+00:00,1.0142,1.0163,1.0142,1.0146,531201.168676
2026-08-12T13:50:00+00:00,1.0146,1.0152,1.0141,1.0149,54114.61572
2026-08-12T13:55:00+00:00,1.0147,1.0156,1.014,1.014,69336.434912
2026-08-12T14:00:00+00:00,1.0139,1.0141,1.0109,1.0111,354144.891028
2026-08-12T14:05:00+00:00,1.011,1.0131,1.0104,1.013,188479.429734
2026-08-12T14:10:00+00:00,1.013,1.0155,1.0128,1.0135,592641.46855
2026-08-12T14:15:00+00:00,1.0135,1.0136,1.0119,1.012,72786.463696
2026-08-12T14:20:00+00:00,1.0121,1.0123,1.0107,1.012,64264.66496
2026-08-12T14:25:00+00:00,1.0121,1.0139,1.012,1.0123,95582.257987
2026-08-12T14:30:00+00:00,1.0123,1.0138,1.0109,1.0123,742634.600651
2026-08-12T14:35:00+00:00,1.0122,1.0123,1.011,1.0113,75132.692971
2026-08-12T14:40:00+00:00,1.0113,1.0121,1.0095,1.0119,212493.022332
2026-08-12T14:45:00+00:00,1.0118,1.0129,1.0116,1.0123,105144.471109
2026-08-12T14:50:00+00:00,1.0125,1.0125,1.0103,1.0104,62005.398635
2026-08-12T14:55:00+00:00,1.0103,1.0104,1.0073,1.0081,589423.143725
2026-08-12T15:00:00+00:00,1.008,1.01,1.0073,1.0097,246746.46284
2026-08-12T15:05:00+00:00,1.0097,1.0103,1.009,1.0094,106037.959739
2026-08-12T15:10:00+00:00,1.0094,1.0104,1.0094,1.0102,60445.666966
2026-08-12T15:15:00+00:00,1.0102,1.0117,1.0101,1.0115,57066.83638
2026-08-12T15:20:00+00:00,1.0115,1.0117,1.0102,1.0112,53092.031601
2026-08-12T15:25:00+00:00,1.0112,1.0113,1.0102,1.0111,85659.764596
2026-08-12T15:30:00+00:00,1.0112,1.0115,1.0092,1.0103,96343.900987
2026-08-12T15:35:00+00:00,1.0104,1.0113,1.0103,1.011,77449.628469
2026-08-12T15:40:00+00:00,1.011,1.0119,1.0108,1.0109,57909.510055
2026-08-12T15:45:00+00:00,1.011,1.0115,1.0105,1.0112,94528.362807
2026-08-12T15:50:00+00:00,1.0112,1.0115,1.0108,1.0112,98408.174941
2026-08-12T15:55:00+00:00,1.0112,1.0118,1.0111,1.0117,52250.411444
2026-08-12T16:00:00+00:00,1.0116,1.0122,1.0107,1.0121,77339.140351
2026-08-12T16:05:00+00:00,1.0121,1.0121,1.0111,1.0115,153038.991901
2026-08-12T16:10:00+00:00,1.0115,1.0118,1.0108,1.0117,148854.177606
2026-08-12T16:15:00+00:00,1.0118,1.012,1.011,1.0111,109045.365944
2026-08-12T16:20:00+00:00,1.0111,1.0111,1.009,1.0105,207400.398065
2026-08-12T16:25:00+00:00,1.0104,1.0107,1.0103,1.0104,102135.242725
2026-08-12T16:30:00+00:00,1.0103,1.0106,1.0096,1.0099,78157.5303
2026-08-12T16:35:00+00:00,1.0098,1.0103,1.0096,1.0098,109732.895465
2026-08-12T16:40:00+00:00,1.0098,1.01,1.0083,1.0086,241469.49751
2026-08-12T16:45:00+00:00,1.0085,1.0088,1.0074,1.0077,361031.976083
2026-08-12T16:50:00+00:00,1.0077,1.0085,1.0076,1.0081,142773.737748
2026-08-12T16:55:00+00:00,1.0081,1.0083,1.0073,1.0078,215643.559294
2026-08-12T17:00:00+00:00,1.0077,1.0086,1.0076,1.0085,216505.648971
2026-08-12T17:05:00+00:00,1.0085,1.0088,1.0082,1.0084,157742.198189
2026-08-12T17:10:00+00:00,1.0084,1.0084,1.0077,1.008,214802.655004
2026-08-12T17:15:00+00:00,1.0079,1.008,1.0065,1.0073,384087.668915
2026-08-12T17:20:00+00:00,1.0072,1.0073,1.0056,1.0064,280612.238217
2026-08-12T17:25:00+00:00,1.0064,1.0067,1.0054,1.0066,174425.022594
2026-08-12T17:30:00+00:00,1.0066,1.0079,1.006,1.0079,220615.101829
2026-08-12T17:35:00+00:00,1.0079,1.0096,1.0078,1.0089,247229.575587
2026-08-12T17:40:00+00:00,1.0088,1.0095,1.0085,1.0086,157498.569867
2026-08-12T17:45:00+00:00,1.0086,1.0094,1.0083,1.0094,153604.082776
2026-08-12T17:50:00+00:00,1.0094,1.0101,1.0088,1.0088,130713.292734
2026-08-12T17:55:00+00:00,1.0088,1.0095,1.0087,1.0094,95960.710297
2026-08-12T18:00:00+00:00,1.0093,1.0101,1.009,1.0101,124241.528589
2026-08-12T18:05:00+00:00,1.01,1.0107,1.0097,1.0097,144883.915405
2026-08-12T18:10:00+00:00,1.0097,1.0104,1.0095,1.0103,86771.535667
2026-08-12T18:15:00+00:00,1.0103,1.0103,1.0091,1.0095,165460.744603
2026-08-12T18:20:00+00:00,1.0095,1.0098,1.0091,1.0098,90753.183302
2026-08-12T18:25:00+00:00,1.0098,1.011,1.0097,1.0108,96987.440584
2026-08-12T18:30:00+00:00,1.0108,1.0115,1.0103,1.0105,118320.054679
2026-08-12T18:35:00+00:00,1.0105,1.0105,1.0093,1.0094,50207.610184
2026-08-12T18:40:00+00:00,1.0094,1.0097,1.009,1.0097,110874.7
2026-08-12T18:45:00+00:00,1.0097,1.0097,1.0086,1.0089,168026.4896
2026-08-12T18:50:00+00:00,1.0091,1.0091,1.0078,1.0082,112156.763283
2026-08-12T18:55:00+00:00,1.0082,1.0085,1.0081,1.0082,52072.480637
2026-08-12T19:00:00+00:00,1.0083,1.0087,1.0077,1.0083,154030.181288
2026-08-12T19:05:00+00:00,1.0084,1.0085,1.0079,1.0083,109248.153752
2026-08-12T19:10:00+00:00,1.0083,1.0088,1.0072,1.0076,178204.918812
2026-08-12T19:15:00+00:00,1.0074,1.0084,1.0069,1.0076,185686.977259
2026-08-12T19:20:00+00:00,1.0076,1.0077,1.0059,1.0059,174246.656236
2026-08-12T19:25:00+00:00,1.006,1.007,1.0057,1.0069,182301.006032
2026-08-12T19:30:00+00:00,1.0069,1.0077,1.0065,1.0075,140719.746057
2026-08-12T19:35:00+00:00,1.0076,1.0082,1.0071,1.0076,189563.580512
2026-08-12T19:40:00+00:00,1.0076,1.0081,1.0066,1.007,94842.683412
2026-08-12T19:45:00+00:00,1.0069,1.0082,1.0068,1.0073,213886.437478
2026-08-12T19:50:00+00:00,1.0072,1.0076,1.0068,1.0075,254564.335175
2026-08-12T19:55:00+00:00,1.0075,1.0076,1.006,1.0063,230786.710076
2026-08-12T20:00:00+00:00,1.0062,1.0079,1.0058,1.0077,106279.33551
2026-08-12T20:05:00+00:00,1.0076,1.0077,1.0062,1.0065,173198.494032
2026-08-12T20:10:00+00:00,1.0066,1.0076,1.0066,1.0075,219044.02214
2026-08-12T20:15:00+00:00,1.0074,1.0081,1.0071,1.008,151634.481989
2026-08-12T20:20:00+00:00,1.0079,1.0085,1.0075,1.0084,253064.941078
2026-08-12T20:25:00+00:00,1.0085,1.0089,1.0084,1.0087,128232.25823
2026-08-12T20:30:00+00:00,1.0087,1.0092,1.0085,1.0091,106243.07002
2026-08-12T20:35:00+00:00,1.0091,1.0096,1.0089,1.0095,94746.82533
2026-08-12T20:40:00+00:00,1.0095,1.0095,1.0091,1.0092,176657.997018
2026-08-12T20:45:00+00:00,1.0092,1.0093,1.0085,1.0087,185617.028239
2026-08-12T20:50:00+00:00,1.0087,1.0092,1.0082,1.0082,153994.068587
2026-08-12T20:55:00+00:00,1.0082,1.0083,1.0075,1.0082,179641.276898
2026-08-12T21:00:00+00:00,1.0082,1.0092,1.0081,1.0083,91963.290725
2026-08-12T21:05:00+00:00,1.0083,1.0083,1.0072,1.0076,185904.529404
2026-08-12T21:10:00+00:00,1.0076,1.0078,1.0066,1.0066,159186.23563
2026-08-12T21:15:00+00:00,1.0066,1.0074,1.0066,1.007,99750.043415
2026-08-12T21:20:00+00:00,1.0069,1.0073,1.0009,1.004,962964.20369
2026-08-12T21:25:00+00:00,1.0039,1.0048,1.002,1.0045,402568.168172
2026-08-12T21:30:00+00:00,1.0044,1.0051,1.0028,1.0046,592703.747999
2026-08-12T21:35:00+00:00,1.0046,1.005,1.0039,1.0048,180426.203658
2026-08-12T21:40:00+00:00,1.0049,1.0058,1.0046,1.0058,176333.359341
2026-08-12T21:45:00+00:00,1.0058,1.0061,1.0053,1.0053,133472.095407
2026-08-12T21:50:00+00:00,1.0055,1.0058,1.0049,1.0054,151184.980796
2026-08-12T21:55:00+00:00,1.0054,1.0054,1.0026,1.0036,713620.340638
2026-08-12T22:00:00+00:00,1.0034,1.0048,1.0018,1.0041,346677.709341
2026-08-12T22:05:00+00:00,1.0042,1.0054,1.0039,1.0052,136120.962068
2026-08-12T22:10:00+00:00,1.0052,1.0056,1.0048,1.0052,124365.242471
2026-08-12T22:15:00+00:00,1.0053,1.0061,1.0052,1.0058,51346.49668
2026-08-12T22:20:00+00:00,1.006,1.0064,1.0052,1.0064,95469.454144
2026-08-12T22:25:00+00:00,1.0065,1.0068,1.0061,1.0063,79812.299643
2026-08-12T22:30:00+00:00,1.0062,1.0063,1.0052,1.0057,77091.692973
2026-08-12T22:35:00+00:00,1.0057,1.006,1.005,1.0057,330252.426874
2026-08-12T22:40:00+00:00,1.0057,1.0059,1.0044,1.0052,56777.190937
2026-08-12T22:45:00+00:00,1.0051,1.0054,1.0037,1.0039,143831.750574
2026-08-12T22:50:00+00:00,1.0039,1.004,1.0031,1.0035,543828.491037
2026-08-12T22:55:00+00:00,1.0036,1.0036,1.003,1.0031,113876.730848
2026-08-12T23:00:00+00:00,1.003,1.0034,1.0023,1.0025,133841.62818
2026-08-12T23:05:00+00:00,1.0025,1.0025,1.0003,1.0014,520369.292863
2026-08-12T23:10:00+00:00,1.0014,1.0015,1,1.0015,376392.820777
2026-08-12T23:15:00+00:00,1.0014,1.0021,1.0007,1.0013,116917.50852
2026-08-12T23:20:00+00:00,1.0013,1.0019,1,1.0001,208378.600329
2026-08-12T23:25:00+00:00,1.0001,1.0017,1,1.0017,168831.008334
2026-08-12T23:30:00+00:00,1.0017,1.0027,1.0017,1.0027,48704.850159
2026-08-12T23:35:00+00:00,1.0027,1.0038,1.0026,1.0038,64001.711353
2026-08-12T23:40:00+00:00,1.0038,1.0043,1.0032,1.0036,122640.900186
2026-08-12T23:45:00+00:00,1.0036,1.0045,1.0031,1.004,535808.048366
2026-08-12T23:45:00+00:00,1.0036,1.0045,1.0031,1.004,535808.048366
2026-08-12T23:50:00+00:00,1.004,1.0044,1.0036,1.0043,155593.988401
2026-08-12T23:55:00+00:00,1.0042,1.005,1.0039,1.0046,91752.449576
2026-08-13T00:00:00+00:00,1.0045,1.0048,1.0036,1.0038,85109.76783
2026-08-13T00:05:00+00:00,1.0038,1.0055,1.0038,1.0055,131534.041904
2026-08-13T00:10:00+00:00,1.0053,1.0058,1.0047,1.0055,40746.124055
2026-08-13T00:15:00+00:00,1.0057,1.0067,1.0055,1.006,88247.745823
2026-08-13T00:20:00+00:00,1.0061,1.0063,1.0051,1.0052,47981.690416
2026-08-13T00:25:00+00:00,1.0052,1.0056,1.0047,1.0054,100576.033806
2026-08-13T00:30:00+00:00,1.0053,1.0055,1.0036,1.004,90011.90579
2026-08-13T00:35:00+00:00,1.004,1.0044,1.0036,1.0038,141463.448916
2026-08-13T00:40:00+00:00,1.0038,1.0038,1.0022,1.0022,134161.159742
2026-08-13T00:45:00+00:00,1.0022,1.0042,1.0017,1.0041,162396.989351
2026-08-13T00:50:00+00:00,1.0039,1.0046,1.0036,1.0044,45785.828903
2026-08-13T00:55:00+00:00,1.0042,1.0046,1.0034,1.0035,129521.313908
2026-08-13T01:00:00+00:00,1.0033,1.004,1.0026,1.0038,115703.069043
2026-08-13T01:05:00+00:00,1.0038,1.0043,1.0035,1.0043,52620.315232
2026-08-13T01:10:00+00:00,1.0042,1.005,1.0041,1.0043,100522.063161
2026-08-13T01:15:00+00:00,1.0043,1.0043,1.0025,1.0028,193334.095046
2026-08-13T01:20:00+00:00,1.0027,1.0035,1.0021,1.0024,221191.653714
2026-08-13T01:25:00+00:00,1.0023,1.0023,1.001,1.0018,88935.954154
2026-08-13T01:30:00+00:00,1.0019,1.0036,1.0018,1.0036,117405.730537
2026-08-13T01:35:00+00:00,1.0037,1.0043,1.0037,1.0043,64860.453315
2026-08-13T01:40:00+00:00,1.0042,1.0043,1.0022,1.0022,177078.669358
2026-08-13T01:45:00+00:00,1.0021,1.0035,1.0018,1.0034,64914.611479
2026-08-13T01:50:00+00:00,1.0034,1.0041,1.0033,1.0041,105828.957554
2026-08-13T01:55:00+00:00,1.0041,1.0045,1.0035,1.0037,57862.871287
2026-08-13T02:00:00+00:00,1.0037,1.0044,1.0034,1.0035,87503.307005
2026-08-13T02:05:00+00:00,1.0036,1.0047,1.0031,1.0047,51734.877682
2026-08-13T02:10:00+00:00,1.0047,1.0047,1.0035,1.0037,174684.768803
2026-08-13T02:15:00+00:00,1.0037,1.004,1.0032,1.0039,44255.188966
2026-08-13T02:20:00+00:00,1.0038,1.004,1.0028,1.0031,76324.590209
2026-08-13T02:25:00+00:00,1.0029,1.0041,1.0029,1.0037,115370.83149
2026-08-13T02:30:00+00:00,1.0037,1.0037,1.0017,1.0034,72264.7351
2026-08-13T02:35:00+00:00,1.0033,1.0038,1.0026,1.0028,132511.59382
2026-08-13T02:40:00+00:00,1.0028,1.0042,1.0017,1.0042,329970.806921
2026-08-13T02:45:00+00:00,1.0043,1.0049,1.0035,1.0048,156192.901301
2026-08-13T02:50:00+00:00,1.0049,1.006,1.0049,1.0059,55628.003214
2026-08-13T02:55:00+00:00,1.0059,1.0063,1.0056,1.0061,138387.228412
2026-08-13T03:00:00+00:00,1.0061,1.0078,1.006,1.0078,147880.457495
2026-08-13T03:05:00+00:00,1.0078,1.0086,1.0074,1.0074,126719.726724
2026-08-13T03:10:00+00:00,1.0074,1.0084,1.0071,1.0084,272295.945619
2026-08-13T03:15:00+00:00,1.0085,1.0096,1.0082,1.0096,56967.168462
2026-08-13T03:20:00+00:00,1.0096,1.0098,1.0089,1.0093,118727.900927
2026-08-13T03:25:00+00:00,1.0092,1.01,1.009,1.0094,78521.224676
2026-08-13T03:30:00+00:00,1.0095,1.0108,1.009,1.0101,537125.144522
2026-08-13T03:35:00+00:00,1.0101,1.0114,1.0095,1.0108,988234.998584
2026-08-13T03:40:00+00:00,1.0108,1.0108,1.01,1.0104,98264.61983
2026-08-13T03:45:00+00:00,1.0103,1.0115,1.0103,1.011,160623.3574
2026-08-13T03:50:00+00:00,1.011,1.012,1.0102,1.0102,204388.725357
2026-08-13T03:55:00+00:00,1.0103,1.0103,1.0093,1.0099,147609.981075
2026-08-13T04:00:00+00:00,1.01,1.0108,1.01,1.0105,99266.053349
2026-08-13T04:05:00+00:00,1.0105,1.0108,1.0101,1.0105,79348.142686
2026-08-13T04:10:00+00:00,1.0107,1.011,1.0102,1.0106,45914.579376
2026-08-13T04:15:00+00:00,1.0106,1.0107,1.0101,1.0103,91931.643834
2026-08-13T04:20:00+00:00,1.0103,1.0105,1.0096,1.0103,133878.833353
2026-08-13T04:25:00+00:00,1.0103,1.0106,1.0097,1.0098,48494.971796
2026-08-13T04:30:00+00:00,1.0099,1.0104,1.0098,1.0103,48051.401028
2026-08-13T04:35:00+00:00,1.0103,1.0112,1.0102,1.0109,34325.740463
2026-08-13T04:40:00+00:00,1.0108,1.0112,1.0106,1.0107,28062.618566
2026-08-13T04:45:00+00:00,1.0106,1.0115,1.0097,1.0099,40626.417965
2026-08-13T04:50:00+00:00,1.0099,1.0109,1.0094,1.0103,521477.842868
2026-08-13T04:55:00+00:00,1.0104,1.0105,1.0099,1.01,82321.859863
2026-08-13T05:00:00+00:00,1.0099,1.0099,1.009,1.0094,78204.470647
2026-08-13T05:05:00+00:00,1.0094,1.0105,1.0083,1.0095,388715.558813
2026-08-13T05:10:00+00:00,1.0095,1.0101,1.0094,1.0101,61846.958454
2026-08-13T05:15:00+00:00,1.0102,1.011,1.01,1.0102,161824.829684
2026-08-13T05:20:00+00:00,1.0102,1.0111,1.0098,1.0108,191402.481832
2026-08-13T05:25:00+00:00,1.011,1.0121,1.011,1.0121,146223.9802
2026-08-13T05:30:00+00:00,1.012,1.0122,1.011,1.0115,64859.802713
2026-08-13T05:35:00+00:00,1.0116,1.0142,1.0115,1.0137,443232.736655
2026-08-13T05:40:00+00:00,1.0137,1.0137,1.0133,1.0135,68187.670161
2026-08-13T05:45:00+00:00,1.0134,1.0136,1.0126,1.0126,58950.568776
2026-08-13T05:50:00+00:00,1.0128,1.0136,1.0126,1.0136,21395.446285
2026-08-13T05:55:00+00:00,1.0137,1.0137,1.0126,1.0126,69697.652297
2026-08-13T06:00:00+00:00,1.0126,1.0131,1.0119,1.0123,39265.794858
2026-08-13T06:05:00+00:00,1.012,1.0122,1.0116,1.0119,28707.664174
2026-08-13T06:10:00+00:00,1.0119,1.012,1.0115,1.0115,16115.800824
2026-08-13T06:15:00+00:00,1.0116,1.0123,1.0116,1.0123,12515.377426
2026-08-13T06:20:00+00:00,1.0123,1.0124,1.0117,1.0119,65447.591524
2026-08-13T06:25:00+00:00,1.012,1.0121,1.0115,1.0119,83578.623479
2026-08-13T06:30:00+00:00,1.0119,1.0121,1.0115,1.0116,26338.671754
2026-08-13T06:35:00+00:00,1.0116,1.0117,1.011,1.011,30806.75952
2026-08-13T06:40:00+00:00,1.0111,1.0111,1.0108,1.011,168508.321502
2026-08-13T06:45:00+00:00,1.011,1.0122,1.0109,1.0121,124925.928406
2026-08-13T06:50:00+00:00,1.0121,1.0135,1.0121,1.0134,58843.222089
2026-08-13T06:55:00+00:00,1.0135,1.0141,1.0132,1.0137,114033.861344
2026-08-13T07:00:00+00:00,1.0136,1.014,1.0131,1.0131,38178.978918
2026-08-13T07:05:00+00:00,1.0131,1.0134,1.0129,1.0131,207133.306992
2026-08-13T07:10:00+00:00,1.0131,1.0138,1.0129,1.0133,172144.521551
2026-08-13T07:15:00+00:00,1.0134,1.0134,1.0127,1.0128,20007.738272
2026-08-13T07:20:00+00:00,1.0128,1.0138,1.0126,1.0138,18498.033821
2026-08-13T07:25:00+00:00,1.0137,1.0142,1.0134,1.0142,36484.422777
2026-08-13T07:30:00+00:00,1.0141,1.0142,1.0138,1.0139,69228.276606
2026-08-13T07:35:00+00:00,1.0137,1.0139,1.0133,1.0134,22194.679238
2026-08-13T07:40:00+00:00,1.0133,1.0139,1.0127,1.0128,31015.782735
2026-08-13T07:45:00+00:00,1.0128,1.013,1.0126,1.0126,19896.579735
2026-08-13T07:50:00+00:00,1.0125,1.0131,1.0123,1.0125,26608.891402
2026-08-13T07:55:00+00:00,1.0126,1.0126,1.0121,1.0122,28449.769902
2026-08-13T08:00:00+00:00,1.0122,1.0126,1.0122,1.0122,12802.549076
2026-08-13T08:05:00+00:00,1.0122,1.0123,1.0116,1.0118,59446.062574
2026-08-13T08:10:00+00:00,1.0119,1.0119,1.0108,1.011,48234.062354
2026-08-13T08:15:00+00:00,1.0109,1.0113,1.0107,1.011,19853.08694
2026-08-13T08:20:00+00:00,1.0111,1.0112,1.0108,1.011,29470.01123
2026-08-13T08:25:00+00:00,1.0111,1.0113,1.011,1.0112,12260.404143
2026-08-13T08:30:00+00:00,1.0111,1.0114,1.011,1.0113,14372.102222
2026-08-13T08:35:00+00:00,1.0113,1.0117,1.0112,1.0117,18899.714784
2026-08-13T08:40:00+00:00,1.0117,1.0123,1.0117,1.0119,16421.432387
2026-08-13T08:45:00+00:00,1.0119,1.0119,1.0112,1.0115,23806.156533
2026-08-13T08:50:00+00:00,1.0114,1.0114,1.011,1.0113,22121.691622
2026-08-13T08:55:00+00:00,1.0114,1.012,1.0112,1.0117,35342.757289
2026-08-13T09:00:00+00:00,1.0117,1.0121,1.0114,1.0116,74484.456255
2026-08-13T09:05:00+00:00,1.0117,1.0117,1.0107,1.0107,19688.72851
2026-08-13T09:10:00+00:00,1.0107,1.0109,1.0088,1.0089,128163.074311
2026-08-13T09:15:00+00:00,1.009,1.0103,1.0087,1.0103,53992.478472
2026-08-13T09:20:00+00:00,1.0102,1.0108,1.0101,1.0108,11504.329384
2026-08-13T09:25:00+00:00,1.0106,1.0108,1.0097,1.0103,93809.937226
2026-08-13T09:30:00+00:00,1.0104,1.0112,1.0103,1.011,47669.673551
2026-08-13T09:35:00+00:00,1.0109,1.0109,1.0098,1.0099,22786.915783
2026-08-13T09:40:00+00:00,1.0099,1.0103,1.0097,1.0103,32007.543678
2026-08-13T09:45:00+00:00,1.0103,1.0114,1.0103,1.0113,15589.644043
2026-08-13T09:50:00+00:00,1.0113,1.0119,1.0109,1.0119,26613.450768
2026-08-13T09:55:00+00:00,1.0118,1.012,1.0116,1.0117,46167.418603
2026-08-13T10:00:00+00:00,1.0117,1.0117,1.0085,1.009,385244.406884
2026-08-13T10:05:00+00:00,1.0088,1.0095,1.0078,1.008,106492.971476
2026-08-13T10:10:00+00:00,1.0082,1.0088,1.0062,1.0069,650768.785325
2026-08-13T10:15:00+00:00,1.007,1.0079,1.0069,1.0076,43177.513973
2026-08-13T10:20:00+00:00,1.0075,1.0075,1.0068,1.0069,38219.302349
2026-08-13T10:25:00+00:00,1.0069,1.007,1.006,1.0063,69648.467127
2026-08-13T10:30:00+00:00,1.0063,1.0063,1.0052,1.0059,54233.868209
2026-08-13T10:35:00+00:00,1.0059,1.0066,1.0059,1.0066,12834.825636
2026-08-13T10:40:00+00:00,1.0066,1.0073,1.0061,1.0071,26568.828553
2026-08-13T10:45:00+00:00,1.0071,1.0074,1.0071,1.0072,18187.228992
2026-08-13T10:50:00+00:00,1.0073,1.0076,1.0071,1.0071,23035.741034
2026-08-13T10:55:00+00:00,1.0071,1.0073,1.0068,1.0069,27148.794975
2026-08-13T11:00:00+00:00,1.0068,1.0078,1.0068,1.0073,42825.6223
2026-08-13T11:05:00+00:00,1.0072,1.0072,1.0065,1.0068,24730.723829
2026-08-13T11:10:00+00:00,1.0067,1.0071,1.006,1.0068,91029.563686
2026-08-13T11:15:00+00:00,1.0067,1.0069,1.0061,1.0063,36260.777246
2026-08-13T11:20:00+00:00,1.0063,1.0065,1.0057,1.0061,29988.039594
2026-08-13T11:25:00+00:00,1.0061,1.0065,1.0057,1.0057,38638.789003
2026-08-13T11:30:00+00:00,1.0057,1.0061,1.0021,1.0033,1220181.945881
2026-08-13T11:35:00+00:00,1.0034,1.0042,1.0028,1.0042,53799.23795
2026-08-13T11:40:00+00:00,1.0041,1.0042,1.003,1.0036,121623.65538
2026-08-13T11:45:00+00:00,1.0035,1.0038,1.0033,1.0035,63164.638849
2026-08-13T11:50:00+00:00,1.0035,1.0035,1.0028,1.003,82512.411074
2026-08-13T11:55:00+00:00,1.0031,1.0033,1.0026,1.0033,62309.098084
2026-08-13T12:00:00+00:00,1.0031,1.0033,1.0025,1.0029,95092.28057
2026-08-13T12:05:00+00:00,1.0029,1.0043,1.0029,1.0043,144999.521802
2026-08-13T12:10:00+00:00,1.0043,1.005,1.0043,1.0049,226376.92314
2026-08-13T12:15:00+00:00,1.0049,1.0049,1.0039,1.0045,55167.76584
2026-08-13T12:20:00+00:00,1.0045,1.0049,1.004,1.0049,111135.759888
2026-08-13T12:25:00+00:00,1.0048,1.0053,1.0046,1.0051,59034.030154
2026-08-13T12:30:00+00:00,1.005,1.0068,1.0038,1.006,175900.07161
2026-08-13T12:35:00+00:00,1.006,1.0064,1.0053,1.0053,32381.666955
2026-08-13T12:40:00+00:00,1.0052,1.0054,1.0047,1.0051,110223.173575
2026-08-13T12:45:00+00:00,1.0051,1.0056,1.0047,1.0056,85053.641681
2026-08-13T12:50:00+00:00,1.0056,1.0058,1.0039,1.0045,194327.746618
2026-08-13T12:55:00+00:00,1.0044,1.0054,1.0041,1.0048,85061.81974
2026-08-13T13:00:00+00:00,1.0048,1.0057,1.0045,1.0049,120513.164824
2026-08-13T13:05:00+00:00,1.0049,1.0062,1.0049,1.0058,232801.034688
2026-08-13T13:10:00+00:00,1.0058,1.0061,1.0056,1.0058,82345.068907
2026-08-13T13:15:00+00:00,1.0058,1.0072,1.0054,1.0066,120905.689827
2026-08-13T13:20:00+00:00,1.0066,1.0069,1.0056,1.0056,73769.180793
2026-08-13T13:25:00+00:00,1.0057,1.0066,1.0051,1.0056,68031.89767
2026-08-13T13:30:00+00:00,1.0054,1.0067,1.0046,1.0067,268857.052958
2026-08-13T13:35:00+00:00,1.0068,1.0074,1.0064,1.0074,90442.791066
2026-08-13T13:40:00+00:00,1.0074,1.0085,1.0073,1.0078,331793.471695
2026-08-13T13:45:00+00:00,1.0078,1.0079,1.0061,1.0073,380428.975681
2026-08-13T13:50:00+00:00,1.0074,1.0074,1.0055,1.0061,205436.08117
2026-08-13T13:55:00+00:00,1.0061,1.0061,1.0051,1.0054,66981.866309
2026-08-13T14:00:00+00:00,1.0054,1.0059,1.0045,1.0047,92887.197925
2026-08-13T14:05:00+00:00,1.0048,1.0051,1.003,1.0037,605698.878928
2026-08-13T14:10:00+00:00,1.0039,1.0067,1.0038,1.0057,701837.169913
2026-08-13T14:15:00+00:00,1.0058,1.0063,1.004,1.0043,247707.140072
2026-08-13T14:20:00+00:00,1.0041,1.005,1.0039,1.0041,92173.888144
2026-08-13T14:25:00+00:00,1.0041,1.0043,1.0032,1.0041,230962.527264
2026-08-13T14:30:00+00:00,1.0041,1.0077,1.0032,1.0074,443248.01011
2026-08-13T14:35:00+00:00,1.0075,1.0083,1.0072,1.0072,199633.353498
2026-08-13T14:40:00+00:00,1.0073,1.0079,1.0069,1.0078,98619.039363
2026-08-13T14:45:00+00:00,1.0078,1.0086,1.0071,1.0074,355653.605494
2026-08-13T14:50:00+00:00,1.0074,1.0084,1.007,1.0083,269050.194619
2026-08-13T14:55:00+00:00,1.0084,1.0097,1.0081,1.009,292806.630291
2026-08-13T15:00:00+00:00,1.0089,1.0106,1.0089,1.0102,89502.819515
2026-08-13T15:05:00+00:00,1.0102,1.0102,1.0089,1.0091,145575.11102
2026-08-13T15:10:00+00:00,1.0091,1.0101,1.0087,1.0089,105860.565665
2026-08-13T15:15:00+00:00,1.0088,1.0088,1.0077,1.0087,123223.447086
2026-08-13T15:20:00+00:00,1.0087,1.0101,1.0082,1.0089,89507.397933
2026-08-13T15:25:00+00:00,1.0089,1.009,1.0042,1.0055,681859.077153
2026-08-13T15:30:00+00:00,1.0053,1.0055,1.0042,1.0047,152612.74897
2026-08-13T15:35:00+00:00,1.0048,1.0057,1.0046,1.0055,101146.968103
2026-08-13T15:40:00+00:00,1.0058,1.0071,1.0053,1.0063,57955.843585
2026-08-13T15:45:00+00:00,1.0062,1.0064,1.0044,1.0051,93944.605392
2026-08-13T15:50:00+00:00,1.0051,1.0057,1.0042,1.0046,158435.161892
2026-08-13T15:55:00+00:00,1.0045,1.005,1.0021,1.0021,482196.108082
2026-08-13T16:00:00+00:00,1.0022,1.0028,1.0013,1.0018,451990.431037
2026-08-13T16:05:00+00:00,1.0018,1.0027,1.0007,1.002,243815.18865
2026-08-13T16:10:00+00:00,1.0021,1.0026,1.0013,1.0023,123577.004944
2026-08-13T16:15:00+00:00,1.0023,1.0031,1.0021,1.0031,286365.791985
2026-08-13T16:20:00+00:00,1.0032,1.0048,1.0023,1.0041,228617.097466
2026-08-13T16:25:00+00:00,1.0041,1.0043,1.001,1.0014,170377.418815
2026-08-13T16:30:00+00:00,1.0014,1.0032,1.0014,1.0024,148534.496533
2026-08-13T16:35:00+00:00,1.0023,1.0029,0.9975,0.9995,1204762.508832
2026-08-13T16:40:00+00:00,0.9993,1.0025,0.9974,1.0025,605235.172049
2026-08-13T16:45:00+00:00,1.0026,1.006,1.0016,1.0055,205087.791559
2026-08-13T16:50:00+00:00,1.0055,1.0066,1.0025,1.0025,319840.898017
2026-08-13T16:55:00+00:00,1.0025,1.0041,1.0025,1.0041,302490.402704
2026-08-13T17:00:00+00:00,1.004,1.0049,1.0036,1.0045,218152.559755
2026-08-13T17:05:00+00:00,1.0046,1.0059,1.0044,1.0055,85827.278301
2026-08-13T17:10:00+00:00,1.0054,1.006,1.0049,1.0053,101319.2776
2026-08-13T17:15:00+00:00,1.0051,1.0063,1.0045,1.0046,41173.913913
2026-08-13T17:20:00+00:00,1.0046,1.0058,1.0045,1.0056,83390.062686
2026-08-13T17:25:00+00:00,1.0056,1.0061,1.005,1.0055,95448.053754
2026-08-13T17:30:00+00:00,1.0055,1.0073,1.0053,1.0066,131976.921539
2026-08-13T17:35:00+00:00,1.0064,1.0067,1.0054,1.0065,112295.725788
2026-08-13T17:40:00+00:00,1.0065,1.007,1.006,1.0068,221651.419199
2026-08-13T17:45:00+00:00,1.0068,1.0076,1.006,1.006,132492.145184
2026-08-13T17:50:00+00:00,1.006,1.0064,1.0057,1.006,145924.354691
2026-08-13T17:55:00+00:00,1.006,1.0063,1.0054,1.0056,126355.557388
2026-08-13T18:00:00+00:00,1.0057,1.0076,1.0056,1.007,93460.688162
2026-08-13T18:05:00+00:00,1.007,1.0075,1.0063,1.0065,124987.08495
2026-08-13T18:10:00+00:00,1.0064,1.0066,1.0054,1.0054,117598.011509
2026-08-13T18:15:00+00:00,1.0057,1.0063,1.0055,1.006,74090.954262
2026-08-13T18:20:00+00:00,1.0059,1.0067,1.0053,1.0054,256130.107205
2026-08-13T18:25:00+00:00,1.0054,1.0061,1.0042,1.0045,84195.642386
2026-08-13T18:30:00+00:00,1.0045,1.0051,1.004,1.0042,74341.572224
2026-08-13T18:35:00+00:00,1.0041,1.0049,1.0037,1.0044,94591.483097
2026-08-13T18:40:00+00:00,1.0044,1.0067,1.0044,1.0066,104859.830664
2026-08-13T18:45:00+00:00,1.0066,1.0069,1.0061,1.0063,126827.304923
2026-08-13T18:50:00+00:00,1.0064,1.0095,1.0063,1.0086,324053.769132
2026-08-13T18:55:00+00:00,1.0086,1.0089,1.0078,1.0079,88912.729745
2026-08-13T19:00:00+00:00,1.008,1.0085,1.007,1.0074,190612.274639
2026-08-13T19:05:00+00:00,1.0072,1.0094,1.0067,1.0088,326346.89369
2026-08-13T19:10:00+00:00,1.0089,1.0089,1.0073,1.0073,217521.453176
2026-08-13T19:15:00+00:00,1.0074,1.0088,1.0071,1.0086,94855.641226
2026-08-13T19:20:00+00:00,1.0087,1.009,1.0079,1.0086,194367.388068
2026-08-13T19:25:00+00:00,1.0086,1.0087,1.0076,1.0085,179359.545705
2026-08-13T19:30:00+00:00,1.0084,1.0087,1.0076,1.0083,201846.491863
2026-08-13T19:35:00+00:00,1.0083,1.0092,1.0081,1.0086,253004.031391
2026-08-13T19:40:00+00:00,1.0087,1.0089,1.0077,1.0086,223488.781287
2026-08-13T19:45:00+00:00,1.0085,1.0092,1.0085,1.009,189466.823076
2026-08-13T19:50:00+00:00,1.0089,1.0089,1.0081,1.0088,256388.569629
2026-08-13T19:55:00+00:00,1.0088,1.0094,1.0085,1.0092,158059.173598
2026-08-13T20:00:00+00:00,1.0091,1.0093,1.0085,1.0091,307901.770547
2026-08-13T20:05:00+00:00,1.009,1.0106,1.0088,1.0105,222089.119392
2026-08-13T20:10:00+00:00,1.0106,1.0106,1.0083,1.0089,182825.66153
2026-08-13T20:15:00+00:00,1.0091,1.0095,1.0088,1.0095,129325.623522
2026-08-13T20:20:00+00:00,1.0095,1.0099,1.0087,1.0088,117393.638254
2026-08-13T20:25:00+00:00,1.0088,1.0093,1.0086,1.0087,169552.741898
2026-08-13T20:30:00+00:00,1.0086,1.0101,1.0086,1.0096,134833.008705
2026-08-13T20:35:00+00:00,1.0096,1.0102,1.0093,1.0096,147540.406471
2026-08-13T20:40:00+00:00,1.0095,1.0096,1.0091,1.0094,106350.217378
2026-08-13T20:45:00+00:00,1.0096,1.0099,1.0089,1.0089,152316.775361
2026-08-13T20:50:00+00:00,1.0089,1.009,1.0082,1.0082,94561.738905
2026-08-13T20:55:00+00:00,1.0083,1.0086,1.0079,1.008,127299.631757
2026-08-13T21:00:00+00:00,1.0079,1.0091,1.0077,1.0089,60258.233581
2026-08-13T21:05:00+00:00,1.0089,1.0093,1.0081,1.0081,216232.395102
2026-08-13T21:10:00+00:00,1.0081,1.0083,1.007,1.0078,260876.151739
2026-08-13T21:15:00+00:00,1.008,1.0084,1.0074,1.0081,103185.218621
2026-08-13T21:20:00+00:00,1.0081,1.0083,1.0077,1.0082,86287.641767
2026-08-13T21:25:00+00:00,1.0081,1.0081,1.0075,1.0079,63955.550094
2026-08-13T21:30:00+00:00,1.0079,1.008,1.0068,1.007,157119.547027
2026-08-13T21:35:00+00:00,1.0069,1.0076,1.0067,1.0076,81374.885138
2026-08-13T21:40:00+00:00,1.0077,1.0077,1.0067,1.0072,138080.38509
2026-08-13T21:45:00+00:00,1.0068,1.0075,1.0067,1.0071,48209.509909
2026-08-13T21:50:00+00:00,1.0071,1.0077,1.0069,1.0072,56970.431412
2026-08-13T21:55:00+00:00,1.0072,1.0076,1.0069,1.0074,48896.911003
2026-08-13T22:00:00+00:00,1.0075,1.0083,1.0071,1.0083,220409.128005
2026-08-13T22:05:00+00:00,1.0084,1.0095,1.0082,1.0091,116606.179121
2026-08-13T22:10:00+00:00,1.0091,1.0099,1.009,1.0098,89938.268952
2026-08-13T22:15:00+00:00,1.0097,1.0104,1.0095,1.0095,123606.396962
2026-08-13T22:20:00+00:00,1.0094,1.0109,1.0091,1.0107,151426.778414
2026-08-13T22:25:00+00:00,1.0108,1.011,1.0104,1.011,119268.674965
2026-08-13T22:30:00+00:00,1.011,1.0111,1.0092,1.0098,87089.255288
2026-08-13T22:35:00+00:00,1.0098,1.0098,1.0084,1.0085,170260.444957
2026-08-13T22:40:00+00:00,1.0085,1.0088,1.0081,1.0083,319675.909944
2026-08-13T22:45:00+00:00,1.0083,1.0084,1.0075,1.0082,58999.006009
2026-08-13T22:50:00+00:00,1.0082,1.0086,1.0079,1.0082,162880.908116
2026-08-13T22:55:00+00:00,1.0083,1.0083,1.0079,1.0082,44664.373675
2026-08-13T23:00:00+00:00,1.0082,1.0084,1.0071,1.0072,152915.324017
2026-08-13T23:05:00+00:00,1.0072,1.0077,1.0072,1.0076,55793.802026
2026-08-13T23:10:00+00:00,1.0076,1.0078,1.0073,1.0078,88334.413117
2026-08-13T23:15:00+00:00,1.0077,1.0082,1.007,1.0076,48958.847773
2026-08-13T23:20:00+00:00,1.0076,1.0079,1.0071,1.0072,105201.769769
2026-08-13T23:25:00+00:00,1.0073,1.0078,1.0071,1.0077,44604.623223
2026-08-13T23:30:00+00:00,1.0077,1.0082,1.0077,1.008,56423.402327
2026-08-13T23:35:00+00:00,1.008,1.0084,1.0078,1.0079,78280.750241
2026-08-13T23:40:00+00:00,1.0079,1.0083,1.0078,1.0081,120047.883076
2026-08-13T23:45:00+00:00,1.008,1.0087,1.0079,1.0081,56380.348046
2026-08-13T23:45:00+00:00,1.008,1.0087,1.0079,1.0081,56380.348046
2026-08-13T23:50:00+00:00,1.008,1.0084,1.0078,1.0079,50762.593585
2026-08-13T23:55:00+00:00,1.008,1.0086,1.0078,1.0085,35407.340605
2026-08-14T00:00:00+00:00,1.0085,1.009,1.0084,1.0089,32260.67444
2026-08-14T00:05:00+00:00,1.009,1.0095,1.0089,1.0093,73395.643901
2026-08-14T00:10:00+00:00,1.0091,1.0092,1.0082,1.0084,63683.494397
2026-08-14T00:15:00+00:00,1.0084,1.0091,1.0082,1.0086,102702.026312
2026-08-14T00:20:00+00:00,1.0087,1.0105,1.0086,1.0104,90240.497544
2026-08-14T00:25:00+00:00,1.0104,1.0104,1.0093,1.0095,61475.320484
2026-08-14T00:30:00+00:00,1.0094,1.0094,1.0088,1.0089,44735.569582
2026-08-14T00:35:00+00:00,1.0089,1.0097,1.0089,1.0097,36331.65649
2026-08-14T00:40:00+00:00,1.0097,1.011,1.0096,1.0108,65023.18274
2026-08-14T00:45:00+00:00,1.0107,1.0108,1.0098,1.01,128915.271834
2026-08-14T00:50:00+00:00,1.0099,1.011,1.0099,1.0108,61468.608403
2026-08-14T00:55:00+00:00,1.0109,1.0115,1.0108,1.0113,159681.033134
2026-08-14T01:00:00+00:00,1.0113,1.0117,1.0109,1.0117,56426.066583
2026-08-14T01:05:00+00:00,1.0116,1.0119,1.0112,1.0112,42719.46775
2026-08-14T01:10:00+00:00,1.0112,1.0112,1.0103,1.0104,156664.650519
2026-08-14T01:15:00+00:00,1.0104,1.0109,1.0103,1.0106,37104.200309
2026-08-14T01:20:00+00:00,1.0105,1.0114,1.0104,1.0113,89808.355553
2026-08-14T01:25:00+00:00,1.0113,1.0113,1.01,1.01,123844.749672
2026-08-14T01:30:00+00:00,1.01,1.0105,1.0095,1.0104,59170.361234
2026-08-14T01:35:00+00:00,1.0104,1.011,1.0102,1.0103,77149.907071
2026-08-14T01:40:00+00:00,1.0104,1.011,1.0103,1.0108,16703.376149
2026-08-14T01:45:00+00:00,1.0109,1.011,1.0096,1.0108,128554.700425
2026-08-14T01:50:00+00:00,1.0107,1.0116,1.0098,1.0099,152451.126894
2026-08-14T01:55:00+00:00,1.0099,1.0108,1.0097,1.0106,39237.308598
2026-08-14T02:00:00+00:00,1.0107,1.0118,1.0106,1.0117,60565.813461
2026-08-14T02:05:00+00:00,1.0116,1.013,1.0116,1.0128,116210.841912
2026-08-14T02:10:00+00:00,1.0129,1.0133,1.0115,1.0124,138151.84775
2026-08-14T02:15:00+00:00,1.0123,1.0125,1.0113,1.0114,162437.588201
2026-08-14T02:20:00+00:00,1.0117,1.012,1.0114,1.0114,121084.630174
2026-08-14T02:25:00+00:00,1.0114,1.0116,1.0112,1.0116,125048.15491
2026-08-14T02:30:00+00:00,1.0117,1.0125,1.0114,1.0119,80243.009389
2026-08-14T02:35:00+00:00,1.0118,1.012,1.0116,1.0119,69969.188346
2026-08-14T02:40:00+00:00,1.0119,1.012,1.0111,1.0115,54086.124409
2026-08-14T02:45:00+00:00,1.0115,1.0122,1.0114,1.0116,76600.887653
2026-08-14T02:50:00+00:00,1.0116,1.0118,1.0114,1.0114,35632.148604
2026-08-14T02:55:00+00:00,1.0115,1.0115,1.0105,1.0106,78103.754422
2026-08-14T03:00:00+00:00,1.0105,1.0107,1.0097,1.0097,39270.792611
2026-08-14T03:05:00+00:00,1.0097,1.0099,1.0088,1.0092,63980.887489
2026-08-14T03:10:00+00:00,1.0092,1.0093,1.0085,1.0093,33721.685911
2026-08-14T03:15:00+00:00,1.0093,1.011,1.0093,1.0108,44665.088707
2026-08-14T03:20:00+00:00,1.0109,1.0111,1.0104,1.0109,50950.952057
2026-08-14T03:25:00+00:00,1.0109,1.0111,1.0104,1.0109,59602.013749
2026-08-14T03:30:00+00:00,1.0109,1.0109,1.0103,1.0104,48881.539478
2026-08-14T03:35:00+00:00,1.0104,1.0104,1.0091,1.0092,64838.94498
2026-08-14T03:40:00+00:00,1.0094,1.0097,1.009,1.0096,33694.468795
2026-08-14T03:45:00+00:00,1.0095,1.0096,1.0087,1.0089,26865.601574
2026-08-14T03:50:00+00:00,1.0089,1.009,1.0086,1.0086,68434.957283
2026-08-14T03:55:00+00:00,1.0087,1.0091,1.0084,1.009,84437.107243
2026-08-14T04:00:00+00:00,1.0088,1.0105,1.0087,1.0103,26221.574983
2026-08-14T04:05:00+00:00,1.0103,1.0108,1.0102,1.0106,39907.321935
2026-08-14T04:10:00+00:00,1.0105,1.0107,1.0102,1.0106,62064.446107
2026-08-14T04:15:00+00:00,1.0106,1.0119,1.0106,1.0112,79606.848247
2026-08-14T04:20:00+00:00,1.0112,1.0114,1.0101,1.0101,42262.038732
2026-08-14T04:25:00+00:00,1.01,1.0105,1.0099,1.0103,84010.851255
2026-08-14T04:30:00+00:00,1.0101,1.0104,1.0095,1.0098,74365.709043
2026-08-14T04:35:00+00:00,1.0099,1.01,1.0094,1.0098,50910.013322
2026-08-14T04:40:00+00:00,1.0098,1.0103,1.0097,1.01,18365.951586
2026-08-14T04:45:00+00:00,1.0098,1.01,1.0091,1.0091,36950.246961
2026-08-14T04:50:00+00:00,1.0091,1.0094,1.0086,1.0086,52823.716165
2026-08-14T04:55:00+00:00,1.0088,1.0088,1.0081,1.0083,33636.600656
2026-08-14T05:00:00+00:00,1.0082,1.0087,1.0081,1.0086,57422.866292
2026-08-14T05:05:00+00:00,1.0087,1.0089,1.0084,1.0084,22384.716205
2026-08-14T05:10:00+00:00,1.0085,1.0089,1.0079,1.0081,36066.212638
2026-08-14T05:15:00+00:00,1.008,1.008,1.0074,1.0077,56979.082624
2026-08-14T05:20:00+00:00,1.0076,1.0079,1.0072,1.0074,13789.821371
2026-08-14T05:25:00+00:00,1.0075,1.0084,1.0074,1.0078,50992.760419
2026-08-14T05:30:00+00:00,1.0078,1.0082,1.0075,1.0079,41632.355867
2026-08-14T05:35:00+00:00,1.0079,1.0084,1.0076,1.0084,19614.106499
2026-08-14T05:40:00+00:00,1.0085,1.0086,1.0083,1.0083,20609.430006
2026-08-14T05:45:00+00:00,1.0083,1.0085,1.0077,1.0078,25358.849174
2026-08-14T05:50:00+00:00,1.0078,1.0086,1.0078,1.0086,10645.201545
2026-08-14T05:55:00+00:00,1.0086,1.009,1.0085,1.0086,30197.286328
2026-08-14T06:00:00+00:00,1.0085,1.0085,1.0081,1.0084,33585.721235
2026-08-14T06:05:00+00:00,1.0084,1.0087,1.0079,1.0082,27909.643627
2026-08-14T06:10:00+00:00,1.0081,1.0083,1.0076,1.008,63886.326838
2026-08-14T06:15:00+00:00,1.0079,1.0079,1.007,1.0075,48061.058202
2026-08-14T06:20:00+00:00,1.0074,1.0077,1.0071,1.0071,22283.156958
2026-08-14T06:25:00+00:00,1.0071,1.0071,1.0061,1.0064,195610.948205
2026-08-14T06:30:00+00:00,1.0065,1.0071,1.0064,1.0066,17411.618262
2026-08-14T06:35:00+00:00,1.0067,1.0071,1.0065,1.007,57266.214929
2026-08-14T06:40:00+00:00,1.007,1.007,1.0064,1.007,22717.031471
2026-08-14T06:45:00+00:00,1.0071,1.0077,1.0066,1.0069,73484.332413
2026-08-14T06:50:00+00:00,1.007,1.0077,1.0061,1.0063,153468.538985
2026-08-14T06:55:00+00:00,1.0063,1.0069,1.0047,1.0049,186957.880952
2026-08-14T07:00:00+00:00,1.0046,1.0046,1.0034,1.0042,212554.677705
2026-08-14T07:05:00+00:00,1.0043,1.0047,1.0025,1.0032,96091.095553
2026-08-14T07:10:00+00:00,1.0032,1.0036,1.0028,1.0034,56815.236767
2026-08-14T07:15:00+00:00,1.0034,1.0042,1.003,1.0042,44514.6559
2026-08-14T07:20:00+00:00,1.0041,1.0042,1.0038,1.0042,30396.014706
2026-08-14T07:25:00+00:00,1.0042,1.0044,1.004,1.0041,26531.774074
2026-08-14T07:30:00+00:00,1.004,1.004,1.0027,1.0031,60448.168013
2026-08-14T07:35:00+00:00,1.0032,1.0035,1.003,1.0031,14869.108306
2026-08-14T07:40:00+00:00,1.0031,1.0037,1.0031,1.0037,36374.058223
2026-08-14T07:45:00+00:00,1.0037,1.0039,1.0028,1.0039,58032.426749
2026-08-14T07:50:00+00:00,1.0039,1.0043,1.0036,1.0041,51755.707895
2026-08-14T07:55:00+00:00,1.0041,1.0045,1.0034,1.0036,22621.923575
2026-08-14T08:00:00+00:00,1.0036,1.0041,1.0036,1.0039,25458.519709
2026-08-14T08:05:00+00:00,1.0039,1.0041,1.0037,1.0038,19411.189151
2026-08-14T08:10:00+00:00,1.0038,1.0042,1.0033,1.0034,109982.611684
2026-08-14T08:15:00+00:00,1.0035,1.0049,1.0034,1.0034,174800.572862
2026-08-14T08:20:00+00:00,1.0034,1.0041,1.003,1.003,38486.760754
2026-08-14T08:25:00+00:00,1.003,1.0041,1.003,1.0041,41576.699613
2026-08-14T08:30:00+00:00,1.0041,1.0047,1.0036,1.0047,237029.223288
2026-08-14T08:35:00+00:00,1.0047,1.0058,1.0047,1.0051,36841.029343
2026-08-14T08:40:00+00:00,1.005,1.0052,1.0042,1.0044,35782.606943
2026-08-14T08:45:00+00:00,1.0043,1.0052,1.0042,1.0052,34279.702518
2026-08-14T08:50:00+00:00,1.0051,1.0052,1.0047,1.005,28654.929259
2026-08-14T08:55:00+00:00,1.005,1.0061,1.005,1.0059,54730.232183
2026-08-14T09:00:00+00:00,1.0059,1.0061,1.0047,1.0051,61998.317236
2026-08-14T09:05:00+00:00,1.005,1.0051,1.0045,1.0046,80554.638296
2026-08-14T09:10:00+00:00,1.0047,1.0052,1.0046,1.005,99076.620043
2026-08-14T09:15:00+00:00,1.0049,1.005,1.0038,1.0044,142945.648202
2026-08-14T09:20:00+00:00,1.0044,1.0044,1.0038,1.0038,23320.961906
2026-08-14T09:25:00+00:00,1.0039,1.0043,1.0034,1.0034,36010.131517
2026-08-14T09:30:00+00:00,1.0033,1.0033,1.0015,1.0022,173905.690804
2026-08-14T09:35:00+00:00,1.0022,1.0022,1.0005,1.0009,355196.471979
2026-08-14T09:40:00+00:00,1.0009,1.001,1.0002,1.0006,277394.834415
2026-08-14T09:45:00+00:00,1.0007,1.002,1.0006,1.002,161312.830377
2026-08-14T09:50:00+00:00,1.002,1.0036,1.002,1.0035,45434.761714
2026-08-14T09:55:00+00:00,1.0035,1.0035,1.0026,1.0027,66386.727683
2026-08-14T10:00:00+00:00,1.0027,1.0032,1.0022,1.0029,76258.233113
2026-08-14T10:05:00+00:00,1.0028,1.0029,1.0019,1.0021,181203.322208
2026-08-14T10:10:00+00:00,1.0022,1.0025,1.0019,1.0023,25269.829958
2026-08-14T10:15:00+00:00,1.0023,1.0032,1.0022,1.0025,103033.574924
2026-08-14T10:20:00+00:00,1.0024,1.0024,1.0016,1.0017,84368.704323
2026-08-14T10:25:00+00:00,1.0017,1.0023,1.0015,1.0021,41174.803584
2026-08-14T10:30:00+00:00,1.0021,1.0024,1.0013,1.0022,31406.630717
2026-08-14T10:35:00+00:00,1.0023,1.0026,1.0017,1.0019,59514.535208
2026-08-14T10:40:00+00:00,1.0019,1.0022,1.0015,1.0022,41730.71012
2026-08-14T10:45:00+00:00,1.0021,1.0023,1.001,1.0019,99658.721985
2026-08-14T10:50:00+00:00,1.0018,1.0024,1.0014,1.0019,82272.231886
2026-08-14T10:55:00+00:00,1.0018,1.0021,1.0015,1.0016,20846.782571
2026-08-14T11:00:00+00:00,1.0016,1.0029,1.0014,1.0027,33693.857417
2026-08-14T11:05:00+00:00,1.0026,1.0027,1.0021,1.0022,43593.470684
2026-08-14T11:10:00+00:00,1.0022,1.0028,1.0015,1.0019,163980.426147
2026-08-14T11:15:00+00:00,1.002,1.0033,1.0018,1.0032,49988.340389
2026-08-14T11:20:00+00:00,1.0031,1.0031,1.0015,1.0016,90948.474115
2026-08-14T11:25:00+00:00,1.0016,1.0017,1.0002,1.0008,111258.176347
2026-08-14T11:30:00+00:00,1.0008,1.0014,1.0004,1.0013,72618.19812
2026-08-14T11:35:00+00:00,1.0013,1.0026,1.0013,1.0022,49122.579325
2026-08-14T11:40:00+00:00,1.0021,1.0021,1.0016,1.0019,53357.283722
2026-08-14T11:45:00+00:00,1.0018,1.0021,1.0011,1.0017,68993.239448
2026-08-14T11:50:00+00:00,1.0018,1.0027,1.0016,1.0027,31838.758642
2026-08-14T11:55:00+00:00,1.0027,1.0032,1.0014,1.0017,118925.632223
2026-08-14T12:00:00+00:00,1.0018,1.0022,1.0012,1.0016,94521.381714
2026-08-14T12:05:00+00:00,1.0016,1.0018,1.0007,1.0012,424500.955655
2026-08-14T12:10:00+00:00,1.0012,1.0012,1,1.001,320838.881495
2026-08-14T12:15:00+00:00,1.001,1.0021,1.0006,1.0007,88208.531612
2026-08-14T12:20:00+00:00,1.0008,1.0011,1.0001,1.0007,81399.239753
2026-08-14T12:25:00+00:00,1.0006,1.0007,1.0001,1.0005,58525.982712
2026-08-14T12:30:00+00:00,1.0006,1.0019,1.0005,1.0008,103842.654012
2026-08-14T12:35:00+00:00,1.0009,1.0009,0.9997,1.0006,327222.865315
2026-08-14T12:40:00+00:00,1.0006,1.0006,0.9993,0.9997,178825.058142
2026-08-14T12:45:00+00:00,0.9997,1.001,0.9995,1.001,96986.348062
2026-08-14T12:50:00+00:00,1.001,1.0018,0.9985,0.9994,154128.910042
2026-08-14T12:55:00+00:00,0.9995,1.0003,0.9994,0.9999,198049.586028
2026-08-14T13:00:00+00:00,1.0002,1.0003,0.9992,1.0001,373481.853843
2026-08-14T13:05:00+00:00,1.0001,1.0004,0.9996,1.0003,145161.925066
2026-08-14T13:10:00+00:00,1.0004,1.0017,0.9995,1.0013,137513.642851
2026-08-14T13:15:00+00:00,1.0012,1.0017,1.0001,1.0008,163722.613195
2026-08-14T13:20:00+00:00,1.0009,1.0031,1.0009,1.0028,108594.875004
2026-08-14T13:25:00+00:00,1.0027,1.0043,1.0022,1.0031,145808.698189
2026-08-14T13:30:00+00:00,1.0032,1.0033,1.0012,1.0024,271402.368828
2026-08-14T13:35:00+00:00,1.0025,1.0032,1.0016,1.0023,198493.653754
2026-08-14T13:40:00+00:00,1.0023,1.0028,1.002,1.0025,124988.411968
2026-08-14T13:45:00+00:00,1.0025,1.003,1.0018,1.0022,251485.641714
2026-08-14T13:50:00+00:00,1.0022,1.0025,1.0008,1.0009,369325.216731
2026-08-14T13:55:00+00:00,1.001,1.0016,1.0007,1.0016,130449.118375
2026-08-14T14:00:00+00:00,1.0016,1.0024,1.001,1.0018,134656.573433
2026-08-14T14:05:00+00:00,1.0016,1.0019,1,1.0004,319994.396808
2026-08-14T14:10:00+00:00,1.0006,1.0017,1.0002,1.0003,201969.51375
2026-08-14T14:15:00+00:00,1.0003,1.001,0.9994,0.9999,119246.522287
2026-08-14T14:20:00+00:00,0.9999,1.001,0.9997,0.9999,146384.696852
2026-08-14T14:25:00+00:00,0.9999,1.0016,0.9999,1.0011,133623.064706
2026-08-14T14:30:00+00:00,1.0011,1.0014,1.0003,1.0013,166304.697883
2026-08-14T14:35:00+00:00,1.0011,1.0035,1.0011,1.0032,124819.702222
2026-08-14T14:40:00+00:00,1.0032,1.0037,1.0027,1.0027,112285.800949
2026-08-14T14:45:00+00:00,1.0027,1.0033,1.0025,1.0029,113131.511555
2026-08-14T14:50:00+00:00,1.0029,1.0034,1.0022,1.0025,128234.655102
2026-08-14T14:55:00+00:00,1.0025,1.0025,0.9999,1.0003,324397.799968
2026-08-14T15:00:00+00:00,1.0004,1.0009,0.9999,1.0004,187080.185641
2026-08-14T15:05:00+00:00,1.0004,1.002,1.0003,1.001,123754.498124
2026-08-14T15:10:00+00:00,1.0011,1.0017,1.0005,1.0006,172111.312401
2026-08-14T15:15:00+00:00,1.0007,1.0016,1.0005,1.0012,167531.214764
2026-08-14T15:20:00+00:00,1.0013,1.0029,1.0012,1.0026,99280.75076
2026-08-14T15:25:00+00:00,1.0026,1.0056,1.002,1.0055,411615.67147
2026-08-14T15:30:00+00:00,1.0053,1.0055,1.004,1.0055,172632.338124
2026-08-14T15:35:00+00:00,1.0054,1.0083,1.0054,1.0079,524695.508344
2026-08-14T15:40:00+00:00,1.008,1.008,1.0065,1.0067,269204.659682
2026-08-14T15:45:00+00:00,1.0068,1.0078,1.0065,1.0069,138330.028184
2026-08-14T15:50:00+00:00,1.007,1.007,1.0061,1.0065,77683.383938
2026-08-14T15:55:00+00:00,1.0065,1.0068,1.0056,1.0056,107989.035413
2026-08-14T16:00:00+00:00,1.0056,1.0065,1.0048,1.0048,247202.318335
2026-08-14T16:05:00+00:00,1.0048,1.0048,1.004,1.0047,71489.08964
2026-08-14T16:10:00+00:00,1.0047,1.0059,1.0047,1.005,122203.602794
2026-08-14T16:15:00+00:00,1.005,1.0053,1.0044,1.0046,80279.734576
2026-08-14T16:20:00+00:00,1.0046,1.0055,1.0038,1.0047,149767.126446
2026-08-14T16:25:00+00:00,1.0046,1.0049,1.0032,1.0032,235452.913724
2026-08-14T16:30:00+00:00,1.0032,1.0046,1.0032,1.0044,189178.01029
2026-08-14T16:35:00+00:00,1.0044,1.0052,1.0034,1.0035,299186.594971
2026-08-14T16:40:00+00:00,1.0034,1.0041,1.003,1.0035,135462.312085
2026-08-14T16:45:00+00:00,1.0036,1.0037,1.0016,1.0016,245568.424863
2026-08-14T16:50:00+00:00,1.0016,1.0022,0.9998,1.0016,443783.583684
2026-08-14T16:55:00+00:00,1.0014,1.0021,1.0011,1.0014,128502.883828
2026-08-14T17:00:00+00:00,1.0014,1.002,1.0012,1.0014,181843.918109
2026-08-14T17:05:00+00:00,1.0015,1.0018,1.0003,1.0008,170672.556157
2026-08-14T17:10:00+00:00,1.0007,1.0021,1.0006,1.0021,117494.846182
2026-08-14T17:15:00+00:00,1.002,1.0027,1.0019,1.0019,101464.094629
2026-08-14T17:20:00+00:00,1.0019,1.0032,1.0016,1.0029,122181.204616
2026-08-14T17:25:00+00:00,1.0028,1.0032,1.0027,1.0029,104052.333622
2026-08-14T17:30:00+00:00,1.0029,1.0037,1.0028,1.0036,107668.932251
2026-08-14T17:35:00+00:00,1.0036,1.0036,1.0022,1.0028,115065.766919
2026-08-14T17:40:00+00:00,1.0029,1.0037,1.0018,1.0023,134479.447207
2026-08-14T17:45:00+00:00,1.0021,1.0025,1.0017,1.0023,86011.610291
2026-08-14T17:50:00+00:00,1.0023,1.0023,0.9993,0.9997,294601.247414
2026-08-14T17:55:00+00:00,0.9997,1.0005,0.9981,1,291421.154289
2026-08-14T18:00:00+00:00,1,1,0.9985,0.9998,270600.55655
2026-08-14T18:05:00+00:00,0.9998,1.0005,0.9993,0.9997,121093.064075
2026-08-14T18:10:00+00:00,0.9998,1.0002,0.9993,0.9999,113152.554727
2026-08-14T18:15:00+00:00,0.9999,1.0011,0.9995,1.0008,220248.904979
2026-08-14T18:20:00+00:00,1.0007,1.0018,1.0007,1.0016,305384.804823
2026-08-14T18:25:00+00:00,1.0017,1.0025,1.0006,1.0007,155319.170486
2026-08-14T18:30:00+00:00,1.0006,1.0006,0.9992,0.9998,250318.476668
2026-08-14T18:35:00+00:00,0.9997,1.0013,0.9997,1.0011,161421.870923
2026-08-14T18:40:00+00:00,1.0011,1.0013,0.9998,1.0002,160474.095253
2026-08-14T18:45:00+00:00,1.0002,1.0003,0.9975,0.9992,407286.148917
2026-08-14T18:50:00+00:00,0.9992,0.9994,0.9982,0.9988,162221.221648
2026-08-14T18:55:00+00:00,0.9988,0.9996,0.9986,0.9987,167652.743362
2026-08-14T19:00:00+00:00,0.9986,0.999,0.9976,0.9986,149826.512763
2026-08-14T19:05:00+00:00,0.9986,0.9991,0.9982,0.9989,193987.158277
2026-08-14T19:10:00+00:00,0.9988,0.9989,0.9983,0.9984,144352.391625
2026-08-14T19:15:00+00:00,0.9982,0.9996,0.9982,0.9986,213194.214258
2026-08-14T19:20:00+00:00,0.9987,0.9999,0.9984,0.9985,173269.0452
2026-08-14T19:25:00+00:00,0.9985,0.9991,0.9985,0.9988,159995.434539
2026-08-14T19:30:00+00:00,0.9988,0.9992,0.9984,0.999,305385.240501
2026-08-14T19:35:00+00:00,0.9989,0.9992,0.9975,0.9986,330867.64189
2026-08-14T19:40:00+00:00,0.9986,0.9991,0.9979,0.9989,498211.043072
2026-08-14T19:45:00+00:00,0.9989,0.9992,0.9985,0.9988,146695.171558
2026-08-14T19:50:00+00:00,0.9988,0.9994,0.9986,0.999,297990.665225
2026-08-14T19:55:00+00:00,0.999,0.9996,0.9975,0.9981,475104.472474
2026-08-14T20:00:00+00:00,0.998,0.9982,0.9951,0.9975,755482.685175
2026-08-14T20:05:00+00:00,0.9975,0.999,0.9973,0.999,374979.330303
2026-08-14T20:10:00+00:00,0.9989,0.9989,0.9965,0.9967,323562.507661
2026-08-14T20:15:00+00:00,0.9967,0.9974,0.996,0.9972,402289.079806
2026-08-14T20:20:00+00:00,0.9974,0.9979,0.9971,0.9975,115734.685669
2026-08-14T20:25:00+00:00,0.9975,0.9986,0.9973,0.9982,161596.554303
2026-08-14T20:30:00+00:00,0.9983,0.9985,0.9976,0.9978,208273.90644
2026-08-14T20:35:00+00:00,0.9979,0.9982,0.9972,0.9976,172510.891604
2026-08-14T20:40:00+00:00,0.9977,0.9979,0.9975,0.9978,165040.784041
2026-08-14T20:45:00+00:00,0.9977,0.9977,0.9961,0.9974,229466.856908
2026-08-14T20:50:00+00:00,0.9974,0.998,0.9971,0.998,431826.917403
2026-08-14T20:55:00+00:00,0.998,0.998,0.9973,0.9978,133671.399449
2026-08-14T21:00:00+00:00,0.9979,0.9992,0.9976,0.9989,157135.171693
2026-08-14T21:05:00+00:00,0.9989,0.9989,0.9971,0.9971,162728.411536
2026-08-14T21:10:00+00:00,0.9971,0.9978,0.9966,0.9978,313575.668809
2026-08-14T21:15:00+00:00,0.9978,0.9984,0.9974,0.9975,128067.388052
2026-08-14T21:20:00+00:00,0.9973,0.9983,0.9971,0.9976,238910.336395
2026-08-14T21:25:00+00:00,0.9975,0.998,0.9974,0.9976,122542.408675
2026-08-14T21:30:00+00:00,0.9978,0.998,0.9972,0.9973,141589.283606
2026-08-14T21:35:00+00:00,0.9973,0.9977,0.9971,0.9972,130303.259472
2026-08-14T21:40:00+00:00,0.9972,0.9979,0.9965,0.9965,205702.715597
2026-08-14T21:45:00+00:00,0.9966,0.997,0.9959,0.9967,115170.007942
2026-08-14T21:50:00+00:00,0.9967,0.9968,0.9951,0.9952,215310.161948
2026-08-14T21:55:00+00:00,0.9951,0.9978,0.9944,0.9972,241304.091325
2026-08-14T22:00:00+00:00,0.9972,0.998,0.9968,0.9971,363536.198089
2026-08-14T22:05:00+00:00,0.9971,0.9975,0.996,0.9965,168129.075724
2026-08-14T22:10:00+00:00,0.9965,0.9965,0.9951,0.9953,155133.80588
2026-08-14T22:15:00+00:00,0.9952,0.9953,0.992,0.9935,949919.058459
2026-08-14T22:20:00+00:00,0.9934,0.9934,0.9874,0.9889,2496562.61748
2026-08-14T22:25:00+00:00,0.9888,0.9895,0.9879,0.989,502557.094686
2026-08-14T22:30:00+00:00,0.9889,0.9914,0.9889,0.9914,342421.82132
2026-08-14T22:35:00+00:00,0.9914,0.992,0.991,0.9918,262530.421804
2026-08-14T22:40:00+00:00,0.9918,0.9919,0.9909,0.991,192274.059034
2026-08-14T22:45:00+00:00,0.991,0.9919,0.9908,0.9919,259563.612146
2026-08-14T22:50:00+00:00,0.9917,0.9919,0.9912,0.9919,141548.613044
2026-08-14T22:55:00+00:00,0.9919,0.992,0.9913,0.992,149558.040171
2026-08-14T23:00:00+00:00,0.9919,0.9924,0.9913,0.9919,214410.012537
2026-08-14T23:05:00+00:00,0.9919,0.9924,0.9918,0.9924,103237.211553
2026-08-14T23:10:00+00:00,0.9924,0.9941,0.9921,0.9941,138856.337316
2026-08-14T23:15:00+00:00,0.994,0.9949,0.994,0.9946,223428.567739
2026-08-14T23:20:00+00:00,0.9945,0.996,0.9944,0.9959,104068.00291
2026-08-14T23:25:00+00:00,0.9959,0.996,0.9948,0.9959,98159.762124
2026-08-14T23:30:00+00:00,0.9959,0.996,0.9951,0.9954,83967.797171
2026-08-14T23:35:00+00:00,0.9954,0.9971,0.9947,0.9971,167974.591387
2026-08-14T23:40:00+00:00,0.9971,0.9981,0.9967,0.9976,80683.642457
2026-08-14T23:45:00+00:00,0.9977,0.9981,0.9975,0.9979,61618.463819
2026-08-14T23:45:00+00:00,0.9977,0.9981,0.9975,0.9979,61618.463819
2026-08-14T23:50:00+00:00,0.998,0.9984,0.9974,0.9979,154689.910541
2026-08-14T23:55:00+00:00,0.9979,0.9986,0.9979,0.9986,53410.517647
2026-08-15T00:00:00+00:00,0.9986,0.9993,0.9979,0.9987,305682.057929
2026-08-15T00:05:00+00:00,0.9987,0.9991,0.9985,0.9988,56423.084323
2026-08-15T00:10:00+00:00,0.9987,0.9992,0.9981,0.9983,117408.935069
2026-08-15T00:15:00+00:00,0.9983,0.9988,0.9983,0.9986,80608.871468
2026-08-15T00:20:00+00:00,0.9986,0.9986,0.9971,0.9978,405375.72065
2026-08-15T00:25:00+00:00,0.9978,0.9981,0.9973,0.9981,155214.56949
2026-08-15T00:30:00+00:00,0.9982,0.9995,0.9982,0.999,119675.627191
2026-08-15T00:35:00+00:00,0.9989,0.999,0.9977,0.9989,149808.054142
2026-08-15T00:40:00+00:00,0.999,0.9994,0.9987,0.999,161486.297737
2026-08-15T00:45:00+00:00,0.9991,1.0005,0.9991,1,128766.688924
2026-08-15T00:50:00+00:00,1,1.0001,0.9996,0.9996,80959.356386
2026-08-15T00:55:00+00:00,0.9998,1.0004,0.9996,0.9998,123804.323346
2026-08-15T01:00:00+00:00,0.9999,1.0003,0.9997,0.9999,106792.833364
2026-08-15T01:05:00+00:00,0.9998,0.9998,0.9989,0.9992,93000.411996
2026-08-15T01:10:00+00:00,0.9993,1.0004,0.9993,1.0004,148638.322124
2026-08-15T01:15:00+00:00,1.0004,1.0005,0.9993,0.9998,54024.38142
2026-08-15T01:20:00+00:00,0.9997,1.001,0.9996,1.0001,105467.509889
2026-08-15T01:25:00+00:00,1.0002,1.0007,0.9997,1,85075.651855
2026-08-15T01:30:00+00:00,1,1.001,0.9996,1.001,155199.638884
2026-08-15T01:35:00+00:00,1.0009,1.001,1.0004,1.0006,62451.344072
2026-08-15T01:40:00+00:00,1.0007,1.001,1.0005,1.0006,38789.537398
2026-08-15T01:45:00+00:00,1.0005,1.0008,1,1.0003,78031.314091
2026-08-15T01:50:00+00:00,1.0002,1.0005,0.9998,1,80780.304694
2026-08-15T01:55:00+00:00,1,1.0009,1,1.0008,50188.98459
2026-08-15T02:00:00+00:00,1.0009,1.0024,1.0008,1.0021,432118.882486
2026-08-15T02:05:00+00:00,1.0022,1.0027,1.0015,1.0017,56820.098745
2026-08-15T02:10:00+00:00,1.0016,1.0026,1.0016,1.0025,36939.258248
2026-08-15T02:15:00+00:00,1.0025,1.0054,1.0025,1.0042,293685.687395
2026-08-15T02:20:00+00:00,1.0042,1.0048,1.004,1.0045,57056.216377
2026-08-15T02:25:00+00:00,1.0045,1.0049,1.0041,1.0044,68940.252409
2026-08-15T02:30:00+00:00,1.0044,1.0051,1.0043,1.0047,59683.952886
2026-08-15T02:35:00+00:00,1.0047,1.005,1.0038,1.0043,207440.698992
2026-08-15T02:40:00+00:00,1.0043,1.0047,1.0038,1.0044,119790.31514
2026-08-15T02:45:00+00:00,1.0043,1.0051,1.0042,1.0048,75091.132427
2026-08-15T02:50:00+00:00,1.0047,1.0049,1.0041,1.0046,68857.051897
2026-08-15T02:55:00+00:00,1.0046,1.0049,1.0045,1.0049,28398.656562
2026-08-15T03:00:00+00:00,1.0049,1.0055,1.0049,1.0055,59805.112653
2026-08-15T03:05:00+00:00,1.0056,1.0065,1.0056,1.0061,274396.848341
2026-08-15T03:10:00+00:00,1.006,1.0068,1.0057,1.0062,63035.361272
2026-08-15T03:15:00+00:00,1.0062,1.007,1.0059,1.0059,147372.476221
2026-08-15T03:20:00+00:00,1.0059,1.0059,1.0052,1.0052,74602.082493
2026-08-15T03:25:00+00:00,1.0052,1.0053,1.004,1.0044,64403.735119
2026-08-15T03:30:00+00:00,1.0044,1.0049,1.0041,1.0041,12103.241792
2026-08-15T03:35:00+00:00,1.004,1.0042,1.0029,1.0035,54265.257765
2026-08-15T03:40:00+00:00,1.0035,1.0039,1.0034,1.0034,50082.574264
2026-08-15T03:45:00+00:00,1.0034,1.0038,1.0034,1.0035,23379.536986
2026-08-15T03:50:00+00:00,1.0036,1.0041,1.0036,1.0039,62413.651014
2026-08-15T03:55:00+00:00,1.0038,1.0042,1.0035,1.0037,35142.666719
2026-08-15T04:00:00+00:00,1.0038,1.0043,1.0038,1.0039,36170.638524
2026-08-15T04:05:00+00:00,1.0039,1.004,1.0034,1.0034,51182.608032
2026-08-15T04:10:00+00:00,1.0034,1.0043,1.0031,1.0041,26253.995102
2026-08-15T04:15:00+00:00,1.0041,1.005,1.0041,1.0049,12012.016609
2026-08-15T04:20:00+00:00,1.0049,1.0053,1.0049,1.005,43276.396678
2026-08-15T04:25:00+00:00,1.0049,1.0056,1.0049,1.0052,33447.252359
2026-08-15T04:30:00+00:00,1.0052,1.0056,1.0048,1.0048,50560.615713
2026-08-15T04:35:00+00:00,1.0048,1.0052,1.0047,1.0048,31489.884139
2026-08-15T04:40:00+00:00,1.0048,1.0051,1.0048,1.005,41158.683982
2026-08-15T04:45:00+00:00,1.0051,1.0051,1.0046,1.0048,27156.33259
2026-08-15T04:50:00+00:00,1.0046,1.0049,1.0042,1.0048,84480.109187
2026-08-15T04:55:00+00:00,1.0048,1.005,1.0041,1.0041,55919.348752
2026-08-15T05:00:00+00:00,1.004,1.0047,1.004,1.0044,237252.884057
2026-08-15T05:05:00+00:00,1.0044,1.0055,1.0043,1.0051,146144.370465
2026-08-15T05:10:00+00:00,1.0051,1.0052,1.0047,1.0052,38688.382288
2026-08-15T05:15:00+00:00,1.0051,1.0056,1.0048,1.0051,47856.339612
2026-08-15T05:20:00+00:00,1.0052,1.0054,1.0048,1.0051,11345.815282
2026-08-15T05:25:00+00:00,1.0051,1.0054,1.0044,1.0044,64540.324296
2026-08-15T05:30:00+00:00,1.0044,1.0047,1.004,1.0042,46023.748934
2026-08-15T05:35:00+00:00,1.0041,1.0041,1.0021,1.0022,75960.836437
2026-08-15T05:40:00+00:00,1.0022,1.0026,1.0015,1.0026,174887.604387
2026-08-15T05:45:00+00:00,1.0027,1.0034,1.0026,1.003,36094.052882
2026-08-15T05:50:00+00:00,1.003,1.0035,1.0027,1.0034,49476.112722
2026-08-15T05:55:00+00:00,1.0034,1.0036,1.0029,1.0035,64356.498279
2026-08-15T06:00:00+00:00,1.0035,1.0042,1.0034,1.0038,75990.986131
2026-08-15T06:05:00+00:00,1.0037,1.0039,1.0034,1.0037,29814.438003
2026-08-15T06:10:00+00:00,1.0037,1.004,1.0025,1.0031,22458.520358
2026-08-15T06:15:00+00:00,1.0032,1.004,1.0032,1.004,30400.123558
2026-08-15T06:20:00+00:00,1.004,1.0045,1.0038,1.0045,27005.132261
2026-08-15T06:25:00+00:00,1.0044,1.0047,1.0038,1.004,44838.465819
2026-08-15T06:30:00+00:00,1.0041,1.0046,1.0041,1.0042,22011.465915
2026-08-15T06:35:00+00:00,1.0042,1.0046,1.0041,1.0042,14410.638261
2026-08-15T06:40:00+00:00,1.0042,1.0045,1.0037,1.0044,19864.837829
2026-08-15T06:45:00+00:00,1.0042,1.0046,1.004,1.0046,27144.373551
2026-08-15T06:50:00+00:00,1.0047,1.0056,1.0045,1.0053,63932.663153
2026-08-15T06:55:00+00:00,1.0054,1.0054,1.0045,1.0045,62563.233541
2026-08-15T07:00:00+00:00,1.0045,1.0049,1.0042,1.0043,44860.071455
2026-08-15T07:05:00+00:00,1.0043,1.0045,1.0035,1.0036,55261.13387
2026-08-15T07:10:00+00:00,1.0035,1.0042,1.0032,1.0039,50983.092255
2026-08-15T07:15:00+00:00,1.0038,1.004,1.0024,1.0024,27167.24392
2026-08-15T07:20:00+00:00,1.0025,1.003,1.0021,1.0027,23748.939587
2026-08-15T07:25:00+00:00,1.0028,1.0037,1.0028,1.0036,30927.56982
2026-08-15T07:30:00+00:00,1.0037,1.0038,1.0028,1.0029,26468.696661
2026-08-15T07:35:00+00:00,1.0028,1.003,1.0026,1.0026,29077.761773
2026-08-15T07:40:00+00:00,1.0027,1.003,1.0024,1.0025,33472.915545
2026-08-15T07:45:00+00:00,1.0025,1.0026,1.002,1.0022,25894.05495
2026-08-15T07:50:00+00:00,1.0021,1.0026,1.002,1.0022,31292.470376
2026-08-15T07:55:00+00:00,1.0024,1.0025,1.0016,1.0017,37836.177288
2026-08-15T08:00:00+00:00,1.0019,1.0021,1.0002,1.0015,86780.159094
2026-08-15T08:05:00+00:00,1.0014,1.0017,1.0012,1.0015,38176.826485
2026-08-15T08:10:00+00:00,1.0015,1.0016,1.0011,1.0013,22232.712854
2026-08-15T08:15:00+00:00,1.0014,1.0023,1.0014,1.0023,35050.823909
2026-08-15T08:20:00+00:00,1.0022,1.003,1.0021,1.0025,11735.830464
2026-08-15T08:25:00+00:00,1.0025,1.0027,1.0022,1.0025,19593.56787
2026-08-15T08:30:00+00:00,1.0025,1.0025,1.0013,1.0014,25228.937645
2026-08-15T08:35:00+00:00,1.0014,1.0015,1.0009,1.001,43030.21763
2026-08-15T08:40:00+00:00,1.001,1.0011,1.0004,1.0008,30330.623191
2026-08-15T08:45:00+00:00,1.0007,1.0013,1.0007,1.0008,24212.711622
2026-08-15T08:50:00+00:00,1.0009,1.0009,1,1.0001,33835.812679
2026-08-15T08:55:00+00:00,1.0001,1.0008,1,1.0005,13620.099213
2026-08-15T09:00:00+00:00,1.0006,1.001,0.9999,1,169561.780489
2026-08-15T09:05:00+00:00,1.0001,1.0004,0.9999,1.0004,37202.849258
2026-08-15T09:10:00+00:00,1.0003,1.0009,1.0003,1.0007,29192.06597
2026-08-15T09:15:00+00:00,1.0007,1.0013,1.0005,1.0013,35028.986583
2026-08-15T09:20:00+00:00,1.0012,1.0012,1.001,1.0011,7905.15921
2026-08-15T09:25:00+00:00,1.0012,1.0015,1.001,1.0011,19955.641515
2026-08-15T09:30:00+00:00,1.0011,1.0015,1.001,1.0014,32758.25584
2026-08-15T09:35:00+00:00,1.0014,1.0015,1.0007,1.0012,334310.592023
2026-08-15T09:40:00+00:00,1.0013,1.0013,1.0007,1.0011,26254.453165
2026-08-15T09:45:00+00:00,1.0011,1.0012,1.0008,1.0012,29392.631288
2026-08-15T09:50:00+00:00,1.0011,1.0019,1.001,1.0018,21562.974943
2026-08-15T09:55:00+00:00,1.0017,1.0019,1.0016,1.0019,20230.833221
2026-08-15T10:00:00+00:00,1.0019,1.0023,1.0009,1.0013,28759.302752
2026-08-15T10:05:00+00:00,1.0013,1.0018,1.0012,1.0018,38874.610114
2026-08-15T10:10:00+00:00,1.0017,1.0022,1.0016,1.0022,26809.676659
2026-08-15T10:15:00+00:00,1.0023,1.0024,1.0018,1.0023,8252.854985
2026-08-15T10:20:00+00:00,1.0022,1.0023,1.002,1.0022,11286.958037
2026-08-15T10:25:00+00:00,1.0023,1.0025,1.0019,1.002,27750.78518
2026-08-15T10:30:00+00:00,1.0019,1.0024,1.0019,1.002,18297.054271
2026-08-15T10:35:00+00:00,1.002,1.0023,1.0018,1.0021,28151.734431
2026-08-15T10:40:00+00:00,1.0021,1.0021,1.0014,1.0017,24256.530348
2026-08-15T10:45:00+00:00,1.0018,1.0019,1.0015,1.0017,11350.389426
2026-08-15T10:50:00+00:00,1.0017,1.0018,1.0014,1.0017,16147.899171
2026-08-15T10:55:00+00:00,1.0016,1.0022,1.0015,1.0019,36301.832822
2026-08-15T11:00:00+00:00,1.0019,1.0024,1.0016,1.0023,23304.333733
2026-08-15T11:05:00+00:00,1.0022,1.0031,1.0022,1.0027,66877.588904
2026-08-15T11:10:00+00:00,1.0027,1.0031,1.0025,1.0027,42934.778379
2026-08-15T11:15:00+00:00,1.0028,1.0031,1.0023,1.0024,29161.716975
2026-08-15T11:20:00+00:00,1.0024,1.0026,1.0023,1.0023,25703.833634
2026-08-15T11:25:00+00:00,1.0023,1.0023,1.0018,1.002,42988.184253
2026-08-15T11:30:00+00:00,1.0018,1.0024,1.0017,1.0023,28764.414065
2026-08-15T11:35:00+00:00,1.0023,1.0025,1.0016,1.0025,58175.12249
2026-08-15T11:40:00+00:00,1.0025,1.0026,1.0019,1.0026,32159.525017
2026-08-15T11:45:00+00:00,1.0026,1.0026,1.0014,1.0017,71288.253074
2026-08-15T11:50:00+00:00,1.0016,1.0017,1.001,1.0017,37204.615051
2026-08-15T11:55:00+00:00,1.0017,1.0018,1.0014,1.0015,38092.647102
2026-08-15T12:00:00+00:00,1.0015,1.0017,1.001,1.0013,23631.325506
2026-08-15T12:05:00+00:00,1.0012,1.0017,1.0011,1.0015,96191.265696
2026-08-15T12:10:00+00:00,1.0015,1.0017,1.0013,1.0015,111598.432419
2026-08-15T12:15:00+00:00,1.0015,1.0018,1.0012,1.0016,18737.540485
2026-08-15T12:20:00+00:00,1.0015,1.0015,1.0008,1.0014,63664.206359
2026-08-15T12:25:00+00:00,1.0014,1.0016,1.001,1.001,18055.689018
2026-08-15T12:30:00+00:00,1.001,1.0017,1.0009,1.0017,32496.004428
2026-08-15T12:35:00+00:00,1.0015,1.0015,1.0011,1.0012,21972.064204
2026-08-15T12:40:00+00:00,1.0011,1.0013,1.0009,1.001,24133.816338
2026-08-15T12:45:00+00:00,1.001,1.0011,1.0006,1.0007,29782.337534
2026-08-15T12:50:00+00:00,1.0007,1.0007,1,1.0003,114522.169699
2026-08-15T12:55:00+00:00,1.0004,1.0018,1.0002,1.0018,55142.747992
2026-08-15T13:00:00+00:00,1.0018,1.002,1.001,1.002,47474.591415
2026-08-15T13:05:00+00:00,1.0019,1.0019,1.0006,1.0006,39590.6572
2026-08-15T13:10:00+00:00,1.0005,1.0017,1.0005,1.0017,53901.624472
2026-08-15T13:15:00+00:00,1.0017,1.0019,1.0005,1.0011,50326.848463
2026-08-15T13:20:00+00:00,1.0011,1.0013,1.0007,1.001,26640.749663
2026-08-15T13:25:00+00:00,1.001,1.001,1.0008,1.0009,26415.662508
2026-08-15T13:30:00+00:00,1.0009,1.0016,1.0005,1.0012,166996.808269
2026-08-15T13:35:00+00:00,1.0011,1.0014,1.0007,1.0012,49358.263526
2026-08-15T13:40:00+00:00,1.0012,1.0014,1.0009,1.0013,66592.834729
2026-08-15T13:45:00+00:00,1.0013,1.0014,1.0008,1.0008,30789.087438
2026-08-15T13:50:00+00:00,1.0008,1.0013,1.0007,1.0008,44631.034767
2026-08-15T13:55:00+00:00,1.0007,1.0009,1.0004,1.0008,79626.939234
2026-08-15T14:00:00+00:00,1.0007,1.0008,1,1.0002,47306.054758
2026-08-15T14:05:00+00:00,1.0002,1.0008,1,1.0007,34703.586701
2026-08-15T14:10:00+00:00,1.0007,1.001,1.0005,1.0008,31970.090692
2026-08-15T14:15:00+00:00,1.0008,1.0009,1,1.0002,63117.861434
2026-08-15T14:20:00+00:00,1.0001,1.0001,0.9987,0.9994,174676.570241
2026-08-15T14:25:00+00:00,0.9994,1.0001,0.9993,0.9997,274282.170767
2026-08-15T14:30:00+00:00,0.9997,1.0004,0.9995,1.0004,30352.776467
2026-08-15T14:35:00+00:00,1.0005,1.0006,0.9999,1.0002,22270.974561
2026-08-15T14:40:00+00:00,1.0002,1.0006,1.0002,1.0005,66942.28446
2026-08-15T14:45:00+00:00,1.0005,1.001,1.0004,1.0009,42198.32714
2026-08-15T14:50:00+00:00,1.0009,1.0017,1.0007,1.0014,36855.35028
2026-08-15T14:55:00+00:00,1.0014,1.0015,1.0007,1.0007,158821.441281
2026-08-15T15:00:00+00:00,1.0008,1.0013,1.0005,1.0011,42665.684947
2026-08-15T15:05:00+00:00,1.0011,1.0011,1.0006,1.0007,47177.377136
2026-08-15T15:10:00+00:00,1.0007,1.0012,1.0006,1.0009,40044.863107
2026-08-15T15:15:00+00:00,1.0007,1.0017,1.0005,1.0016,73094.945941
2026-08-15T15:20:00+00:00,1.0015,1.0015,1.0003,1.0004,23720.750685
2026-08-15T15:25:00+00:00,1.0004,1.0009,1.0004,1.0009,26018.202491
2026-08-15T15:30:00+00:00,1.001,1.0011,1.0003,1.0009,108046.179514
2026-08-15T15:35:00+00:00,1.0009,1.0015,1.0007,1.0015,47994.248905
2026-08-15T15:40:00+00:00,1.0015,1.0016,1.0012,1.0013,32353.046003
2026-08-15T15:45:00+00:00,1.0013,1.0015,1.0011,1.0013,19904.635974
2026-08-15T15:50:00+00:00,1.0013,1.0015,1.0011,1.0012,67960.500102
2026-08-15T15:55:00+00:00,1.0013,1.0014,1.0011,1.0012,25927.806098
2026-08-15T16:00:00+00:00,1.0012,1.0014,1.001,1.0011,108410.123612
2026-08-15T16:05:00+00:00,1.001,1.0015,1.0009,1.0015,66747.197923
2026-08-15T16:10:00+00:00,1.0015,1.0018,1.0005,1.0009,413389.940893
2026-08-15T16:15:00+00:00,1.0008,1.001,1.0004,1.0009,67047.982086
2026-08-15T16:20:00+00:00,1.001,1.002,1.0008,1.002,48976.258589
2026-08-15T16:25:00+00:00,1.002,1.0025,1.0015,1.0015,127962.610967
2026-08-15T16:30:00+00:00,1.0015,1.0017,1.0008,1.0011,100664.100492
2026-08-15T16:35:00+00:00,1.0012,1.0013,1.0007,1.0011,57307.029341
2026-08-15T16:40:00+00:00,1.0011,1.0012,1.0007,1.0009,40919.031028
2026-08-15T16:45:00+00:00,1.001,1.0013,1.0009,1.0013,48188.203537
2026-08-15T16:50:00+00:00,1.0013,1.0017,1.0011,1.0017,68754.409303
2026-08-15T16:55:00+00:00,1.0017,1.0017,1.0013,1.0017,42665.448575
2026-08-15T17:00:00+00:00,1.0016,1.0022,1.0014,1.0021,73475.940914
2026-08-15T17:05:00+00:00,1.0021,1.0026,1.0019,1.0021,63398.05397
2026-08-15T17:10:00+00:00,1.0021,1.0027,1.002,1.0026,121045.536402
2026-08-15T17:15:00+00:00,1.0026,1.0026,1.0019,1.0023,96591.499675
2026-08-15T17:20:00+00:00,1.0024,1.0024,1.0013,1.0014,170440.474743
2026-08-15T17:25:00+00:00,1.0014,1.0017,1.001,1.0015,103695.109315
2026-08-15T17:30:00+00:00,1.0014,1.0017,1.0012,1.0016,24864.695319
2026-08-15T17:35:00+00:00,1.0016,1.0019,1.0014,1.0015,65707.966301
2026-08-15T17:40:00+00:00,1.0015,1.0021,1.0015,1.0019,85548.453168
2026-08-15T17:45:00+00:00,1.0019,1.002,1.0014,1.0015,50056.222746
2026-08-15T17:50:00+00:00,1.0016,1.0016,1.0014,1.0015,30959.060991
2026-08-15T17:55:00+00:00,1.0015,1.0022,1.0014,1.0014,106049.661267
2026-08-15T18:00:00+00:00,1.0014,1.0016,1.0012,1.0012,46490.722289
2026-08-15T18:05:00+00:00,1.0013,1.0016,1.0012,1.0012,16585.963177
2026-08-15T18:10:00+00:00,1.0013,1.0018,1.001,1.0011,82209.768038
2026-08-15T18:15:00+00:00,1.0011,1.0013,0.9995,0.9996,140779.798544
2026-08-15T18:20:00+00:00,0.9995,1.0003,0.9994,1.0002,93309.554628
2026-08-15T18:25:00+00:00,1.0002,1.0002,0.9997,1.0002,31019.425915
2026-08-15T18:30:00+00:00,1,1.0005,0.9997,1.0005,43175.428944
2026-08-15T18:35:00+00:00,1.0005,1.0006,1.0002,1.0005,43184.415292
2026-08-15T18:40:00+00:00,1.0004,1.001,1.0004,1.0008,12296.958207
2026-08-15T18:45:00+00:00,1.0009,1.0016,1.0008,1.0014,50021.75961
2026-08-15T18:50:00+00:00,1.0015,1.0016,1.0011,1.0013,25595.69896
2026-08-15T18:55:00+00:00,1.0012,1.0014,1.0011,1.0014,37974.619395
2026-08-15T19:00:00+00:00,1.0013,1.0014,1.0012,1.0014,36374.055153
2026-08-15T19:05:00+00:00,1.0013,1.0019,1.0011,1.0019,48130.137834
2026-08-15T19:10:00+00:00,1.0019,1.002,1.0017,1.0019,23107.897223
2026-08-15T19:15:00+00:00,1.002,1.0022,1.0019,1.002,18673.5254
2026-08-15T19:20:00+00:00,1.0019,1.0023,1.0018,1.0023,21348.37888
2026-08-15T19:25:00+00:00,1.0023,1.0025,1.0015,1.0016,26914.652058
2026-08-15T19:30:00+00:00,1.0017,1.0022,1.0016,1.002,39251.319086
2026-08-15T19:35:00+00:00,1.002,1.0024,1.0018,1.0021,216649.022535
2026-08-15T19:40:00+00:00,1.0021,1.0023,1.002,1.0022,85318.85281
2026-08-15T19:45:00+00:00,1.0022,1.0029,1.0021,1.0029,47459.390685
2026-08-15T19:50:00+00:00,1.0029,1.003,1.0027,1.0029,21004.528834
2026-08-15T19:55:00+00:00,1.0028,1.0031,1.0028,1.003,50347.608426
2026-08-15T20:00:00+00:00,1.003,1.0031,1.0028,1.0029,197577.160053
2026-08-15T20:05:00+00:00,1.003,1.0032,1.0026,1.0027,53518.203423
2026-08-15T20:10:00+00:00,1.0026,1.0028,1.0025,1.0027,22720.542902
2026-08-15T20:15:00+00:00,1.0026,1.0028,1.0024,1.0026,35628.99023
2026-08-15T20:20:00+00:00,1.0026,1.0027,1.002,1.0022,50129.713316
2026-08-15T20:25:00+00:00,1.0022,1.0028,1.002,1.0024,111840.938852
2026-08-15T20:30:00+00:00,1.0024,1.0025,1.0021,1.0022,18708.260237
2026-08-15T20:35:00+00:00,1.0022,1.0027,1.002,1.0027,74821.164623
2026-08-15T20:40:00+00:00,1.0027,1.0028,1.0025,1.0028,25788.381756
2026-08-15T20:45:00+00:00,1.0028,1.003,1.0022,1.0029,163883.948469
2026-08-15T20:50:00+00:00,1.0029,1.003,1.0025,1.0029,51867.244172
2026-08-15T20:55:00+00:00,1.003,1.0034,1.0027,1.0028,57008.883512
2026-08-15T21:00:00+00:00,1.0028,1.0029,1.0026,1.0027,31371.40995
2026-08-15T21:05:00+00:00,1.0027,1.0028,1.0025,1.0027,20541.522109
2026-08-15T21:10:00+00:00,1.0027,1.003,1.0025,1.0027,48723.633171
2026-08-15T21:15:00+00:00,1.0028,1.0029,1.0026,1.0027,22829.246608
2026-08-15T21:20:00+00:00,1.0028,1.0032,1.0027,1.0031,80000.027851
2026-08-15T21:25:00+00:00,1.0032,1.0039,1.0031,1.0036,40241.61076
2026-08-15T21:30:00+00:00,1.0036,1.0038,1.0035,1.0036,58647.238044
2026-08-15T21:35:00+00:00,1.0037,1.0041,1.0036,1.004,63741.238882
2026-08-15T21:40:00+00:00,1.0041,1.0041,1.0031,1.0037,94471.765665
2026-08-15T21:45:00+00:00,1.0036,1.0036,1.0032,1.0034,10862.597187
2026-08-15T21:50:00+00:00,1.0033,1.0035,1.003,1.0034,51166.897108
2026-08-15T21:55:00+00:00,1.0034,1.0036,1.003,1.0033,64208.078458
2026-08-15T22:00:00+00:00,1.0032,1.0038,1.0032,1.0035,81807.604162
2026-08-15T22:05:00+00:00,1.0035,1.0035,1.0032,1.0034,28388.020267
2026-08-15T22:10:00+00:00,1.0033,1.0038,1.0033,1.0037,19312.686899
2026-08-15T22:15:00+00:00,1.0037,1.0037,1.0032,1.0034,53015.367797
2026-08-15T22:20:00+00:00,1.0034,1.0041,1.0033,1.004,44665.015938
2026-08-15T22:25:00+00:00,1.0039,1.0045,1.0038,1.0043,71402.185128
2026-08-15T22:30:00+00:00,1.0043,1.0055,1.0042,1.0047,184473.766483
2026-08-15T22:35:00+00:00,1.0046,1.0047,1.0036,1.004,67792.342171
2026-08-15T22:40:00+00:00,1.004,1.0042,1.0039,1.0039,62808.050059
2026-08-15T22:45:00+00:00,1.004,1.0046,1.0039,1.0041,103219.366224
2026-08-15T22:50:00+00:00,1.004,1.0042,1.0034,1.0034,53457.90206
2026-08-15T22:55:00+00:00,1.0035,1.0038,1.0032,1.0032,147709.8779
2026-08-15T23:00:00+00:00,1.0032,1.0035,1.0027,1.0033,61089.373144
2026-08-15T23:05:00+00:00,1.0033,1.0034,1.0029,1.0029,31484.923092
2026-08-15T23:10:00+00:00,1.0029,1.003,1.0001,1.0008,206535.310177
2026-08-15T23:15:00+00:00,1.0008,1.0013,1.0007,1.0011,67663.530043
2026-08-15T23:20:00+00:00,1.0011,1.0013,1.0004,1.0007,46317.253082
2026-08-15T23:25:00+00:00,1.0007,1.001,1.0005,1.001,29896.278718
2026-08-15T23:30:00+00:00,1.0009,1.0013,1.0005,1.0013,54272.104865
2026-08-15T23:35:00+00:00,1.0013,1.0015,1.0009,1.0014,13159.426675
2026-08-15T23:40:00+00:00,1.0015,1.0016,1.001,1.001,52807.810512
2026-08-15T23:45:00+00:00,1.0012,1.0017,1.0009,1.0017,55459.760442
2026-08-15T23:45:00+00:00,1.0012,1.0017,1.0009,1.0017,55459.760442
2026-08-15T23:50:00+00:00,1.0016,1.0016,1.0011,1.0012,50802.13948
2026-08-15T23:55:00+00:00,1.0012,1.0017,1.001,1.0016,80785.043759
2026-08-16T00:00:00+00:00,1.0017,1.0019,1.0011,1.0015,32597.651277
2026-08-16T00:05:00+00:00,1.0015,1.0015,1.001,1.0012,35012.087332
2026-08-16T00:10:00+00:00,1.0014,1.0016,1.001,1.001,46415.127218
2026-08-16T00:15:00+00:00,1.0011,1.0011,1.0006,1.0011,40976.95575
2026-08-16T00:20:00+00:00,1.0011,1.0011,1.0002,1.0005,48341.373487
2026-08-16T00:25:00+00:00,1.0006,1.0016,1.0006,1.0013,23263.95802
2026-08-16T00:30:00+00:00,1.0013,1.0016,1.0005,1.0007,58034.799194
2026-08-16T00:35:00+00:00,1.0007,1.0013,1.0006,1.0008,22763.573161
2026-08-16T00:40:00+00:00,1.0008,1.0013,1.0005,1.0013,24403.743448
2026-08-16T00:45:00+00:00,1.0013,1.0018,1.0009,1.0009,56288.648083
2026-08-16T00:50:00+00:00,1.0009,1.0012,1.0007,1.0011,29187.891318
2026-08-16T00:55:00+00:00,1.001,1.0012,1.0003,1.0008,134596.223707
2026-08-16T01:00:00+00:00,1.0007,1.0008,1.0003,1.0006,53343.787865
2026-08-16T01:05:00+00:00,1.0007,1.0009,1.0003,1.0005,30632.867235
2026-08-16T01:10:00+00:00,1.0003,1.0009,0.9999,1.0007,92504.523942
2026-08-16T01:15:00+00:00,1.0007,1.0011,1.0004,1.001,52420.009377
2026-08-16T01:20:00+00:00,1.001,1.0013,1.0006,1.0011,23703.150788
2026-08-16T01:25:00+00:00,1.0012,1.0014,1.0004,1.0005,83753.545982
2026-08-16T01:30:00+00:00,1.0004,1.0007,1,1.0004,62175.180267
2026-08-16T01:35:00+00:00,1.0004,1.0004,0.999,0.9991,102425.047205
2026-08-16T01:40:00+00:00,0.9991,1.001,0.9991,1.001,62248.980129
2026-08-16T01:45:00+00:00,1.001,1.0011,1,1.0005,213927.838261
2026-08-16T01:50:00+00:00,1.0005,1.0008,0.9997,0.9998,103138.953288
2026-08-16T01:55:00+00:00,0.9998,1.0003,0.9994,1.0003,55204.018497
2026-08-16T02:00:00+00:00,1.0003,1.0003,0.9994,0.9995,27217.069731
2026-08-16T02:05:00+00:00,0.9995,0.9996,0.9992,0.9994,57621.771031
2026-08-16T02:10:00+00:00,0.9994,0.9996,0.999,0.9993,25004.99739
2026-08-16T02:15:00+00:00,0.9993,0.9996,0.999,0.9996,70950.10758
2026-08-16T02:20:00+00:00,0.9995,1.0009,0.9995,1.0006,62562.611576
2026-08-16T02:25:00+00:00,1.0006,1.0017,1.0006,1.0015,48861.867238
2026-08-16T02:30:00+00:00,1.0015,1.0023,1.0013,1.0014,84772.868161
2026-08-16T02:35:00+00:00,1.0014,1.0019,1.0011,1.0019,45536.392062
2026-08-16T02:40:00+00:00,1.002,1.0024,1.0019,1.0023,32626.194473
2026-08-16T02:45:00+00:00,1.0022,1.0023,1.0013,1.0014,88324.393894
2026-08-16T02:50:00+00:00,1.0014,1.0014,1.0006,1.0012,59443.602125
2026-08-16T02:55:00+00:00,1.0013,1.0015,1.0012,1.0014,30368.135852
2026-08-16T03:00:00+00:00,1.0014,1.0015,1.0008,1.0013,85063.665139
2026-08-16T03:05:00+00:00,1.0014,1.0014,1.0011,1.0013,17099.940834
2026-08-16T03:10:00+00:00,1.0012,1.0014,1.001,1.0012,27921.937685
2026-08-16T03:15:00+00:00,1.0012,1.0016,1.0012,1.0014,81285.621321
2026-08-16T03:20:00+00:00,1.0015,1.0015,1.0011,1.0011,69668.440381
2026-08-16T03:25:00+00:00,1.0012,1.0014,1.001,1.001,33953.663394
2026-08-16T03:30:00+00:00,1.0012,1.0014,1.0011,1.0012,13680.640836
2026-08-16T03:35:00+00:00,1.0013,1.0018,1.001,1.0017,53141.882657
2026-08-16T03:40:00+00:00,1.0017,1.002,1.0015,1.0018,52233.645283
2026-08-16T03:45:00+00:00,1.0018,1.0019,1.0017,1.0018,31143.27235
2026-08-16T03:50:00+00:00,1.0018,1.002,1.0012,1.0014,16230.002618
2026-08-16T03:55:00+00:00,1.0014,1.0014,1.001,1.001,26758.89002
2026-08-16T04:00:00+00:00,1.0011,1.0012,1.0008,1.0009,37024.968586
2026-08-16T04:05:00+00:00,1.0009,1.001,1.0001,1.0004,24277.696648
2026-08-16T04:10:00+00:00,1.0004,1.0004,1.0002,1.0003,17591.180127
2026-08-16T04:15:00+00:00,1.0004,1.0008,0.9999,1.0008,31663.439819
2026-08-16T04:20:00+00:00,1.0007,1.001,1.0005,1.0007,26910.274323
2026-08-16T04:25:00+00:00,1.0007,1.0008,1.0003,1.0006,21220.637869
2026-08-16T04:30:00+00:00,1.0006,1.0006,1,1.0002,26481.99374
2026-08-16T04:35:00+00:00,1.0002,1.0006,1.0001,1.0005,71654.628958
2026-08-16T04:40:00+00:00,1.0004,1.0006,1.0003,1.0005,149700.584299
2026-08-16T04:45:00+00:00,1.0006,1.0006,1.0003,1.0004,6385.959778
2026-08-16T04:50:00+00:00,1.0005,1.0006,1,1.0002,21507.855291
2026-08-16T04:55:00+00:00,1.0002,1.0002,0.9997,0.9999,24781.216249
2026-08-16T05:00:00+00:00,0.9998,1.0001,0.9996,1.0001,29179.821091
2026-08-16T05:05:00+00:00,1.0001,1.0001,0.9998,1,6043.219118
2026-08-16T05:10:00+00:00,1,1,0.9995,0.9997,11057.919212
2026-08-16T05:15:00+00:00,0.9997,0.9997,0.9985,0.9987,54412.592269
2026-08-16T05:20:00+00:00,0.9988,0.9992,0.9988,0.9991,18361.08762
2026-08-16T05:25:00+00:00,0.9991,0.9992,0.9986,0.9987,50567.078709
2026-08-16T05:30:00+00:00,0.9988,0.9992,0.9987,0.9992,17766.020316
2026-08-16T05:35:00+00:00,0.9992,0.9995,0.999,0.9994,31826.371662
2026-08-16T05:40:00+00:00,0.9994,0.9998,0.9992,0.9992,71579.738365
2026-08-16T05:45:00+00:00,0.9992,0.9994,0.999,0.9991,25874.569695
2026-08-16T05:50:00+00:00,0.9991,0.9994,0.999,0.9992,28608.784794
2026-08-16T05:55:00+00:00,0.9992,0.9998,0.999,0.9993,40669.705371
2026-08-16T06:00:00+00:00,0.9993,0.9998,0.9993,0.9998,33316.722806
2026-08-16T06:05:00+00:00,0.9998,0.9998,0.9997,0.9997,11126.389576
2026-08-16T06:10:00+00:00,0.9998,0.9999,0.9991,0.9994,70216.511499
2026-08-16T06:15:00+00:00,0.9995,0.9996,0.9989,0.999,56516.884688
2026-08-16T06:20:00+00:00,0.999,0.999,0.9986,0.9987,62689.342511
2026-08-16T06:25:00+00:00,0.9986,0.9993,0.9986,0.9993,26939.419481
2026-08-16T06:30:00+00:00,0.9993,0.9996,0.9992,0.9996,19693.730012
2026-08-16T06:35:00+00:00,0.9995,1,0.9994,0.9999,45987.576579
2026-08-16T06:40:00+00:00,1,1.0003,0.9997,1.0001,48832.3999
2026-08-16T06:45:00+00:00,1.0002,1.001,0.9999,1.0001,188233.488026
2026-08-16T06:50:00+00:00,1,1.0001,0.9994,0.9994,48602.25219
2026-08-16T06:55:00+00:00,0.9994,0.9995,0.9993,0.9993,26443.862291
2026-08-16T07:00:00+00:00,0.9994,0.9999,0.9994,0.9999,30972.576572
2026-08-16T07:05:00+00:00,0.9999,1.0001,0.9997,0.9999,26367.74754
2026-08-16T07:10:00+00:00,0.9999,1.0003,0.9999,1.0001,47029.301286
2026-08-16T07:15:00+00:00,1.0002,1.0007,1.0002,1.0007,28215.691787
2026-08-16T07:20:00+00:00,1.0007,1.001,1.0006,1.0007,54170.384841
2026-08-16T07:25:00+00:00,1.0008,1.0014,1.0007,1.0014,39399.011239
2026-08-16T07:30:00+00:00,1.0014,1.0015,1.0009,1.001,16916.95721
2026-08-16T07:35:00+00:00,1.001,1.0014,1.0009,1.0014,16346.382989
2026-08-16T07:40:00+00:00,1.0014,1.0015,1.0009,1.001,23236.39807
2026-08-16T07:45:00+00:00,1.001,1.001,1.0009,1.0009,10675.486318
2026-08-16T07:50:00+00:00,1.0009,1.0015,1.0009,1.0015,31523.758479
2026-08-16T07:55:00+00:00,1.0015,1.0016,1.0014,1.0014,58017.880855
2026-08-16T08:00:00+00:00,1.0014,1.0015,1.0008,1.0011,48545.918817
2026-08-16T08:05:00+00:00,1.0011,1.0011,1.0009,1.001,12005.736917
2026-08-16T08:10:00+00:00,1.0009,1.0011,1.0007,1.0009,41189.070781
2026-08-16T08:15:00+00:00,1.0009,1.0011,1.0008,1.0009,12837.557668
2026-08-16T08:20:00+00:00,1.001,1.001,1.0008,1.0009,7932.385296
2026-08-16T08:25:00+00:00,1.0009,1.0009,1.0007,1.0007,4020.653342
2026-08-16T08:30:00+00:00,1.0008,1.0011,1.0008,1.001,22983.471321
2026-08-16T08:35:00+00:00,1.0009,1.001,1.0007,1.0009,9244.326331
2026-08-16T08:40:00+00:00,1.0008,1.001,1.0006,1.0007,22691.261323
2026-08-16T08:45:00+00:00,1.0007,1.0007,1.0004,1.0005,15232.416227
2026-08-16T08:50:00+00:00,1.0005,1.0006,1.0004,1.0006,23808.87916
2026-08-16T08:55:00+00:00,1.0007,1.0007,1.0005,1.0006,2605.865309
2026-08-16T09:00:00+00:00,1.0006,1.0007,1.0004,1.0007,4965.241326
2026-08-16T09:05:00+00:00,1.0007,1.0008,1.0005,1.0007,3359.717899
2026-08-16T09:10:00+00:00,1.0007,1.001,1.0005,1.001,1897.966829
2026-08-16T09:15:00+00:00,1.0011,1.0012,1.0009,1.0011,11194.425835
2026-08-16T09:20:00+00:00,1.0011,1.0012,1.001,1.0011,3037.4759
2026-08-16T09:25:00+00:00,1.0012,1.0016,1.0011,1.0011,41814.352302
2026-08-16T09:30:00+00:00,1.001,1.0012,1.0009,1.0009,5062.399955
2026-08-16T09:35:00+00:00,1.0008,1.001,1.0008,1.0008,5529.771964
2026-08-16T09:40:00+00:00,1.0009,1.0009,0.999,0.9998,239580.224124
2026-08-16T09:45:00+00:00,0.9998,1,0.9994,0.9999,48119.997438
2026-08-16T09:50:00+00:00,0.9998,1.0001,0.9994,0.9994,50785.670725
2026-08-16T09:55:00+00:00,0.9995,0.9996,0.9992,0.9993,31959.604911
2026-08-16T10:00:00+00:00,0.9992,0.9994,0.999,0.9991,23224.848803
2026-08-16T10:05:00+00:00,0.9991,0.9991,0.9987,0.999,110352.093804
2026-08-16T10:10:00+00:00,0.9991,0.9991,0.9973,0.9979,88088.796651
2026-08-16T10:15:00+00:00,0.9978,0.998,0.9961,0.9976,264036.230904
2026-08-16T10:20:00+00:00,0.9977,0.9981,0.9976,0.998,20688.960875
2026-08-16T10:25:00+00:00,0.998,0.9987,0.9979,0.9986,47467.452678
2026-08-16T10:30:00+00:00,0.9986,0.9988,0.9983,0.9988,33276.158071
2026-08-16T10:35:00+00:00,0.9989,0.999,0.9985,0.9987,67546.962782
2026-08-16T10:40:00+00:00,0.9986,0.9989,0.9985,0.9988,17428.953755
2026-08-16T10:45:00+00:00,0.9988,0.9996,0.9987,0.999,232921.133296
2026-08-16T10:50:00+00:00,0.9991,0.9991,0.999,0.9991,14250.495027
2026-08-16T10:55:00+00:00,0.9991,0.9993,0.999,0.9991,15325.740445
2026-08-16T11:00:00+00:00,0.9992,0.9998,0.999,0.9997,34114.73707
2026-08-16T11:05:00+00:00,0.9997,0.9998,0.9987,0.9989,54938.275459
2026-08-16T11:10:00+00:00,0.9989,0.9996,0.9987,0.9996,19281.918231
2026-08-16T11:15:00+00:00,0.9995,0.9996,0.9993,0.9995,26261.220805
2026-08-16T11:20:00+00:00,0.9995,0.9997,0.9989,0.9989,42997.379572
2026-08-16T11:25:00+00:00,0.9989,0.999,0.9986,0.9987,13086.915751
2026-08-16T11:30:00+00:00,0.9987,0.9988,0.9985,0.9986,18791.673798
2026-08-16T11:35:00+00:00,0.9986,0.9992,0.9985,0.9991,17933.584966
2026-08-16T11:40:00+00:00,0.9991,0.9991,0.9983,0.9985,29865.985153
2026-08-16T11:45:00+00:00,0.9984,0.9987,0.9983,0.9987,59171.902302
2026-08-16T11:50:00+00:00,0.9987,0.9987,0.9985,0.9986,9318.601309
2026-08-16T11:55:00+00:00,0.9986,0.9989,0.9984,0.9989,59492.959846
2026-08-16T12:00:00+00:00,0.9989,0.9992,0.9986,0.9992,45448.478927
2026-08-16T12:05:00+00:00,0.9992,0.9993,0.999,0.9992,34374.410865
2026-08-16T12:10:00+00:00,0.9993,0.9993,0.9984,0.9985,128394.064613
2026-08-16T12:15:00+00:00,0.9984,0.999,0.9983,0.999,119207.909042
2026-08-16T12:20:00+00:00,0.9989,1,0.9989,0.9999,46225.298132
2026-08-16T12:25:00+00:00,1,1.0002,0.9997,0.9999,65427.687147
2026-08-16T12:30:00+00:00,0.9999,0.9999,0.9984,0.9986,243033.672343
2026-08-16T12:35:00+00:00,0.9987,0.999,0.9987,0.9988,30049.112702
2026-08-16T12:40:00+00:00,0.9988,0.9989,0.9985,0.9987,64227.605392
2026-08-16T12:45:00+00:00,0.9987,0.999,0.9985,0.999,66111.381768
2026-08-16T12:50:00+00:00,0.999,0.9991,0.9989,0.9991,39452.031594
2026-08-16T12:55:00+00:00,0.999,0.9992,0.9989,0.999,32043.9354
2026-08-16T13:00:00+00:00,0.9989,0.9997,0.9989,0.9993,92843.318821
2026-08-16T13:05:00+00:00,0.9994,0.9994,0.9991,0.9993,56279.868495
2026-08-16T13:10:00+00:00,0.9993,0.9996,0.999,0.9992,107008.731832
2026-08-16T13:15:00+00:00,0.9992,1,0.9991,0.9999,46661.512556
2026-08-16T13:20:00+00:00,0.9999,0.9999,0.9994,0.9996,44273.422453
2026-08-16T13:25:00+00:00,0.9996,0.9997,0.9994,0.9995,95918.966659
2026-08-16T13:30:00+00:00,0.9996,0.9998,0.9994,0.9995,144229.36756
2026-08-16T13:35:00+00:00,0.9995,0.9995,0.999,0.9991,62542.882568
2026-08-16T13:40:00+00:00,0.9991,0.9993,0.9991,0.9992,35500.495772
2026-08-16T13:45:00+00:00,0.9992,0.9994,0.9991,0.9994,49929.128753
2026-08-16T13:50:00+00:00,0.9994,0.9994,0.9992,0.9992,14953.888969
2026-08-16T13:55:00+00:00,0.9993,0.9994,0.999,0.9991,74347.107618
2026-08-16T14:00:00+00:00,0.9991,0.9999,0.999,0.9994,64004.972974
2026-08-16T14:05:00+00:00,0.9994,0.9995,0.999,0.9992,59724.326044
2026-08-16T14:10:00+00:00,0.9993,0.9993,0.999,0.999,74844.661265
2026-08-16T14:15:00+00:00,0.9991,0.9997,0.999,0.9996,58138.211025
2026-08-16T14:20:00+00:00,0.9996,1.0001,0.9996,1,44662.687107
2026-08-16T14:25:00+00:00,1,1.0001,0.9994,0.9995,68422.380478
2026-08-16T14:30:00+00:00,0.9995,0.9999,0.9994,0.9998,22385.12052
2026-08-16T14:35:00+00:00,0.9998,1.0002,0.9997,0.9999,16097.737017
2026-08-16T14:40:00+00:00,1,1,0.9998,0.9999,28068.317313
2026-08-16T14:45:00+00:00,0.9999,0.9999,0.9997,0.9997,40727.970859
2026-08-16T14:50:00+00:00,0.9998,0.9999,0.9997,0.9998,10906.524336
2026-08-16T14:55:00+00:00,0.9998,1.0002,0.9998,1.0002,26718.178388
2026-08-16T15:00:00+00:00,1.0002,1.0007,1,1.0005,60350.287502
2026-08-16T15:05:00+00:00,1.0005,1.0005,1.0003,1.0003,18277.570637
2026-08-16T15:10:00+00:00,1.0003,1.0007,1,1.0001,35025.469251
2026-08-16T15:15:00+00:00,1.0001,1.0007,1,1.0006,29179.739779
2026-08-16T15:20:00+00:00,1.0006,1.0011,1.0003,1.0005,30357.888451
2026-08-16T15:25:00+00:00,1.0005,1.0012,1.0004,1.0008,29594.859212
2026-08-16T15:30:00+00:00,1.0008,1.0012,1.0008,1.001,83290.72255
2026-08-16T15:35:00+00:00,1.001,1.0013,1.0009,1.001,18266.665872
2026-08-16T15:40:00+00:00,1.001,1.0012,1.0005,1.0007,94512.188182
2026-08-16T15:45:00+00:00,1.0006,1.0015,1.0006,1.0012,22583.525324
2026-08-16T15:50:00+00:00,1.0013,1.0015,1.0008,1.001,42057.438602
2026-08-16T15:55:00+00:00,1.0009,1.0011,1.0008,1.0008,76878.358476
2026-08-16T16:00:00+00:00,1.0009,1.0011,1.0008,1.0008,56494.776685
2026-08-16T16:05:00+00:00,1.0008,1.001,1.0004,1.0005,87572.611137
2026-08-16T16:10:00+00:00,1.0004,1.0014,1.0004,1.0011,105093.938679
2026-08-16T16:15:00+00:00,1.0009,1.0026,1.0009,1.0021,100095.147161
2026-08-16T16:20:00+00:00,1.0021,1.0021,1.001,1.0016,40483.798839
2026-08-16T16:25:00+00:00,1.0015,1.0018,1.0012,1.0014,132183.482735
2026-08-16T16:30:00+00:00,1.0015,1.0024,1.0015,1.0023,34263.492365
2026-08-16T16:35:00+00:00,1.0023,1.0026,1.0015,1.0017,75732.629712
2026-08-16T16:40:00+00:00,1.0016,1.0016,1.001,1.0012,84833.372061
2026-08-16T16:45:00+00:00,1.0012,1.0017,1.0011,1.0013,31955.645522
2026-08-16T16:50:00+00:00,1.0013,1.0016,1.0006,1.0016,116566.324616
2026-08-16T16:55:00+00:00,1.0016,1.0021,1.0015,1.0018,47926.261787
2026-08-16T17:00:00+00:00,1.002,1.0021,1.001,1.0016,20784.215692
2026-08-16T17:05:00+00:00,1.0016,1.0018,1.0013,1.0016,27804.162741
2026-08-16T17:10:00+00:00,1.0016,1.0017,1.0005,1.0014,465609.016983
2026-08-16T17:15:00+00:00,1.0014,1.0017,1.0009,1.0009,61073.188345
2026-08-16T17:20:00+00:00,1.001,1.0013,1.0007,1.0007,70158.055689
2026-08-16T17:25:00+00:00,1.0007,1.0008,1.0003,1.0006,86268.920527
2026-08-16T17:30:00+00:00,1.0004,1.0006,0.9999,1.0001,85192.731446
2026-08-16T17:35:00+00:00,1.0001,1.0012,1,1.0011,20214.487769
2026-08-16T17:40:00+00:00,1.001,1.0012,1.0004,1.0004,33700.717334
2026-08-16T17:45:00+00:00,1.0005,1.0007,1.0003,1.0006,23868.32753
2026-08-16T17:50:00+00:00,1.0006,1.0008,1.0005,1.0008,22408.517006
2026-08-16T17:55:00+00:00,1.0008,1.0008,0.9997,0.9998,54805.470907
2026-08-16T18:00:00+00:00,0.9999,0.9999,0.9988,0.9989,208795.926151
2026-08-16T18:05:00+00:00,0.9988,0.9989,0.9977,0.9983,451173.332804
2026-08-16T18:10:00+00:00,0.9983,0.9986,0.9971,0.9979,165741.619663
2026-08-16T18:15:00+00:00,0.9979,0.9986,0.9977,0.9985,81668.775867
2026-08-16T18:20:00+00:00,0.9984,0.9986,0.9973,0.9973,188550.011336
2026-08-16T18:25:00+00:00,0.9972,0.9979,0.9969,0.9979,78950.654298
2026-08-16T18:30:00+00:00,0.9979,0.9982,0.9974,0.9981,51791.53012
2026-08-16T18:35:00+00:00,0.998,0.9985,0.9979,0.9983,83877.80981
2026-08-16T18:40:00+00:00,0.9984,0.9984,0.9979,0.9982,54515.956732
2026-08-16T18:45:00+00:00,0.9982,0.9986,0.998,0.9984,84541.390766
2026-08-16T18:50:00+00:00,0.9985,0.9988,0.9983,0.9985,85317.719763
2026-08-16T18:55:00+00:00,0.9985,0.9986,0.9983,0.9983,44552.706354
2026-08-16T19:00:00+00:00,0.9984,0.9992,0.998,0.9991,171007.296447
2026-08-16T19:05:00+00:00,0.9991,0.9996,0.999,0.9993,43541.227162
2026-08-16T19:10:00+00:00,0.9993,0.9998,0.9992,0.9998,47265.437782
2026-08-16T19:15:00+00:00,0.9997,1,0.9997,0.9999,23230.19852
2026-08-16T19:20:00+00:00,1,1.0007,1,1.0006,53339.618755
2026-08-16T19:25:00+00:00,1.0005,1.0014,1.0004,1.0013,208069.929699
2026-08-16T19:30:00+00:00,1.0014,1.0015,1.0002,1.0009,206942.873804
2026-08-16T19:35:00+00:00,1.0009,1.001,1.0006,1.001,29858.465468
2026-08-16T19:40:00+00:00,1.001,1.0013,1.0001,1.0002,72778.663615
2026-08-16T19:45:00+00:00,1.0002,1.0005,0.9994,0.9994,96940.836334
2026-08-16T19:50:00+00:00,0.9995,1.0003,0.9995,1.0001,76149.023513
2026-08-16T19:55:00+00:00,1.0001,1.0004,0.9999,1.0001,56857.906124
2026-08-16T20:00:00+00:00,1.0001,1.0003,0.9999,1,32975.999126
2026-08-16T20:05:00+00:00,1,1.0008,0.9999,1.0001,95473.279167
2026-08-16T20:10:00+00:00,1.0001,1.0006,1.0001,1.0003,168633.585986
2026-08-16T20:15:00+00:00,1.0002,1.0004,0.9999,1.0001,34807.740343
2026-08-16T20:20:00+00:00,1.0001,1.0005,1,1.0003,35928.653197
2026-08-16T20:25:00+00:00,1.0003,1.0006,1,1.0004,55517.091803
2026-08-16T20:30:00+00:00,1.0004,1.0009,1.0004,1.0006,28783.795194
2026-08-16T20:35:00+00:00,1.0006,1.0007,0.9996,0.9996,97637.559169
2026-08-16T20:40:00+00:00,0.9997,0.9997,0.9974,0.9989,363000.342003
2026-08-16T20:45:00+00:00,0.9988,0.9993,0.9987,0.999,87988.822157
2026-08-16T20:50:00+00:00,0.999,0.9994,0.9983,0.999,69362.809568
2026-08-16T20:55:00+00:00,0.999,0.999,0.9983,0.9985,73131.493163
2026-08-16T21:00:00+00:00,0.9984,0.999,0.998,0.9988,150463.697994
2026-08-16T21:05:00+00:00,0.9987,0.9989,0.9973,0.9984,100629.871387
2026-08-16T21:10:00+00:00,0.9984,0.999,0.9983,0.9987,92175.181369
2026-08-16T21:15:00+00:00,0.9987,0.9992,0.9985,0.9985,340691.611562
2026-08-16T21:20:00+00:00,0.9986,0.9989,0.9977,0.9977,58818.292604
2026-08-16T21:25:00+00:00,0.9977,0.998,0.9975,0.9976,36800.446856
2026-08-16T21:30:00+00:00,0.9976,0.9978,0.9969,0.9977,76878.930596
2026-08-16T21:35:00+00:00,0.9978,0.9982,0.9895,0.9925,960601.771558
2026-08-16T21:40:00+00:00,0.9925,0.9948,0.9912,0.9946,305264.060539
2026-08-16T21:45:00+00:00,0.9948,0.9953,0.9924,0.9953,141686.266468
2026-08-16T21:50:00+00:00,0.995,0.9958,0.9946,0.9956,71059.887653
2026-08-16T21:55:00+00:00,0.9956,0.996,0.9946,0.9947,103163.165047
2026-08-16T22:00:00+00:00,0.9946,0.9947,0.992,0.9939,148471.506308
2026-08-16T22:05:00+00:00,0.994,0.996,0.994,0.9959,103280.536059
2026-08-16T22:10:00+00:00,0.9959,0.996,0.9943,0.9949,89289.462808
2026-08-16T22:15:00+00:00,0.9948,0.9957,0.9941,0.9948,209304.984251
2026-08-16T22:20:00+00:00,0.9948,0.995,0.9942,0.9944,135141.79865
2026-08-16T22:25:00+00:00,0.9943,0.9943,0.9927,0.9927,84169.966419
2026-08-16T22:30:00+00:00,0.9927,0.9933,0.9917,0.9921,95900.998001
2026-08-16T22:35:00+00:00,0.9922,0.9922,0.9904,0.9913,82041.677421
2026-08-16T22:40:00+00:00,0.9915,0.9922,0.9907,0.9922,133777.945683
2026-08-16T22:45:00+00:00,0.992,0.9925,0.9915,0.9922,122524.522581
2026-08-16T22:50:00+00:00,0.9921,0.9921,0.9917,0.9919,85991.313489
2026-08-16T22:55:00+00:00,0.9918,0.993,0.9916,0.993,58920.918088
2026-08-16T23:00:00+00:00,0.993,0.9941,0.9925,0.9925,51992.021899
2026-08-16T23:05:00+00:00,0.9925,0.9929,0.9925,0.9926,111134.246749
2026-08-16T23:10:00+00:00,0.9927,0.9929,0.9914,0.9915,89584.078803
2026-08-16T23:15:00+00:00,0.9915,0.9922,0.9913,0.9917,59768.183868
2026-08-16T23:20:00+00:00,0.9917,0.9917,0.9904,0.9909,176956.022065
2026-08-16T23:25:00+00:00,0.9909,0.9913,0.9906,0.9912,124521.640892
2026-08-16T23:30:00+00:00,0.9911,0.9917,0.9907,0.9914,64970.149477
2026-08-16T23:35:00+00:00,0.9916,0.9919,0.9909,0.9914,79757.230169
2026-08-16T23:40:00+00:00,0.9913,0.9914,0.9907,0.9913,48328.43888
2026-08-16T23:45:00+00:00,0.9912,0.9925,0.9912,0.9925,78724.394153
2026-08-16T23:45:00+00:00,0.9912,0.9925,0.9912,0.9925,78724.394153
2026-08-16T23:50:00+00:00,0.9924,0.9925,0.9919,0.992,17326.611424
2026-08-16T23:55:00+00:00,0.9919,0.9926,0.9917,0.9926,26640.170522
2026-08-17T00:00:00+00:00,0.9925,0.9931,0.992,0.9923,83401.867884
2026-08-17T00:05:00+00:00,0.9922,0.9923,0.9905,0.9907,153257.777899
2026-08-17T00:10:00+00:00,0.9906,0.9916,0.9906,0.9915,21741.149794
2026-08-17T00:15:00+00:00,0.9916,0.9916,0.9883,0.9896,445417.682849
2026-08-17T00:20:00+00:00,0.9896,0.9902,0.988,0.9884,228407.56597
2026-08-17T00:25:00+00:00,0.9882,0.9907,0.9873,0.9906,378389.103713
2026-08-17T00:30:00+00:00,0.9906,0.9906,0.9884,0.9887,93937.170921
2026-08-17T00:35:00+00:00,0.9887,0.9894,0.9881,0.9892,94516.156981
2026-08-17T00:40:00+00:00,0.9891,0.9918,0.9886,0.9917,86365.64891
2026-08-17T00:45:00+00:00,0.9918,0.9923,0.9893,0.9897,251763.263896
2026-08-17T00:50:00+00:00,0.9899,0.9913,0.9898,0.9913,126873.760675
2026-08-17T00:55:00+00:00,0.9912,0.9932,0.9911,0.9926,198651.98246
2026-08-17T01:00:00+00:00,0.9923,0.9984,0.9921,0.9983,342069.489438
2026-08-17T01:05:00+00:00,0.9982,0.9997,0.9971,0.9976,317446.585246
2026-08-17T01:10:00+00:00,0.9977,0.9978,0.9961,0.9962,293492.698315
2026-08-17T01:15:00+00:00,0.9962,0.9972,0.9955,0.9966,68092.706636
2026-08-17T01:20:00+00:00,0.9966,0.9982,0.9965,0.9978,61263.588701
2026-08-17T01:25:00+00:00,0.9978,0.9987,0.9976,0.9983,115116.031355
2026-08-17T01:30:00+00:00,0.9983,1.0005,0.9983,0.9993,99609.244213
2026-08-17T01:35:00+00:00,0.9994,0.9997,0.9981,0.9987,49832.567391
2026-08-17T01:40:00+00:00,0.9986,0.9996,0.9983,0.9996,79613.211602
2026-08-17T01:45:00+00:00,0.9995,0.9997,0.9983,0.9996,81845.122719
2026-08-17T01:50:00+00:00,0.9996,0.9996,0.9981,0.9983,72204.732079
2026-08-17T01:55:00+00:00,0.9983,0.9983,0.9975,0.9977,117027.487035
2026-08-17T02:00:00+00:00,0.9977,0.9984,0.9967,0.9971,78142.325782
2026-08-17T02:05:00+00:00,0.997,0.9972,0.9967,0.9971,72117.081815
2026-08-17T02:10:00+00:00,0.9971,0.9978,0.9969,0.9976,80768.919066
2026-08-17T02:15:00+00:00,0.9977,0.9983,0.9972,0.9978,34923.436904
2026-08-17T02:20:00+00:00,0.9979,0.9993,0.9979,0.9985,36898.457346
2026-08-17T02:25:00+00:00,0.9985,1.0002,0.9985,0.9997,61232.183032
2026-08-17T02:30:00+00:00,0.9997,1.0012,0.9985,1.0006,569553.237184
2026-08-17T02:35:00+00:00,1.0006,1.0012,0.9998,0.9999,92719.348562
2026-08-17T02:40:00+00:00,1,1.0009,0.9998,0.9998,72941.697312
2026-08-17T02:45:00+00:00,1,1.0009,0.9997,1.0005,71319.060128
2026-08-17T02:50:00+00:00,1.0006,1.0038,1.0004,1.0022,326289.595191
2026-08-17T02:55:00+00:00,1.0021,1.0021,1.0012,1.0014,227548.892945
2026-08-17T03:00:00+00:00,1.0015,1.0018,1.0003,1.0005,57061.413366
2026-08-17T03:05:00+00:00,1.0004,1.0009,1,1.0006,39271.298084
2026-08-17T03:10:00+00:00,1.0006,1.0012,1.0004,1.0009,72565.728702
2026-08-17T03:15:00+00:00,1.001,1.0015,1.0006,1.0014,197119.088697
2026-08-17T03:20:00+00:00,1.0013,1.0022,1.0002,1.0002,211676.227752
2026-08-17T03:25:00+00:00,1.0002,1.0003,0.9999,1.0002,44481.292157
2026-08-17T03:30:00+00:00,1.0003,1.0005,0.9999,1.0003,55949.007334
2026-08-17T03:35:00+00:00,1.0002,1.001,1.0002,1.0007,16177.317871
2026-08-17T03:40:00+00:00,1.0007,1.001,1.0006,1.0008,117051.431036
2026-08-17T03:45:00+00:00,1.0008,1.001,1.0005,1.0008,62757.716355
2026-08-17T03:50:00+00:00,1.0007,1.0014,1.0006,1.0011,34694.381392
2026-08-17T03:55:00+00:00,1.0012,1.002,1.0011,1.0013,24042.478987
2026-08-17T04:00:00+00:00,1.0016,1.0024,1.0016,1.0021,93699.075265
2026-08-17T04:05:00+00:00,1.0022,1.0029,1.0018,1.002,49356.380548
2026-08-17T04:10:00+00:00,1.0021,1.0028,1.0021,1.0023,52363.889092
2026-08-17T04:15:00+00:00,1.0023,1.0024,1.0014,1.0015,29309.420962
2026-08-17T04:20:00+00:00,1.0016,1.0024,1.0016,1.0016,50530.254754
2026-08-17T04:25:00+00:00,1.0017,1.0019,1.0011,1.0013,64258.911828
2026-08-17T04:30:00+00:00,1.0012,1.0012,1.0007,1.001,40321.281348
2026-08-17T04:35:00+00:00,1.001,1.0011,1.0005,1.0006,77087.695499
2026-08-17T04:40:00+00:00,1.0008,1.0012,1.0005,1.0005,46508.031984
2026-08-17T04:45:00+00:00,1.0006,1.0014,1.0005,1.0013,21072.125206
2026-08-17T04:50:00+00:00,1.0014,1.0015,1.0005,1.0008,49237.385183
2026-08-17T04:55:00+00:00,1.0008,1.0013,1.0007,1.001,39715.463129
2026-08-17T05:00:00+00:00,1.001,1.0033,1.001,1.0017,197535.097378
2026-08-17T05:05:00+00:00,1.0016,1.0016,1.0007,1.0009,169379.885415
2026-08-17T05:10:00+00:00,1.0008,1.0017,1.0007,1.0017,54469.471113
2026-08-17T05:15:00+00:00,1.0017,1.0025,1.0016,1.0024,69777.025979
2026-08-17T05:20:00+00:00,1.0023,1.0028,1.0023,1.0023,107681.398599
2026-08-17T05:25:00+00:00,1.0022,1.0023,1.0015,1.002,37179.561858
2026-08-17T05:30:00+00:00,1.002,1.002,1.0015,1.0019,49382.529411
2026-08-17T05:35:00+00:00,1.0018,1.002,1.0012,1.0018,30020.750725
2026-08-17T05:40:00+00:00,1.0018,1.0022,1.0015,1.0016,35869.91484
2026-08-17T05:45:00+00:00,1.0016,1.0017,1.0009,1.0013,46919.116993
2026-08-17T05:50:00+00:00,1.0014,1.0014,1.0011,1.0013,38023.894481
2026-08-17T05:55:00+00:00,1.0012,1.0014,1,1.0002,74796.361487
2026-08-17T06:00:00+00:00,1.0001,1.0009,1,1.0009,61040.319042
2026-08-17T06:05:00+00:00,1.0008,1.0016,1.0007,1.0015,53251.215844
2026-08-17T06:10:00+00:00,1.0016,1.002,1.0012,1.002,38194.529178
2026-08-17T06:15:00+00:00,1.002,1.0031,1.0016,1.0029,116965.978001
2026-08-17T06:20:00+00:00,1.0029,1.0042,1.0024,1.0026,467950.093486
2026-08-17T06:25:00+00:00,1.0026,1.0033,1.0025,1.0033,18315.141144
2026-08-17T06:30:00+00:00,1.0033,1.0035,1.0026,1.0027,174210.773545
2026-08-17T06:35:00+00:00,1.0028,1.0033,1.0025,1.0032,71060.234414
2026-08-17T06:40:00+00:00,1.0032,1.0044,1.0031,1.0041,165394.260938
2026-08-17T06:45:00+00:00,1.004,1.0061,1.0039,1.005,347664.565163
2026-08-17T06:50:00+00:00,1.005,1.0053,1.0042,1.0042,47996.708353
2026-08-17T06:55:00+00:00,1.0041,1.0053,1.004,1.0049,85485.334543
2026-08-17T07:00:00+00:00,1.005,1.0056,1.0038,1.0042,30550.408953
2026-08-17T07:05:00+00:00,1.0043,1.0048,1.004,1.0046,23811.148898
2026-08-17T07:10:00+00:00,1.0047,1.005,1.0042,1.0043,45680.295939
2026-08-17T07:15:00+00:00,1.0041,1.0044,1.0036,1.0043,26304.170474
2026-08-17T07:20:00+00:00,1.0042,1.0048,1.0041,1.0047,29500.247637
2026-08-17T07:25:00+00:00,1.0047,1.0048,1.004,1.0043,55305.612674
2026-08-17T07:30:00+00:00,1.0042,1.0043,1.0039,1.004,14562.572664
2026-08-17T07:35:00+00:00,1.0041,1.0042,1.0039,1.0039,20848.862148
2026-08-17T07:40:00+00:00,1.0039,1.0039,1.0034,1.0035,17800.794069
2026-08-17T07:45:00+00:00,1.0035,1.0035,1.0021,1.0024,191599.774807
2026-08-17T07:50:00+00:00,1.0024,1.0024,1.0015,1.0019,173706.872831
2026-08-17T07:55:00+00:00,1.0022,1.0022,1.0017,1.002,36892.141087
2026-08-17T08:00:00+00:00,1.002,1.0022,1.0011,1.0011,15993.646426
2026-08-17T08:05:00+00:00,1.0012,1.0013,1.0002,1.0005,64906.108582
2026-08-17T08:10:00+00:00,1.0004,1.0008,1,1.0004,36092.732274
2026-08-17T08:15:00+00:00,1.0003,1.0003,0.9988,0.9996,230384.254032
2026-08-17T08:20:00+00:00,0.9997,0.9998,0.9989,0.9992,66792.857492
2026-08-17T08:25:00+00:00,0.9993,0.9997,0.9992,0.9995,27088.486867
2026-08-17T08:30:00+00:00,0.9996,1.0003,0.9992,0.9992,105741.988327
2026-08-17T08:35:00+00:00,0.9992,0.9993,0.9989,0.999,25236.98108
2026-08-17T08:40:00+00:00,0.9989,0.9989,0.9985,0.9989,41397.566613
2026-08-17T08:45:00+00:00,0.9989,0.999,0.9974,0.9981,87998.113004
2026-08-17T08:50:00+00:00,0.998,0.998,0.9965,0.9968,173306.845278
2026-08-17T08:55:00+00:00,0.9968,0.998,0.9966,0.9972,211426.811512
2026-08-17T09:00:00+00:00,0.9972,0.9974,0.9969,0.9971,18305.464336
2026-08-17T09:05:00+00:00,0.9972,0.9982,0.9971,0.9982,8194.383443
2026-08-17T09:10:00+00:00,0.9981,0.9982,0.9975,0.9976,32367.812223
2026-08-17T09:15:00+00:00,0.9976,0.9977,0.9968,0.9969,15842.299951
2026-08-17T09:20:00+00:00,0.9969,0.997,0.9955,0.9961,68997.886761
2026-08-17T09:25:00+00:00,0.9961,0.9974,0.9961,0.9973,7879.570086
2026-08-17T09:30:00+00:00,0.9971,0.9974,0.9968,0.9971,9571.872212
2026-08-17T09:35:00+00:00,0.9971,0.9975,0.997,0.997,22818.409724
2026-08-17T09:40:00+00:00,0.997,0.9972,0.9968,0.9972,96994.520919
2026-08-17T09:45:00+00:00,0.9971,0.9971,0.9959,0.9959,197785.412449
2026-08-17T09:50:00+00:00,0.9959,0.9963,0.9959,0.9961,43044.618472
2026-08-17T09:55:00+00:00,0.9961,0.9965,0.9958,0.9959,22943.792518
2026-08-17T10:00:00+00:00,0.9958,0.9959,0.9954,0.9958,39569.577686
2026-08-17T10:05:00+00:00,0.9958,0.9962,0.9957,0.996,38918.11016
2026-08-17T10:10:00+00:00,0.9961,0.9964,0.9961,0.9963,15443.803221
2026-08-17T10:15:00+00:00,0.9964,0.9964,0.9956,0.9958,61676.870679
2026-08-17T10:20:00+00:00,0.9958,0.996,0.9955,0.9957,65590.593232
2026-08-17T10:25:00+00:00,0.9957,0.998,0.9956,0.998,150521.656381
2026-08-17T10:30:00+00:00,0.998,0.9993,0.9979,0.9983,225568.796147
2026-08-17T10:35:00+00:00,0.9983,0.9999,0.9983,0.9996,47351.859412
2026-08-17T10:40:00+00:00,0.9995,1.001,0.9992,1.001,119322.401224
2026-08-17T10:45:00+00:00,1.001,1.0013,1.0003,1.0008,102824.396125
2026-08-17T10:50:00+00:00,1.0008,1.001,1.0005,1.0005,44280.226978
2026-08-17T10:55:00+00:00,1.0005,1.001,1.0005,1.001,33419.729226
2026-08-17T11:00:00+00:00,1.001,1.0014,1.0001,1.0006,52638.404726
2026-08-17T11:05:00+00:00,1.0006,1.0009,1,1.0003,36553.726293
2026-08-17T11:10:00+00:00,1.0003,1.0003,0.9996,1,171527.459589
2026-08-17T11:15:00+00:00,0.9999,1.0001,0.9993,0.9996,26492.614114
2026-08-17T11:20:00+00:00,0.9996,1.0001,0.9996,1.0001,44509.467306
2026-08-17T11:25:00+00:00,1.0001,1.0001,0.9997,0.9999,22056.941339
2026-08-17T11:30:00+00:00,0.9999,1.0001,0.9995,1.0001,24514.598716
2026-08-17T11:35:00+00:00,1,1,0.9993,0.9999,81404.505379
2026-08-17T11:40:00+00:00,0.9999,1,0.9997,0.9998,44182.775027
2026-08-17T11:45:00+00:00,0.9998,1.0008,0.9998,1.0003,38375.623208
2026-08-17T11:50:00+00:00,1.0004,1.0004,0.9991,0.9997,117579.947648
2026-08-17T11:55:00+00:00,0.9996,1,0.9988,0.9994,58749.115426
2026-08-17T12:00:00+00:00,0.9994,1.0006,0.999,0.9992,45800.838665
2026-08-17T12:05:00+00:00,0.9993,0.9993,0.9986,0.9992,55619.173005
2026-08-17T12:10:00+00:00,0.9993,1.0002,0.9993,1.0001,49553.763543
2026-08-17T12:15:00+00:00,1,1.0001,0.9994,0.9998,69309.23415
2026-08-17T12:20:00+00:00,0.9997,1.0001,0.9997,0.9999,40453.123921
2026-08-17T12:25:00+00:00,0.9999,1.0001,0.9984,0.9987,294309.846486
2026-08-17T12:30:00+00:00,0.9987,0.9995,0.9987,0.9991,42183.949498
2026-08-17T12:35:00+00:00,0.9992,0.9996,0.9979,0.998,43019.448447
2026-08-17T12:40:00+00:00,0.9981,0.9984,0.9974,0.9976,46925.69264
2026-08-17T12:45:00+00:00,0.9976,0.998,0.9969,0.9969,127484.221047
2026-08-17T12:50:00+00:00,0.9968,0.9969,0.9958,0.9967,381550.33755
2026-08-17T12:55:00+00:00,0.9969,0.9973,0.9965,0.9969,81991.133762
2026-08-17T13:00:00+00:00,0.9969,0.9974,0.9961,0.9963,66681.586614
2026-08-17T13:05:00+00:00,0.9963,0.9973,0.9958,0.9973,49245.03061
2026-08-17T13:10:00+00:00,0.9974,0.9986,0.9973,0.998,449407.079388
2026-08-17T13:15:00+00:00,0.9981,0.9981,0.9969,0.9969,65294.539427
2026-08-17T13:20:00+00:00,0.997,0.9976,0.9969,0.9973,142603.517085
2026-08-17T13:25:00+00:00,0.9973,0.9973,0.9967,0.9969,71112.47757
2026-08-17T13:30:00+00:00,0.997,1.0013,0.997,1.0002,245007.833847
2026-08-17T13:35:00+00:00,1.0003,1.0028,1,1.0016,436228.190509
2026-08-17T13:40:00+00:00,1.0015,1.0028,1.0006,1.0006,87393.798869
2026-08-17T13:45:00+00:00,1.0005,1.0014,1,1.0013,104845.829875
2026-08-17T13:50:00+00:00,1.0013,1.0014,0.9998,1,113760.047828
2026-08-17T13:55:00+00:00,1,1.0001,0.9993,0.9998,76773.960476
2026-08-17T14:00:00+00:00,0.9998,0.9998,0.9976,0.9981,186738.363477
2026-08-17T14:05:00+00:00,0.998,0.9989,0.9971,0.9989,69099.756041
2026-08-17T14:10:00+00:00,0.9989,0.9995,0.9979,0.9989,77169.722651
2026-08-17T14:15:00+00:00,0.999,0.9997,0.9978,0.9986,111338.234969
2026-08-17T14:20:00+00:00,0.9986,0.9994,0.9984,0.9993,110416.749508
2026-08-17T14:25:00+00:00,0.9994,0.9994,0.9982,0.9992,109950.970972
2026-08-17T14:30:00+00:00,0.9992,1.0005,0.9987,1.0003,128902.087839
2026-08-17T14:35:00+00:00,1.0002,1.0003,0.9994,0.9995,113287.952326
2026-08-17T14:40:00+00:00,0.9995,1.0006,0.9995,1.0005,180972.119318
2026-08-17T14:45:00+00:00,1.0005,1.0021,0.9998,1.0021,210927.912324
2026-08-17T14:50:00+00:00,1.0021,1.0039,1.0021,1.0025,280140.399063
2026-08-17T14:55:00+00:00,1.0025,1.0036,1.0025,1.0033,140696.89582
2026-08-17T15:00:00+00:00,1.0034,1.0035,1.0024,1.0029,61188.32493
2026-08-17T15:05:00+00:00,1.0029,1.0044,1.0029,1.0034,199527.872919
2026-08-17T15:10:00+00:00,1.0035,1.005,1.0014,1.0017,402753.544975
2026-08-17T15:15:00+00:00,1.0016,1.0024,1.0011,1.0012,110729.529752
2026-08-17T15:20:00+00:00,1.0012,1.0017,1.0011,1.0015,39109.665305
2026-08-17T15:25:00+00:00,1.0015,1.0045,1.0015,1.0044,406697.69074
2026-08-17T15:30:00+00:00,1.0045,1.0051,1.0038,1.0043,145941.883877
2026-08-17T15:35:00+00:00,1.0043,1.0052,1.0041,1.0043,88025.022694
2026-08-17T15:40:00+00:00,1.0043,1.005,1.0041,1.0047,54203.944425
2026-08-17T15:45:00+00:00,1.0047,1.0076,1.0044,1.0065,277474.297289
2026-08-17T15:50:00+00:00,1.0065,1.0076,1.0053,1.0061,808477.740254
2026-08-17T15:55:00+00:00,1.0062,1.0062,1.0054,1.0057,325492.719786
2026-08-17T16:00:00+00:00,1.0056,1.0061,1.0038,1.0043,266308.906067
2026-08-17T16:05:00+00:00,1.0044,1.0048,1.0035,1.0036,125699.843885
2026-08-17T16:10:00+00:00,1.0035,1.0037,1.0027,1.0028,73190.63221
2026-08-17T16:15:00+00:00,1.0027,1.0031,1.0023,1.0028,104128.323818
2026-08-17T16:20:00+00:00,1.0028,1.0037,1.0025,1.0029,107230.345219
2026-08-17T16:25:00+00:00,1.0029,1.0032,1.0026,1.0027,134040.565503
2026-08-17T16:30:00+00:00,1.0027,1.0039,1.0027,1.0036,89757.382951
2026-08-17T16:35:00+00:00,1.0036,1.0039,1.0031,1.0038,52557.422534
2026-08-17T16:40:00+00:00,1.0038,1.0039,1.0027,1.0029,49413.780696
2026-08-17T16:45:00+00:00,1.0029,1.0036,1.0026,1.0036,54991.203347
2026-08-17T16:50:00+00:00,1.0036,1.0036,1.0019,1.002,88514.36383
2026-08-17T16:55:00+00:00,1.0019,1.0028,1.0019,1.0021,86664.421044
2026-08-17T17:00:00+00:00,1.0021,1.0023,1.001,1.0011,107404.967033
2026-08-17T17:05:00+00:00,1.001,1.0015,1.0009,1.001,122094.624198
2026-08-17T17:10:00+00:00,1.0011,1.0011,0.9998,1,124040.924666
2026-08-17T17:15:00+00:00,1,1.0025,0.9996,1.0023,92819.260511
2026-08-17T17:20:00+00:00,1.0022,1.0042,1.0022,1.0028,110233.04135
2026-08-17T17:25:00+00:00,1.0026,1.0027,1.0009,1.0011,92991.313293
2026-08-17T17:30:00+00:00,1.001,1.001,0.9998,1.0001,59621.230918
2026-08-17T17:35:00+00:00,1.0003,1.0014,0.9992,1.0007,105420.589582
2026-08-17T17:40:00+00:00,1.0008,1.0011,1,1.0002,203938.172725
2026-08-17T17:45:00+00:00,1.0003,1.0012,1,1.0003,89205.437952
2026-08-17T17:50:00+00:00,1.0004,1.0009,1.0001,1.0004,209463.276022
2026-08-17T17:55:00+00:00,1.0005,1.0012,1.0004,1.0007,291635.272097
2026-08-17T18:00:00+00:00,1.0005,1.0007,0.9999,1.0001,93798.991748
2026-08-17T18:05:00+00:00,1,1.0003,0.9998,0.9999,185012.247995
2026-08-17T18:10:00+00:00,1.0001,1.0008,0.9999,1.0002,86787.062596
2026-08-17T18:15:00+00:00,1.0003,1.002,1.0001,1.0007,67491.447127
2026-08-17T18:20:00+00:00,1.0008,1.0023,1.0004,1.0016,158972.890778
2026-08-17T18:25:00+00:00,1.0015,1.0018,1.0009,1.0011,93132.923658
2026-08-17T18:30:00+00:00,1.0012,1.0012,1.0003,1.0008,52168.649665
2026-08-17T18:35:00+00:00,1.0008,1.0015,1.0003,1.0009,88625.879057
2026-08-17T18:40:00+00:00,1.001,1.0016,1.0007,1.0014,134354.344365
2026-08-17T18:45:00+00:00,1.0013,1.0017,1.0011,1.0016,96979.40267
2026-08-17T18:50:00+00:00,1.0016,1.0023,1.0011,1.0014,186044.836151
2026-08-17T18:55:00+00:00,1.0013,1.0013,1.0005,1.0007,89114.302517
2026-08-17T19:00:00+00:00,1.0007,1.0007,0.9999,1.0004,114428.408013
2026-08-17T19:05:00+00:00,1.0004,1.001,1,1.0003,75785.155456
2026-08-17T19:10:00+00:00,1.0003,1.0004,0.9985,0.9985,146186.45738
2026-08-17T19:15:00+00:00,0.9985,1,0.9985,0.9992,244741.154788
2026-08-17T19:20:00+00:00,0.9992,1.0001,0.9991,0.9998,134047.769585
2026-08-17T19:25:00+00:00,0.9998,1.0005,0.9996,0.9996,120867.773304
2026-08-17T19:30:00+00:00,0.9996,0.9997,0.999,0.9991,154515.442276
2026-08-17T19:35:00+00:00,0.9991,1.0002,0.9989,0.9998,136200.07305
2026-08-17T19:40:00+00:00,0.9998,1.0004,0.9996,1.0001,109525.466523
2026-08-17T19:45:00+00:00,1.0002,1.0002,0.9996,0.9996,232558.307399
2026-08-17T19:50:00+00:00,0.9996,0.9998,0.9991,0.9996,149041.053541
2026-08-17T19:55:00+00:00,0.9996,1.0007,0.9992,1.0004,244474.11531
2026-08-17T20:00:00+00:00,1.0005,1.0005,0.9995,1.0002,265094.33795
2026-08-17T20:05:00+00:00,1,1.0001,0.9993,0.9997,153140.014483
2026-08-17T20:10:00+00:00,0.9997,1,0.9993,0.9996,144223.318402
2026-08-17T20:15:00+00:00,0.9997,0.9998,0.9987,0.9988,248946.946353
2026-08-17T20:20:00+00:00,0.9988,1,0.9988,0.9999,193644.863264
2026-08-17T20:25:00+00:00,1,1.0008,0.9998,1.0005,127150.255407
2026-08-17T20:30:00+00:00,1.0006,1.001,0.9998,1.001,261001.618883
2026-08-17T20:35:00+00:00,1.0009,1.0017,1.0007,1.0016,259997.874932
2026-08-17T20:40:00+00:00,1.0016,1.0032,1.0015,1.003,131860.273609
2026-08-17T20:45:00+00:00,1.003,1.0041,1.002,1.002,258919.796694
2026-08-17T20:50:00+00:00,1.002,1.0022,1.0013,1.0018,159273.430687
2026-08-17T20:55:00+00:00,1.0019,1.0033,1.0018,1.0028,401941.268993
2026-08-17T21:00:00+00:00,1.0029,1.0035,1.002,1.0027,345914.166799
2026-08-17T21:05:00+00:00,1.0027,1.0028,1.0019,1.0026,95223.062899
2026-08-17T21:10:00+00:00,1.0025,1.0026,1.0014,1.002,153028.469723
2026-08-17T21:15:00+00:00,1.002,1.0025,1.0017,1.002,78872.252804
2026-08-17T21:20:00+00:00,1.002,1.0029,1.002,1.0022,165318.311162
2026-08-17T21:25:00+00:00,1.0021,1.0021,1.0018,1.002,129191.156487
2026-08-17T21:30:00+00:00,1.002,1.0025,1.0019,1.0021,166033.279329
2026-08-17T21:35:00+00:00,1.0019,1.0021,1.0012,1.0017,137462.950192
2026-08-17T21:40:00+00:00,1.0015,1.0023,1.0013,1.002,135754.15421
2026-08-17T21:45:00+00:00,1.0019,1.002,1.0015,1.0018,106752.009085
2026-08-17T21:50:00+00:00,1.0018,1.0021,1.0016,1.0017,85837.387367
2026-08-17T21:55:00+00:00,1.0018,1.0018,1.001,1.0012,74648.839885
2026-08-17T22:00:00+00:00,1.0012,1.0024,1.0009,1.001,157388.464459
2026-08-17T22:05:00+00:00,1.001,1.0013,1.0006,1.0009,111027.828085
2026-08-17T22:10:00+00:00,1.0009,1.0012,1.0006,1.001,74194.352598
2026-08-17T22:15:00+00:00,1.0011,1.0011,0.9998,1,111885.317313
2026-08-17T22:20:00+00:00,1,1.001,0.9998,1.0004,106959.563215
2026-08-17T22:25:00+00:00,1.0004,1.0004,0.9997,0.9998,137035.030609
2026-08-17T22:30:00+00:00,0.9998,0.9999,0.9992,0.9994,246726.185316
2026-08-17T22:35:00+00:00,0.9995,1,0.9994,0.9998,75424.871512
2026-08-17T22:40:00+00:00,0.9999,1.0001,0.9996,0.9999,81381.446858
2026-08-17T22:45:00+00:00,1,1.0002,0.9996,0.9998,53159.055902
2026-08-17T22:50:00+00:00,0.9999,1,0.9994,0.9994,65727.949893
2026-08-17T22:55:00+00:00,0.9995,0.9998,0.9994,0.9996,123243.604923
2026-08-17T23:00:00+00:00,0.9996,0.9999,0.9993,0.9998,58841.757142
2026-08-17T23:05:00+00:00,0.9999,1.0009,0.9997,1.0008,30977.192303
2026-08-17T23:10:00+00:00,1.0008,1.0013,1.0006,1.0009,74903.524005
2026-08-17T23:15:00+00:00,1.0009,1.0015,1.0008,1.0013,31070.507009
2026-08-17T23:20:00+00:00,1.0012,1.0016,1.001,1.0016,33162.512543
2026-08-17T23:25:00+00:00,1.0016,1.0026,1.0016,1.0026,97181.465955
2026-08-17T23:30:00+00:00,1.0025,1.0037,1.0019,1.0035,80751.845299
2026-08-17T23:35:00+00:00,1.0034,1.0034,1.0028,1.0029,70091.251926
2026-08-17T23:40:00+00:00,1.003,1.003,1.0023,1.0026,52295.648424
2026-08-17T23:45:00+00:00,1.0026,1.0038,1.0025,1.0032,123978.402503
2026-08-17T23:45:00+00:00,1.0026,1.0038,1.0025,1.0032,123978.402503
2026-08-17T23:50:00+00:00,1.0033,1.0035,1.0027,1.0028,90783.314778
2026-08-17T23:55:00+00:00,1.0029,1.0029,1.0022,1.0022,203143.969513
2026-08-18T00:00:00+00:00,1.0024,1.0028,1.0018,1.0021,277409.386775
2026-08-18T00:05:00+00:00,1.0022,1.0022,1.0014,1.0017,266007.623305
2026-08-18T00:10:00+00:00,1.0018,1.0033,1.0017,1.003,128728.040506
2026-08-18T00:15:00+00:00,1.003,1.0042,1.0026,1.0026,356265.500742
2026-08-18T00:20:00+00:00,1.0026,1.003,1.0021,1.0024,135845.495041
2026-08-18T00:25:00+00:00,1.0024,1.0024,1.0015,1.0016,67168.761673
2026-08-18T00:30:00+00:00,1.0016,1.0016,1.0005,1.0007,186068.481469
2026-08-18T00:35:00+00:00,1.0007,1.001,1,1.0004,248656.758899
2026-08-18T00:40:00+00:00,1.0002,1.0008,0.9998,1.0008,258524.360233
2026-08-18T00:45:00+00:00,1.0008,1.0011,1.0006,1.0009,51978.130412
2026-08-18T00:50:00+00:00,1.001,1.0019,1.0008,1.0017,113972.997158
2026-08-18T00:55:00+00:00,1.0016,1.0024,1.0015,1.002,71947.670828
2026-08-18T01:00:00+00:00,1.0021,1.0022,1.0008,1.0008,312496.136398
2026-08-18T01:05:00+00:00,1.0008,1.001,1.0003,1.0004,57612.775938
2026-08-18T01:10:00+00:00,1.0003,1.001,1.0002,1.0003,123210.412126
2026-08-18T01:15:00+00:00,1.0004,1.0006,0.9998,0.9999,133358.473731
2026-08-18T01:20:00+00:00,0.9999,1.0003,0.9999,1.0003,45850.93278
2026-08-18T01:25:00+00:00,1.0002,1.0002,0.9992,0.9995,148039.216893
2026-08-18T01:30:00+00:00,0.9995,1,0.9991,0.9992,135020.753233
2026-08-18T01:35:00+00:00,0.9991,0.9993,0.9988,0.9991,177583.92035
2026-08-18T01:40:00+00:00,0.999,0.9991,0.9982,0.9984,282756.261355
2026-08-18T01:45:00+00:00,0.9983,0.9985,0.997,0.9974,274876.673614
2026-08-18T01:50:00+00:00,0.9975,0.9976,0.9957,0.9957,743695.929691
2026-08-18T01:55:00+00:00,0.9958,0.996,0.9942,0.9954,487876.977546
2026-08-18T02:00:00+00:00,0.9954,0.9958,0.9951,0.9955,214051.514951
2026-08-18T02:05:00+00:00,0.9955,0.9965,0.9954,0.9959,184416.846826
2026-08-18T02:10:00+00:00,0.9958,0.9958,0.9936,0.9943,584636.619805
2026-08-18T02:15:00+00:00,0.9943,0.995,0.9938,0.995,263712.736851
2026-08-18T02:20:00+00:00,0.995,0.9952,0.9945,0.9946,139763.566986
2026-08-18T02:25:00+00:00,0.9947,0.9947,0.9937,0.9939,187373.063259
2026-08-18T02:30:00+00:00,0.9938,0.9938,0.993,0.9934,173670.65197
2026-08-18T02:35:00+00:00,0.9935,0.9941,0.9931,0.994,141768.921882
2026-08-18T02:40:00+00:00,0.994,0.9941,0.9917,0.992,245304.059806
2026-08-18T02:45:00+00:00,0.992,0.9921,0.9886,0.9918,1040363.589058
2026-08-18T02:50:00+00:00,0.9918,0.992,0.9905,0.9907,247226.270046
2026-08-18T02:55:00+00:00,0.9905,0.9905,0.9881,0.9898,376286.981223
2026-08-18T03:00:00+00:00,0.9898,0.9909,0.9892,0.9904,184943.234042
2026-08-18T03:05:00+00:00,0.9904,0.9911,0.9903,0.9904,87552.121758
2026-08-18T03:10:00+00:00,0.9905,0.9905,0.9892,0.9892,144228.080502
2026-08-18T03:15:00+00:00,0.9891,0.9916,0.9891,0.991,230928.048208
2026-08-18T03:20:00+00:00,0.9911,0.9914,0.9895,0.9898,141795.691798
2026-08-18T03:25:00+00:00,0.9899,0.991,0.9899,0.9903,149678.171843
2026-08-18T03:30:00+00:00,0.9903,0.9903,0.9885,0.9892,250710.656169
2026-08-18T03:35:00+00:00,0.9892,0.9907,0.9889,0.9907,95683.710599
2026-08-18T03:40:00+00:00,0.9906,0.9907,0.9899,0.9906,78091.436814
2026-08-18T03:45:00+00:00,0.9905,0.9905,0.9897,0.99,62383.11392
2026-08-18T03:50:00+00:00,0.99,0.9904,0.9898,0.9903,84230.075283
2026-08-18T03:55:00+00:00,0.9902,0.9906,0.9901,0.9904,45047.246696
2026-08-18T04:00:00+00:00,0.9903,0.9903,0.989,0.9899,136915.526535
2026-08-18T04:05:00+00:00,0.99,0.9913,0.99,0.9912,130967.700315
2026-08-18T04:10:00+00:00,0.9912,0.9926,0.9912,0.9921,131046.918979
2026-08-18T04:15:00+00:00,0.9921,0.9921,0.9913,0.9916,53416.265221
2026-08-18T04:20:00+00:00,0.9916,0.9923,0.9915,0.992,43508.153349
2026-08-18T04:25:00+00:00,0.992,0.9924,0.9918,0.9924,52718.801603
2026-08-18T04:30:00+00:00,0.9924,0.9951,0.9924,0.9946,199700.780375
2026-08-18T04:35:00+00:00,0.9946,0.9952,0.9942,0.9943,65063.973697
2026-08-18T04:40:00+00:00,0.9942,0.9943,0.9935,0.9941,80169.302165
2026-08-18T04:45:00+00:00,0.9942,0.9945,0.9935,0.9938,44258.955622
2026-08-18T04:50:00+00:00,0.9938,0.9945,0.9938,0.9943,75727.778025
2026-08-18T04:55:00+00:00,0.9942,0.9944,0.9939,0.994,35140.32981
2026-08-18T05:00:00+00:00,0.994,0.9946,0.9933,0.9945,152225.611439
2026-08-18T05:05:00+00:00,0.9946,0.9953,0.9944,0.9953,34033.309216
2026-08-18T05:10:00+00:00,0.995,0.9958,0.9945,0.9958,110288.337807
2026-08-18T05:15:00+00:00,0.9957,0.9961,0.9949,0.9961,150753.049416
2026-08-18T05:20:00+00:00,0.9962,0.9964,0.9955,0.996,349848.091575
2026-08-18T05:25:00+00:00,0.996,0.9963,0.9955,0.9956,94212.914732
2026-08-18T05:30:00+00:00,0.9955,0.9955,0.9937,0.9937,95514.906446
2026-08-18T05:35:00+00:00,0.9937,0.994,0.992,0.9938,419382.224785
2026-08-18T05:40:00+00:00,0.9941,0.9951,0.9941,0.995,83238.92724
2026-08-18T05:45:00+00:00,0.9949,0.9949,0.9942,0.9949,16804.750493
2026-08-18T05:50:00+00:00,0.9948,0.995,0.994,0.9949,25907.494577
2026-08-18T05:55:00+00:00,0.9947,0.9948,0.9944,0.9944,16518.861002
2026-08-18T06:00:00+00:00,0.9943,0.9943,0.9936,0.9937,148214.452402
2026-08-18T06:05:00+00:00,0.9936,0.9942,0.9931,0.9941,21376.430824
2026-08-18T06:10:00+00:00,0.9942,0.9954,0.9939,0.9952,51260.887798
2026-08-18T06:15:00+00:00,0.9952,0.9958,0.995,0.9957,28200.513288
2026-08-18T06:20:00+00:00,0.9958,0.9981,0.9958,0.9977,356725.872799
2026-08-18T06:25:00+00:00,0.9979,0.9985,0.9977,0.9982,43816.30165
2026-08-18T06:30:00+00:00,0.9983,0.9998,0.9983,0.9992,90147.800946
2026-08-18T06:35:00+00:00,0.9993,0.9995,0.9989,0.9989,53413.45464
2026-08-18T06:40:00+00:00,0.999,0.9993,0.9987,0.9993,103682.815747
2026-08-18T06:45:00+00:00,0.9993,0.9993,0.9977,0.9977,32241.39298
2026-08-18T06:50:00+00:00,0.9977,0.9977,0.9965,0.9966,34111.965572
2026-08-18T06:55:00+00:00,0.9966,0.9975,0.9963,0.9975,36977.237405
2026-08-18T07:00:00+00:00,0.9977,0.9982,0.9975,0.998,36331.216127
2026-08-18T07:05:00+00:00,0.9979,0.9979,0.9974,0.9978,38697.642775
2026-08-18T07:10:00+00:00,0.9978,0.9981,0.9977,0.9978,28946.067275
2026-08-18T07:15:00+00:00,0.9977,0.9981,0.997,0.9977,66240.627532
2026-08-18T07:20:00+00:00,0.9976,0.9976,0.997,0.997,60682.098073
2026-08-18T07:25:00+00:00,0.997,0.997,0.9962,0.9962,52909.223443
2026-08-18T07:30:00+00:00,0.9961,0.9965,0.9955,0.9956,70826.563152
2026-08-18T07:35:00+00:00,0.9955,0.9971,0.9955,0.9965,240014.62606
2026-08-18T07:40:00+00:00,0.9966,0.9967,0.9959,0.9959,39305.461277
2026-08-18T07:45:00+00:00,0.996,0.996,0.9945,0.9945,47668.449776
2026-08-18T07:50:00+00:00,0.9944,0.9953,0.9942,0.9951,186544.137197
2026-08-18T07:55:00+00:00,0.995,0.9957,0.9949,0.9956,46241.019886
2026-08-18T08:00:00+00:00,0.9955,0.9956,0.993,0.993,489118.324248
2026-08-18T08:05:00+00:00,0.9929,0.9929,0.9914,0.9919,200073.95215
2026-08-18T08:10:00+00:00,0.9918,0.9935,0.9915,0.9935,44413.222584
2026-08-18T08:15:00+00:00,0.9936,0.9947,0.9934,0.9946,40060.201457
2026-08-18T08:20:00+00:00,0.9948,0.9948,0.9941,0.9942,48018.692862
2026-08-18T08:25:00+00:00,0.9942,0.9958,0.9942,0.9951,53611.456264
2026-08-18T08:30:00+00:00,0.9952,0.9962,0.9949,0.9961,39279.532477
2026-08-18T08:35:00+00:00,0.9962,0.9975,0.9962,0.9973,61399.995155
2026-08-18T08:40:00+00:00,0.9973,0.9973,0.9964,0.9964,19353.658765
2026-08-18T08:45:00+00:00,0.9965,0.9965,0.9953,0.9956,16740.01566
2026-08-18T08:50:00+00:00,0.9956,0.9965,0.9955,0.9958,29638.47515
2026-08-18T08:55:00+00:00,0.9959,0.9962,0.9958,0.9961,27818.731448
2026-08-18T09:00:00+00:00,0.996,0.996,0.9954,0.9954,30888.603602
2026-08-18T09:05:00+00:00,0.9954,0.996,0.9954,0.9958,26698.257618
2026-08-18T09:10:00+00:00,0.9959,0.9964,0.9959,0.9961,44295.446919
2026-08-18T09:15:00+00:00,0.996,0.9961,0.9945,0.9945,102314.248044
2026-08-18T09:20:00+00:00,0.9945,0.995,0.9941,0.9942,39342.295626
2026-08-18T09:25:00+00:00,0.9942,0.9944,0.9938,0.9942,56464.608663
2026-08-18T09:30:00+00:00,0.9942,0.9948,0.9941,0.9948,53642.238246
2026-08-18T09:35:00+00:00,0.9947,0.9951,0.9944,0.9946,55287.040736
2026-08-18T09:40:00+00:00,0.9945,0.995,0.9944,0.9949,67256.849727
2026-08-18T09:45:00+00:00,0.9947,0.9952,0.9944,0.9948,35175.432446
2026-08-18T09:50:00+00:00,0.9948,0.9949,0.994,0.9948,36220.076356
2026-08-18T09:55:00+00:00,0.9948,0.9951,0.9947,0.9951,93234.68073
2026-08-18T10:00:00+00:00,0.995,0.9954,0.994,0.9952,69413.430405
2026-08-18T10:05:00+00:00,0.9951,0.9951,0.9943,0.9947,46520.355712
2026-08-18T10:10:00+00:00,0.9946,0.9947,0.9942,0.9945,23974.351512
2026-08-18T10:15:00+00:00,0.9946,0.9951,0.9944,0.9947,29191.799359
2026-08-18T10:20:00+00:00,0.9947,0.9947,0.994,0.9941,62356.318205
2026-08-18T10:25:00+00:00,0.9941,0.9946,0.994,0.9944,32700.11632
2026-08-18T10:30:00+00:00,0.9944,0.9949,0.9943,0.9945,24793.574284
2026-08-18T10:35:00+00:00,0.9945,0.9953,0.9945,0.9949,198076.937391
2026-08-18T10:40:00+00:00,0.9949,0.9951,0.9946,0.9951,56580.248028
2026-08-18T10:45:00+00:00,0.9952,0.9955,0.9948,0.9952,34393.674994
2026-08-18T10:50:00+00:00,0.9953,0.9953,0.995,0.9951,27985.744048
2026-08-18T10:55:00+00:00,0.9951,0.9954,0.995,0.9953,71810.458127
2026-08-18T11:00:00+00:00,0.9952,0.9971,0.9952,0.9963,110575.01269
2026-08-18T11:05:00+00:00,0.9963,0.9966,0.9956,0.9964,62582.302584
2026-08-18T11:10:00+00:00,0.9964,0.9968,0.9962,0.9967,83566.580271
2026-08-18T11:15:00+00:00,0.9967,0.9973,0.9967,0.9971,53207.36352
2026-08-18T11:20:00+00:00,0.997,1.0012,0.9969,1,389447.622878
2026-08-18T11:25:00+00:00,1.0002,1.0005,0.9987,0.9992,369712.603284
2026-08-18T11:30:00+00:00,0.9991,0.9993,0.9985,0.9989,716960.198761
2026-08-18T11:35:00+00:00,0.9988,0.9991,0.9987,0.9987,101689.010679
2026-08-18T11:40:00+00:00,0.9987,0.9992,0.9985,0.9988,148269.98582
2026-08-18T11:45:00+00:00,0.9989,0.9992,0.9976,0.998,199039.01903
2026-08-18T11:50:00+00:00,0.9981,0.9982,0.9975,0.9977,160698.5499
2026-08-18T11:55:00+00:00,0.9976,0.998,0.9976,0.9977,44149.731582
2026-08-18T12:00:00+00:00,0.9976,0.998,0.9973,0.9979,75409.788354
2026-08-18T12:05:00+00:00,0.998,0.9983,0.9972,0.9973,75872.542218
2026-08-18T12:10:00+00:00,0.9973,0.9975,0.9971,0.9974,99286.857848
2026-08-18T12:15:00+00:00,0.9973,0.9974,0.9967,0.9974,85673.772884
2026-08-18T12:20:00+00:00,0.9973,0.9981,0.9972,0.9973,39079.896436
2026-08-18T12:25:00+00:00,0.9973,0.9977,0.9971,0.9973,40043.501028
2026-08-18T12:30:00+00:00,0.9973,0.9975,0.9967,0.9974,69741.667976
2026-08-18T12:35:00+00:00,0.9974,0.9977,0.9969,0.9976,97871.49311
2026-08-18T12:40:00+00:00,0.9975,0.9978,0.997,0.9971,48989.697266
2026-08-18T12:45:00+00:00,0.997,0.9975,0.9968,0.9975,47335.049303
2026-08-18T12:50:00+00:00,0.9976,0.9977,0.9971,0.9971,55313.54942
2026-08-18T12:55:00+00:00,0.9971,0.9972,0.9968,0.9969,32471.021474
2026-08-18T13:00:00+00:00,0.9969,0.9969,0.9961,0.9965,153126.537458
2026-08-18T13:05:00+00:00,0.9965,0.9966,0.9957,0.9957,28921.732887
2026-08-18T13:10:00+00:00,0.9957,0.9966,0.9957,0.9965,187381.371873
2026-08-18T13:15:00+00:00,0.9965,0.9968,0.9959,0.9959,100861.792791
2026-08-18T13:20:00+00:00,0.9959,0.9967,0.9957,0.9959,184566.78601
2026-08-18T13:25:00+00:00,0.9958,0.9961,0.9952,0.9957,133360.721197
2026-08-18T13:30:00+00:00,0.9957,0.997,0.995,0.9954,357223.984233
2026-08-18T13:35:00+00:00,0.9955,0.9983,0.9953,0.9983,227885.809
2026-08-18T13:40:00+00:00,0.9984,0.9984,0.9973,0.9974,76991.266064
2026-08-18T13:45:00+00:00,0.9972,0.9979,0.9967,0.9974,123334.567551
2026-08-18T13:50:00+00:00,0.9974,0.9981,0.9957,0.9957,108361.834822
2026-08-18T13:55:00+00:00,0.9957,0.9977,0.9955,0.9974,120035.577491
2026-08-18T14:00:00+00:00,0.9973,0.9985,0.9968,0.9985,412838.441945
2026-08-18T14:05:00+00:00,0.9985,0.9985,0.9972,0.9972,158075.949937
2026-08-18T14:10:00+00:00,0.9972,0.9972,0.9961,0.9966,136698.921929
2026-08-18T14:15:00+00:00,0.9966,0.9993,0.996,0.9991,281227.625805
2026-08-18T14:20:00+00:00,0.9991,1.0018,0.9984,1.0012,1053641.018224
2026-08-18T14:25:00+00:00,1.0012,1.0053,1.0012,1.0046,1034645.782104
2026-08-18T14:30:00+00:00,1.0045,1.0057,1.0014,1.0015,647026.180752
2026-08-18T14:35:00+00:00,1.0015,1.0018,1.0004,1.0005,421573.540852
2026-08-18T14:40:00+00:00,1.0005,1.0018,1.0001,1.0009,136630.069247
2026-08-18T14:45:00+00:00,1.0008,1.0015,1.0007,1.0014,129635.225368
2026-08-18T14:50:00+00:00,1.0013,1.0017,0.9993,1.0006,281945.447844
2026-08-18T14:55:00+00:00,1.0005,1.0009,0.9999,1.0001,116489.801364
2026-08-18T15:00:00+00:00,1.0003,1.0013,0.9998,1.0013,250608.773403
2026-08-18T15:05:00+00:00,1.0014,1.0017,1,1,183687.123124
2026-08-18T15:10:00+00:00,1.0001,1.002,0.9996,1.002,307751.086053
2026-08-18T15:15:00+00:00,1.0019,1.0026,1.0015,1.0016,301754.837587
2026-08-18T15:20:00+00:00,1.0017,1.0025,1.0014,1.0021,181501.596495
2026-08-18T15:25:00+00:00,1.002,1.0035,1.0018,1.0033,132969.529058
2026-08-18T15:30:00+00:00,1.0034,1.004,1.0027,1.0038,246502.231487
2026-08-18T15:35:00+00:00,1.0039,1.004,1.0029,1.0031,111650.425565
2026-08-18T15:40:00+00:00,1.0031,1.0033,1.0022,1.0022,112556.033587
2026-08-18T15:45:00+00:00,1.0022,1.0032,1.0019,1.0024,87999.660723
2026-08-18T15:50:00+00:00,1.0024,1.0035,1.0024,1.0028,222819.781717
2026-08-18T15:55:00+00:00,1.0026,1.0033,1.0024,1.0032,63444.571352
2026-08-18T16:00:00+00:00,1.0033,1.0036,1.0022,1.0026,78688.923423
2026-08-18T16:05:00+00:00,1.0024,1.0031,1.0015,1.002,145269.009179
2026-08-18T16:10:00+00:00,1.0019,1.0019,1.0012,1.0013,53724.569709
2026-08-18T16:15:00+00:00,1.0012,1.0014,1.0005,1.0008,84531.98956
2026-08-18T16:20:00+00:00,1.0009,1.0011,1.0004,1.0009,163208.094088
2026-08-18T16:25:00+00:00,1.0009,1.001,1,1.0001,86432.076986
2026-08-18T16:30:00+00:00,1,1.001,0.9997,1.0008,149244.924609
2026-08-18T16:35:00+00:00,1.001,1.002,1.0007,1.0017,98307.622205
2026-08-18T16:40:00+00:00,1.0017,1.002,1.0009,1.0009,137374.565134
2026-08-18T16:45:00+00:00,1.0005,1.0023,1.0005,1.0016,102698.75337
2026-08-18T16:50:00+00:00,1.0015,1.0022,1.0013,1.0017,85085.923185
2026-08-18T16:55:00+00:00,1.0017,1.002,1.0014,1.0017,65993.857622
2026-08-18T17:00:00+00:00,1.0016,1.0017,0.9999,1.0009,278116.682131
2026-08-18T17:05:00+00:00,1.0008,1.0012,1.0004,1.0005,58481.337575
2026-08-18T17:10:00+00:00,1.0005,1.0011,1.0003,1.0011,31716.92084
2026-08-18T17:15:00+00:00,1.0011,1.0011,1.0002,1.0008,36435.294975
2026-08-18T17:20:00+00:00,1.0009,1.0015,1.0005,1.0008,135786.181497
2026-08-18T17:25:00+00:00,1.0008,1.0011,1.0004,1.001,56014.127173
2026-08-18T17:30:00+00:00,1.0009,1.0011,1.0001,1.0003,183077.734754
2026-08-18T17:35:00+00:00,1,1.0008,1,1.0007,236370.809945
2026-08-18T17:40:00+00:00,1.0007,1.0007,1,1.0003,69756.246438
2026-08-18T17:45:00+00:00,1.0002,1.0004,0.9998,1,80714.62656
2026-08-18T17:50:00+00:00,0.9999,1.0005,0.9998,1.0003,128269.67335
2026-08-18T17:55:00+00:00,1.0003,1.0003,0.9998,0.9999,108196.621064
2026-08-18T18:00:00+00:00,0.9998,1.0002,0.9997,1,51603.554898
2026-08-18T18:05:00+00:00,1.0001,1.0003,0.9999,1.0001,53870.844584
2026-08-18T18:10:00+00:00,1,1.0004,0.9999,1.0004,59330.8792
2026-08-18T18:15:00+00:00,1.0004,1.0016,1.0003,1.0015,71176.175526
2026-08-18T18:20:00+00:00,1.0014,1.002,1.0014,1.0014,82512.803539
2026-08-18T18:25:00+00:00,1.0015,1.0016,1.001,1.0016,71647.231074
2026-08-18T18:30:00+00:00,1.0016,1.002,1.0012,1.0015,64441.487158
2026-08-18T18:35:00+00:00,1.0014,1.002,1.0009,1.0012,98822.675949
2026-08-18T18:40:00+00:00,1.0012,1.0012,1.0005,1.0007,33942.50226
2026-08-18T18:45:00+00:00,1.0008,1.0012,1.0006,1.001,87765.422257
2026-08-18T18:50:00+00:00,1.0009,1.0009,1.0006,1.0006,34334.822452
2026-08-18T18:55:00+00:00,1.0006,1.0008,1.0004,1.0004,68126.604074
2026-08-18T19:00:00+00:00,1.0005,1.0007,1.0002,1.0004,161465.925053
2026-08-18T19:05:00+00:00,1.0005,1.0008,1.0001,1.0005,271838.77813
2026-08-18T19:10:00+00:00,1.0004,1.001,1,1.0006,460625.529546
2026-08-18T19:15:00+00:00,1.0006,1.001,1.0002,1.0009,138928.614069
2026-08-18T19:20:00+00:00,1.0009,1.0018,1.0008,1.0017,278528.625112
2026-08-18T19:25:00+00:00,1.0017,1.0024,1.0015,1.002,268497.332534
2026-08-18T19:30:00+00:00,1.0019,1.0022,1.0018,1.0018,204071.361441
2026-08-18T19:35:00+00:00,1.0019,1.0022,1.0018,1.0018,201985.564541
2026-08-18T19:40:00+00:00,1.0018,1.0021,1.0012,1.0017,329503.313512
2026-08-18T19:45:00+00:00,1.0018,1.0021,1.0016,1.002,220580.011613
2026-08-18T19:50:00+00:00,1.002,1.0024,1.0014,1.0015,320461.344452
2026-08-18T19:55:00+00:00,1.0015,1.0025,1.0014,1.0022,472567.460581
2026-08-18T20:00:00+00:00,1.0021,1.003,1.0018,1.002,248026.559051
2026-08-18T20:05:00+00:00,1.0019,1.0019,1.0009,1.0016,247727.619064
2026-08-18T20:10:00+00:00,1.0017,1.0018,1.0014,1.0017,80842.18349
2026-08-18T20:15:00+00:00,1.0017,1.0017,1.0008,1.0008,99012.765486
2026-08-18T20:20:00+00:00,1.0008,1.0009,0.9991,1.0003,332581.402785
2026-08-18T20:25:00+00:00,1.0003,1.0004,0.9998,1.0001,94178.121425
2026-08-18T20:30:00+00:00,1.0002,1.0019,1.0001,1.001,189116.611238
2026-08-18T20:35:00+00:00,1.001,1.0011,1.0005,1.0007,198822.77772
2026-08-18T20:40:00+00:00,1.0007,1.0007,0.9995,0.9996,50139.433863
2026-08-18T20:45:00+00:00,0.9996,0.9997,0.9987,0.9988,215379.156318
2026-08-18T20:50:00+00:00,0.9987,0.9996,0.9981,0.9994,301373.896721
2026-08-18T20:55:00+00:00,0.9994,0.9999,0.9994,0.9995,142532.438297
2026-08-18T21:00:00+00:00,0.9994,1.0012,0.9994,1.0005,569815.084188
2026-08-18T21:05:00+00:00,1.0005,1.001,1.0003,1.0006,65220.935637
2026-08-18T21:10:00+00:00,1.0006,1.0017,1.0005,1.001,118526.878091
2026-08-18T21:15:00+00:00,1.001,1.0012,1.0007,1.0007,101277.23544
2026-08-18T21:20:00+00:00,1.0008,1.0011,1.0004,1.001,126297.248002
2026-08-18T21:25:00+00:00,1.0009,1.001,1.0005,1.0006,74013.822218
2026-08-18T21:30:00+00:00,1.0007,1.0007,1.0001,1.0002,61606.378885
2026-08-18T21:35:00+00:00,1.0002,1.0006,0.9999,0.9999,147525.078495
2026-08-18T21:40:00+00:00,1.0001,1.0003,0.9998,0.9999,114353.473576
2026-08-18T21:45:00+00:00,1,1.0002,0.9997,1,116713.952149
2026-08-18T21:50:00+00:00,1,1.0003,0.9997,0.9999,120972.730384
2026-08-18T21:55:00+00:00,0.9999,1,0.9995,0.9997,93642.316163
2026-08-18T22:00:00+00:00,0.9997,1,0.9992,0.9998,186894.271749
2026-08-18T22:05:00+00:00,0.9999,1.0003,0.9994,1.0001,159639.574083
2026-08-18T22:10:00+00:00,1.0002,1.0017,1.0002,1.001,406487.435533
2026-08-18T22:15:00+00:00,1.0011,1.0014,1.0008,1.001,219632.361401
2026-08-18T22:20:00+00:00,1.001,1.0011,1,1,176759.391005
2026-08-18T22:25:00+00:00,0.9999,1.0005,0.9994,1.0003,338675.274665
2026-08-18T22:30:00+00:00,1.0003,1.0008,0.9999,1.0008,103462.420027
2026-08-18T22:35:00+00:00,1.0008,1.0016,1.0002,1.0012,301364.451534
2026-08-18T22:40:00+00:00,1.0011,1.0011,1.0001,1.0003,44997.657339
2026-08-18T22:45:00+00:00,1.0002,1.0002,0.9991,0.9995,171540.921451
2026-08-18T22:50:00+00:00,0.9995,0.9996,0.9986,0.9987,222900.002375
2026-08-18T22:55:00+00:00,0.9987,1.0006,0.9984,0.9999,443412.612266
2026-08-18T23:00:00+00:00,0.9999,1.002,0.9998,1.0017,295141.496258
2026-08-18T23:05:00+00:00,1.0018,1.0025,1.0006,1.0011,826540.069918
2026-08-18T23:10:00+00:00,1.0012,1.0024,1.0012,1.0019,248647.536993
2026-08-18T23:15:00+00:00,1.002,1.0021,1.0016,1.002,60669.900274
2026-08-18T23:20:00+00:00,1.002,1.0026,1.0017,1.0023,289573.030386
2026-08-18T23:25:00+00:00,1.0023,1.0028,1.0015,1.0017,230127.487291
2026-08-18T23:30:00+00:00,1.0017,1.0024,1.0016,1.0023,60692.761486
2026-08-18T23:35:00+00:00,1.0023,1.0027,1.0018,1.0021,93951.620514
2026-08-18T23:40:00+00:00,1.0021,1.0022,1.0016,1.002,79550.74415
2026-08-18T23:45:00+00:00,1.0019,1.0021,1.0014,1.0016,35491.056005
2026-08-18T23:45:00+00:00,1.0019,1.0021,1.0014,1.0016,35491.056005
2026-08-18T23:50:00+00:00,1.0017,1.0017,1.0012,1.0012,133289.929553
2026-08-18T23:55:00+00:00,1.0012,1.0013,1.0009,1.0013,122101.456706
2026-08-19T00:00:00+00:00,1.0013,1.0015,0.999,0.9991,471002.991562
2026-08-19T00:05:00+00:00,0.9992,1.0003,0.999,0.9997,249428.073211
2026-08-19T00:10:00+00:00,0.9996,0.9996,0.9979,0.9979,104664.521565
2026-08-19T00:15:00+00:00,0.9978,0.9978,0.9967,0.9976,1015184.855127
2026-08-19T00:20:00+00:00,0.9975,0.9988,0.9971,0.9971,191535.350474
2026-08-19T00:25:00+00:00,0.9971,0.9972,0.9963,0.9969,90920.346716
2026-08-19T00:30:00+00:00,0.9966,0.9974,0.9966,0.9969,76913.56212
2026-08-19T00:35:00+00:00,0.997,0.9977,0.9967,0.9976,93992.967796
2026-08-19T00:40:00+00:00,0.9975,0.9975,0.9966,0.997,94190.236382
2026-08-19T00:45:00+00:00,0.9971,0.9977,0.9967,0.9974,56651.433888
2026-08-19T00:50:00+00:00,0.9973,0.9977,0.9967,0.9975,99870.867127
2026-08-19T00:55:00+00:00,0.9974,0.9974,0.9957,0.9957,75274.764202
2026-08-19T01:00:00+00:00,0.9958,0.9963,0.9953,0.9963,184716.557976
2026-08-19T01:05:00+00:00,0.9963,0.9986,0.9961,0.9986,172887.677349
2026-08-19T01:10:00+00:00,0.9985,0.9996,0.998,0.9985,453948.636519
2026-08-19T01:15:00+00:00,0.9984,0.9984,0.997,0.998,272607.211931
2026-08-19T01:20:00+00:00,0.9981,0.9984,0.9974,0.9975,155877.562255
2026-08-19T01:25:00+00:00,0.9974,0.9985,0.9969,0.9978,269333.722813
2026-08-19T01:30:00+00:00,0.9979,0.9979,0.9973,0.9978,111674.590427
2026-08-19T01:35:00+00:00,0.9977,0.9982,0.9976,0.998,145247.556872
2026-08-19T01:40:00+00:00,0.9981,0.9982,0.9974,0.9978,64476.4121
2026-08-19T01:45:00+00:00,0.9979,0.9979,0.9974,0.9977,76072.459082
2026-08-19T01:50:00+00:00,0.9978,0.9986,0.9978,0.9983,66277.645166
2026-08-19T01:55:00+00:00,0.9983,0.9988,0.9979,0.9981,78388.447651
2026-08-19T02:00:00+00:00,0.9981,0.9982,0.9978,0.9979,51137.578528
2026-08-19T02:05:00+00:00,0.9979,0.9981,0.9974,0.9975,43986.929039
2026-08-19T02:10:00+00:00,0.9974,0.9984,0.9974,0.9979,79695.571163
2026-08-19T02:15:00+00:00,0.9979,0.9981,0.997,0.9971,82818.44945
2026-08-19T02:20:00+00:00,0.9972,0.9981,0.9969,0.9978,77085.964353
2026-08-19T02:25:00+00:00,0.9978,0.9984,0.9977,0.9983,72878.379963
2026-08-19T02:30:00+00:00,0.9982,0.9984,0.9975,0.9976,129249.908346
2026-08-19T02:35:00+00:00,0.9977,0.9983,0.9976,0.9982,44115.983562
2026-08-19T02:40:00+00:00,0.9982,0.9983,0.9976,0.9979,52887.545863
2026-08-19T02:45:00+00:00,0.9978,0.9984,0.9976,0.9977,38723.414156
2026-08-19T02:50:00+00:00,0.9978,0.998,0.9971,0.9972,85696.631571
2026-08-19T02:55:00+00:00,0.9972,0.9982,0.9972,0.9978,43490.914882
2026-08-19T03:00:00+00:00,0.9977,0.9981,0.9973,0.9974,57879.172914
2026-08-19T03:05:00+00:00,0.9973,0.9975,0.9969,0.9973,239894.346967
2026-08-19T03:10:00+00:00,0.9972,0.9993,0.9971,0.9992,147921.087783
2026-08-19T03:15:00+00:00,0.9992,1.0005,0.999,1.0001,121184.373645
2026-08-19T03:20:00+00:00,1.0002,1.0005,0.9993,0.9998,243799.372139
2026-08-19T03:25:00+00:00,0.9999,1.0002,0.9995,0.9997,108456.993614
2026-08-19T03:30:00+00:00,0.9998,1.0001,0.9997,0.9999,41257.137154
2026-08-19T03:35:00+00:00,1,1.0001,0.9996,0.9996,35605.282474
2026-08-19T03:40:00+00:00,0.9996,1.0003,0.9996,1,25289.74108
2026-08-19T03:45:00+00:00,1,1.0005,0.9997,1.0005,68997.725611
2026-08-19T03:50:00+00:00,1.0004,1.0007,0.9996,0.9996,94724.071301
2026-08-19T03:55:00+00:00,0.9997,0.9998,0.9988,0.9993,115418.839213
2026-08-19T04:00:00+00:00,0.9994,0.9999,0.9989,0.999,64893.318457
2026-08-19T04:05:00+00:00,0.9992,0.9995,0.9989,0.9991,27132.363629
2026-08-19T04:10:00+00:00,0.9992,0.9994,0.999,0.9991,36436.72734
2026-08-19T04:15:00+00:00,0.9992,0.9996,0.9989,0.9996,32634.309038
2026-08-19T04:20:00+00:00,0.9996,1,0.9994,0.9999,23033.436298
2026-08-19T04:25:00+00:00,1,1.0001,0.9996,0.9998,60441.080586
2026-08-19T04:30:00+00:00,0.9997,1.0002,0.9992,1.0002,55846.409225
2026-08-19T04:35:00+00:00,1.0001,1.0002,0.9994,0.9996,17852.417544
2026-08-19T04:40:00+00:00,0.9996,1.0002,0.9994,0.9997,55287.704771
2026-08-19T04:45:00+00:00,0.9998,1,0.9992,0.9993,49894.399229
2026-08-19T04:50:00+00:00,0.9993,0.9995,0.9987,0.9993,81560.667057
2026-08-19T04:55:00+00:00,0.9993,0.9996,0.9988,0.9992,109213.051329
2026-08-19T05:00:00+00:00,0.9991,1,0.999,1,52220.060518
2026-08-19T05:05:00+00:00,1,1.0004,0.9992,1.0002,78737.277341
2026-08-19T05:10:00+00:00,1.0002,1.001,1.0001,1.0002,255105.304515
2026-08-19T05:15:00+00:00,1.0002,1.0004,0.9996,0.9996,89319.259533
2026-08-19T05:20:00+00:00,0.9996,0.9997,0.9986,0.9995,295086.347861
2026-08-19T05:25:00+00:00,0.9996,1.0004,0.9994,1.0003,39361.294142
2026-08-19T05:30:00+00:00,1.0001,1.0005,0.9999,1.0004,77574.104307
2026-08-19T05:35:00+00:00,1.0004,1.0004,1,1.0002,25773.98345
2026-08-19T05:40:00+00:00,1.0003,1.0003,0.9996,0.9999,54647.075306
2026-08-19T05:45:00+00:00,0.9999,1.0001,0.9996,0.9998,12065.772857
2026-08-19T05:50:00+00:00,0.9997,0.9999,0.9994,0.9995,22723.973618
2026-08-19T05:55:00+00:00,0.9995,0.9997,0.9991,0.9993,37035.925974
2026-08-19T06:00:00+00:00,0.9993,0.9995,0.9985,0.9986,143546.68973
2026-08-19T06:05:00+00:00,0.9986,0.9992,0.9983,0.9985,127804.038354
2026-08-19T06:10:00+00:00,0.9985,0.9988,0.9984,0.9986,49093.385245
2026-08-19T06:15:00+00:00,0.9986,1.0012,0.9986,1.001,181876.236134
2026-08-19T06:20:00+00:00,1.001,1.0025,1.0007,1.002,483925.945611
2026-08-19T06:25:00+00:00,1.0019,1.0021,1.0012,1.0013,79860.766841
2026-08-19T06:30:00+00:00,1.0013,1.0014,1.0002,1.0011,218430.561418
2026-08-19T06:35:00+00:00,1.0011,1.0025,1.001,1.0025,187127.606192
2026-08-19T06:40:00+00:00,1.0025,1.0028,1.0021,1.0028,73568.395248
2026-08-19T06:45:00+00:00,1.0028,1.0045,1.0028,1.0028,583128.524098
2026-08-19T06:50:00+00:00,1.0029,1.0032,1.0023,1.003,112080.867092
2026-08-19T06:55:00+00:00,1.0031,1.0035,1.003,1.0035,89674.102781
2026-08-19T07:00:00+00:00,1.0036,1.0036,1.0023,1.0023,66451.81628
2026-08-19T07:05:00+00:00,1.0022,1.0029,1.0022,1.0027,82269.518535
2026-08-19T07:10:00+00:00,1.0028,1.004,1.0027,1.004,82763.487651
2026-08-19T07:15:00+00:00,1.0041,1.0041,1.0033,1.0035,68962.664931
2026-08-19T07:20:00+00:00,1.0036,1.0043,1.0036,1.0041,89875.363889
2026-08-19T07:25:00+00:00,1.0042,1.0044,1.0039,1.004,25328.183671
2026-08-19T07:30:00+00:00,1.004,1.0052,1.0038,1.0051,290882.365246
2026-08-19T07:35:00+00:00,1.0051,1.0054,1.0049,1.0051,58626.869944
2026-08-19T07:40:00+00:00,1.0051,1.0053,1.0043,1.0043,48818.904446
2026-08-19T07:45:00+00:00,1.0043,1.0043,1.0038,1.0042,50299.032901
2026-08-19T07:50:00+00:00,1.0041,1.0041,1.0031,1.0032,25880.506788
2026-08-19T07:55:00+00:00,1.0031,1.0031,1.0024,1.0026,56001.71222
2026-08-19T08:00:00+00:00,1.0026,1.0028,1.0023,1.0025,25297.068318
2026-08-19T08:05:00+00:00,1.0026,1.0038,1.0026,1.0035,132944.932878
2026-08-19T08:10:00+00:00,1.0035,1.0037,1.0031,1.0032,41634.373459
2026-08-19T08:15:00+00:00,1.0032,1.0039,1.003,1.0037,33913.531237
2026-08-19T08:20:00+00:00,1.0036,1.0039,1.003,1.0031,63944.439876
2026-08-19T08:25:00+00:00,1.0031,1.0044,1.0031,1.0042,113287.891799
2026-08-19T08:30:00+00:00,1.0041,1.0055,1.0041,1.0052,121955.900003
2026-08-19T08:35:00+00:00,1.0053,1.0087,1.0048,1.0066,386893.027822
2026-08-19T08:40:00+00:00,1.0066,1.0072,1.0062,1.0067,185457.381716
2026-08-19T08:45:00+00:00,1.0069,1.0075,1.0068,1.007,166982.436539
2026-08-19T08:50:00+00:00,1.007,1.0076,1.0068,1.007,194864.626069
2026-08-19T08:55:00+00:00,1.007,1.007,1.0056,1.0056,288879.269325
2026-08-19T09:00:00+00:00,1.0056,1.0074,1.0056,1.0071,162935.332845
2026-08-19T09:05:00+00:00,1.0071,1.0071,1.0055,1.0057,53936.817447
2026-08-19T09:10:00+00:00,1.0058,1.006,1.0052,1.0052,38088.563952
2026-08-19T09:15:00+00:00,1.0053,1.006,1.0052,1.006,39960.748905
2026-08-19T09:20:00+00:00,1.0059,1.0061,1.0056,1.0057,33795.239019
2026-08-19T09:25:00+00:00,1.0057,1.0058,1.005,1.0051,52780.473779
2026-08-19T09:30:00+00:00,1.0051,1.0051,1.0045,1.0046,58698.656317
2026-08-19T09:35:00+00:00,1.0046,1.0047,1.0034,1.0036,41577.943808
2026-08-19T09:40:00+00:00,1.0036,1.0036,1.0028,1.0029,24007.462573
2026-08-19T09:45:00+00:00,1.0028,1.0034,1.0028,1.003,71757.515293
2026-08-19T09:50:00+00:00,1.0029,1.0035,1.0028,1.0035,10582.687286
2026-08-19T09:55:00+00:00,1.0035,1.0035,1.0031,1.0034,122479.707115
2026-08-19T10:00:00+00:00,1.0034,1.0035,1.0028,1.0029,157430.977596
2026-08-19T10:05:00+00:00,1.0029,1.0033,1.0025,1.0028,26624.773175
2026-08-19T10:10:00+00:00,1.0027,1.0031,1.0026,1.0027,65997.777683
2026-08-19T10:15:00+00:00,1.0028,1.0031,1.0026,1.003,10369.440574
2026-08-19T10:20:00+00:00,1.0029,1.0031,1.0026,1.0026,83936.153129
2026-08-19T10:25:00+00:00,1.0026,1.003,1.0025,1.0029,31792.262924
2026-08-19T10:30:00+00:00,1.0029,1.0034,1.0026,1.0034,49603.388178
2026-08-19T10:35:00+00:00,1.0033,1.0037,1.0033,1.0036,55051.179174
2026-08-19T10:40:00+00:00,1.0036,1.0041,1.0033,1.0041,76623.404643
2026-08-19T10:45:00+00:00,1.004,1.0045,1.004,1.0043,17209.625747
2026-08-19T10:50:00+00:00,1.0043,1.0046,1.0041,1.0043,26732.214687
2026-08-19T10:55:00+00:00,1.0044,1.0048,1.0044,1.0044,112785.92245
2026-08-19T11:00:00+00:00,1.0045,1.005,1.0041,1.005,103029.12361
2026-08-19T11:05:00+00:00,1.0054,1.0059,1.005,1.0055,139523.405747
2026-08-19T11:10:00+00:00,1.0054,1.0059,1.0053,1.0056,69679.753498
2026-08-19T11:15:00+00:00,1.0056,1.0058,1.0049,1.0053,55811.548097
2026-08-19T11:20:00+00:00,1.0052,1.0054,1.005,1.0051,53364.87467
2026-08-19T11:25:00+00:00,1.0051,1.0051,1.0047,1.0048,61690.186934
2026-08-19T11:30:00+00:00,1.0049,1.0053,1.0044,1.0044,321694.782997
2026-08-19T11:35:00+00:00,1.0045,1.0046,1.0041,1.0043,53130.416979
2026-08-19T11:40:00+00:00,1.0043,1.0043,1.0036,1.0037,56391.393228
2026-08-19T11:45:00+00:00,1.0037,1.0042,1.0037,1.0042,83694.785619
2026-08-19T11:50:00+00:00,1.0042,1.0049,1.0041,1.0048,69736.772722
2026-08-19T11:55:00+00:00,1.0047,1.0051,1.0046,1.005,40849.83297
2026-08-19T12:00:00+00:00,1.0051,1.0053,1.0049,1.005,42000.631142
2026-08-19T12:05:00+00:00,1.0049,1.0055,1.0048,1.0048,28922.779639
2026-08-19T12:10:00+00:00,1.0048,1.0054,1.0048,1.0054,46690.983828
2026-08-19T12:15:00+00:00,1.0054,1.006,1.0051,1.006,85954.701182
2026-08-19T12:20:00+00:00,1.006,1.0061,1.0049,1.0054,196236.06663
2026-08-19T12:25:00+00:00,1.0054,1.0058,1.0054,1.0056,48646.232876
2026-08-19T12:30:00+00:00,1.0056,1.007,1.0048,1.0068,78410.006938
2026-08-19T12:35:00+00:00,1.0067,1.0076,1.006,1.0067,184868.495606
2026-08-19T12:40:00+00:00,1.0067,1.0098,1.0066,1.0095,337904.206288
2026-08-19T12:45:00+00:00,1.0095,1.0116,1.0092,1.0111,379831.168983
2026-08-19T12:50:00+00:00,1.011,1.0112,1.0088,1.0091,252124.552736
2026-08-19T12:55:00+00:00,1.0091,1.0105,1.0089,1.0103,75356.651456
2026-08-19T13:00:00+00:00,1.0104,1.0105,1.0093,1.0101,166675.091886
2026-08-19T13:05:00+00:00,1.0101,1.0123,1.0096,1.012,317697.219523
2026-08-19T13:10:00+00:00,1.012,1.0149,1.0114,1.0128,364551.236499
2026-08-19T13:15:00+00:00,1.0128,1.0161,1.0128,1.0157,479970.775223
2026-08-19T13:20:00+00:00,1.0158,1.0177,1.0158,1.0173,383498.97415
2026-08-19T13:25:00+00:00,1.0173,1.0231,1.0169,1.0222,1196593.825094
2026-08-19T13:30:00+00:00,1.0223,1.0225,1.0183,1.0192,681767.759545
2026-08-19T13:35:00+00:00,1.0191,1.0201,1.0167,1.0174,518078.152274
2026-08-19T13:40:00+00:00,1.0173,1.0189,1.0154,1.0171,317930.005738
2026-08-19T13:45:00+00:00,1.0171,1.0175,1.0153,1.0159,728352.026436
2026-08-19T13:50:00+00:00,1.0159,1.0165,1.0145,1.015,219125.637788
2026-08-19T13:55:00+00:00,1.0151,1.017,1.0149,1.0162,212187.668612
2026-08-19T14:00:00+00:00,1.0162,1.0166,1.0145,1.0156,156026.698028
2026-08-19T14:05:00+00:00,1.0155,1.0178,1.0155,1.0175,226742.222881
2026-08-19T14:10:00+00:00,1.0176,1.0186,1.0173,1.0178,297337.557717
2026-08-19T14:15:00+00:00,1.0177,1.0186,1.0168,1.0175,250349.421119
2026-08-19T14:20:00+00:00,1.0175,1.018,1.0165,1.0174,106597.921407
2026-08-19T14:25:00+00:00,1.0173,1.0192,1.0163,1.0182,271991.425571
2026-08-19T14:30:00+00:00,1.0182,1.0189,1.017,1.0186,342477.065245
2026-08-19T14:35:00+00:00,1.0189,1.0222,1.0188,1.0219,978747.256231
2026-08-19T14:40:00+00:00,1.022,1.0228,1.021,1.0217,374759.00737
2026-08-19T14:45:00+00:00,1.0218,1.0223,1.0212,1.0222,273796.237064
2026-08-19T14:50:00+00:00,1.0223,1.0291,1.0223,1.029,1029781.740745
2026-08-19T14:55:00+00:00,1.0288,1.0342,1.0284,1.0324,2658862.457571
2026-08-19T15:00:00+00:00,1.0326,1.0357,1.0302,1.0357,1152558.729182
2026-08-19T15:05:00+00:00,1.0355,1.0431,1.0353,1.0421,2091335.620332
2026-08-19T15:10:00+00:00,1.042,1.045,1.0406,1.0421,1650476.613591
2026-08-19T15:15:00+00:00,1.0419,1.0438,1.0385,1.0397,895021.222077
2026-08-19T15:20:00+00:00,1.0397,1.0477,1.0397,1.0473,1030245.645718
2026-08-19T15:25:00+00:00,1.0473,1.0677,1.0457,1.0625,4798183.656223
2026-08-19T15:30:00+00:00,1.0628,1.0642,1.0559,1.0641,2032666.563236
2026-08-19T15:35:00+00:00,1.0641,1.0723,1.0628,1.0701,2535299.296535
2026-08-19T15:40:00+00:00,1.0702,1.0737,1.0672,1.0694,1784502.75854
2026-08-19T15:45:00+00:00,1.0694,1.0715,1.0624,1.071,3472383.937197
2026-08-19T15:50:00+00:00,1.071,1.0744,1.0673,1.0673,1474717.799984
2026-08-19T15:55:00+00:00,1.0673,1.0736,1.0667,1.0673,2154946.936137
2026-08-19T16:00:00+00:00,1.0675,1.0692,1.064,1.0663,2210213.289952
2026-08-19T16:05:00+00:00,1.0661,1.0687,1.0639,1.0649,975477.254376
2026-08-19T16:10:00+00:00,1.0649,1.0694,1.0643,1.0677,1475510.608566
2026-08-19T16:15:00+00:00,1.0677,1.0692,1.0661,1.0663,839639.079616
2026-08-19T16:20:00+00:00,1.0663,1.0684,1.0651,1.0672,1104956.532021
2026-08-19T16:25:00+00:00,1.0671,1.0695,1.067,1.0687,582859.608105
2026-08-19T16:30:00+00:00,1.0687,1.0696,1.0663,1.069,634919.164739
2026-08-19T16:35:00+00:00,1.0689,1.0707,1.0673,1.0675,682825.875184
2026-08-19T16:40:00+00:00,1.0674,1.0698,1.0663,1.067,1094304.12165
2026-08-19T16:45:00+00:00,1.0672,1.0679,1.0646,1.0647,364713.597553
2026-08-19T16:50:00+00:00,1.0648,1.066,1.0643,1.0649,604413.314225
2026-08-19T16:55:00+00:00,1.0648,1.0657,1.0632,1.0638,933804.469915
2026-08-19T17:00:00+00:00,1.0637,1.0643,1.0589,1.0604,1089601.484641
2026-08-19T17:05:00+00:00,1.0605,1.0607,1.0572,1.0589,655346.299258
2026-08-19T17:10:00+00:00,1.0589,1.0611,1.0587,1.0591,413324.430506
2026-08-19T17:15:00+00:00,1.0591,1.0595,1.0525,1.0525,652595.123413
2026-08-19T17:20:00+00:00,1.0525,1.0546,1.0525,1.0533,439861.582214
2026-08-19T17:25:00+00:00,1.0533,1.0546,1.052,1.0539,517816.229894
2026-08-19T17:30:00+00:00,1.0546,1.0548,1.0516,1.0535,532784.459403
2026-08-19T17:35:00+00:00,1.0535,1.0584,1.0534,1.0583,558214.018117
2026-08-19T17:40:00+00:00,1.0582,1.0598,1.0573,1.0597,296592.804158
2026-08-19T17:45:00+00:00,1.0598,1.0616,1.0593,1.0605,398455.781552
2026-08-19T17:50:00+00:00,1.0605,1.0617,1.0602,1.0612,210854.267221
2026-08-19T17:55:00+00:00,1.0613,1.0631,1.0611,1.0614,683104.326945
2026-08-19T18:00:00+00:00,1.0616,1.0625,1.0588,1.0589,357253.449983
2026-08-19T18:05:00+00:00,1.0589,1.0591,1.056,1.0563,495242.72088
2026-08-19T18:10:00+00:00,1.0563,1.0588,1.0554,1.0584,290095.774368
2026-08-19T18:15:00+00:00,1.0584,1.0617,1.0583,1.0617,522459.78005
2026-08-19T18:20:00+00:00,1.0617,1.0622,1.0596,1.0601,252958.96049
2026-08-19T18:25:00+00:00,1.06,1.0628,1.06,1.0621,382496.270824
2026-08-19T18:30:00+00:00,1.062,1.0643,1.0615,1.0642,385601.977589
2026-08-19T18:35:00+00:00,1.0643,1.0655,1.0628,1.0645,440870.228203
2026-08-19T18:40:00+00:00,1.0645,1.0683,1.0645,1.0667,486418.609823
2026-08-19T18:45:00+00:00,1.0667,1.0686,1.0666,1.0683,335348.19542
2026-08-19T18:50:00+00:00,1.0684,1.0693,1.0673,1.069,308340.694917
2026-08-19T18:55:00+00:00,1.0691,1.0697,1.0685,1.0689,337597.897824
2026-08-19T19:00:00+00:00,1.0689,1.069,1.0667,1.067,457527.063918
2026-08-19T19:05:00+00:00,1.067,1.0704,1.0667,1.0686,382906.803048
2026-08-19T19:10:00+00:00,1.0685,1.0705,1.0648,1.0659,1477131.278846
2026-08-19T19:15:00+00:00,1.0659,1.0704,1.0659,1.0693,1010871.431364
2026-08-19T19:20:00+00:00,1.0693,1.0711,1.0685,1.0701,1318217.668782
2026-08-19T19:25:00+00:00,1.0701,1.0701,1.0657,1.0666,506679.770147
2026-08-19T19:30:00+00:00,1.0664,1.069,1.0651,1.0677,751623.685261
2026-08-19T19:35:00+00:00,1.0677,1.0683,1.0657,1.0665,579779.272413
2026-08-19T19:40:00+00:00,1.0664,1.0667,1.064,1.0643,518380.487054
2026-08-19T19:45:00+00:00,1.0642,1.0668,1.0639,1.0665,356965.194052
2026-08-19T19:50:00+00:00,1.0665,1.0671,1.0661,1.0663,270223.275794
2026-08-19T19:55:00+00:00,1.0664,1.0686,1.0654,1.0671,1672392.889839
2026-08-19T20:00:00+00:00,1.0672,1.0696,1.067,1.0693,552535.443762
2026-08-19T20:05:00+00:00,1.0694,1.0701,1.0683,1.0691,549941.046522
2026-08-19T20:10:00+00:00,1.0691,1.0744,1.0681,1.0736,954425.563537
2026-08-19T20:15:00+00:00,1.0738,1.076,1.0723,1.075,1509157.486157
2026-08-19T20:20:00+00:00,1.075,1.0785,1.0747,1.0753,1245326.593835
2026-08-19T20:25:00+00:00,1.0753,1.0814,1.0753,1.081,946023.646408
2026-08-19T20:30:00+00:00,1.0809,1.0815,1.078,1.0813,952584.651957
2026-08-19T20:35:00+00:00,1.0814,1.0865,1.0806,1.0855,693468.469394
2026-08-19T20:40:00+00:00,1.0854,1.0865,1.0819,1.0827,405487.800445
2026-08-19T20:45:00+00:00,1.0827,1.0897,1.0822,1.0891,854936.494524
2026-08-19T20:50:00+00:00,1.0891,1.1035,1.0889,1.1035,4064108.642089
2026-08-19T20:55:00+00:00,1.1036,1.1038,1.0976,1.099,1236869.959153
2026-08-19T21:00:00+00:00,1.099,1.101,1.0957,1.1,3488902.425576
2026-08-19T21:05:00+00:00,1.0997,1.1097,1.0987,1.1094,3981427.73204
2026-08-19T21:10:00+00:00,1.1094,1.1105,1.1012,1.1067,2073050.729406
2026-08-19T21:15:00+00:00,1.1067,1.109,1.1045,1.1074,1027307.786986
2026-08-19T21:20:00+00:00,1.1071,1.1163,1.1071,1.1139,2178739.758091
2026-08-19T21:25:00+00:00,1.114,1.122,1.114,1.122,1659097.19797
2026-08-19T21:30:00+00:00,1.122,1.125,1.1185,1.1237,2262076.331014
2026-08-19T21:35:00+00:00,1.1236,1.124,1.1177,1.1188,1433632.936047
2026-08-19T21:40:00+00:00,1.1189,1.1233,1.116,1.1231,1047948.955745
2026-08-19T21:45:00+00:00,1.1233,1.13,1.1203,1.123,1998420.028018
2026-08-19T21:50:00+00:00,1.123,1.1247,1.1205,1.1229,844586.949306
2026-08-19T21:55:00+00:00,1.123,1.1329,1.1224,1.1323,2428090.453644
2026-08-19T22:00:00+00:00,1.1324,1.1347,1.1256,1.1307,2729350.11909
2026-08-19T22:05:00+00:00,1.1308,1.136,1.1271,1.1291,3323336.937988
2026-08-19T22:10:00+00:00,1.1289,1.1296,1.1228,1.1266,3884750.728562
2026-08-19T22:15:00+00:00,1.1266,1.1331,1.1224,1.1293,2065094.810745
2026-08-19T22:20:00+00:00,1.1292,1.1329,1.1255,1.1266,1934327.573761
2026-08-19T22:25:00+00:00,1.1266,1.1268,1.1191,1.1199,1318533.567238
2026-08-19T22:30:00+00:00,1.1199,1.1228,1.1095,1.1124,1622773.493103
2026-08-19T22:35:00+00:00,1.1124,1.1156,1.1069,1.1153,1374968.068671
2026-08-19T22:40:00+00:00,1.1153,1.1173,1.1107,1.1108,1135307.304684
2026-08-19T22:45:00+00:00,1.1107,1.1107,1.1037,1.1046,897787.361033
2026-08-19T22:50:00+00:00,1.1047,1.1058,1.0988,1.1006,1093397.226323
2026-08-19T22:55:00+00:00,1.1006,1.105,1.0993,1.1019,1517467.117847
2026-08-19T23:00:00+00:00,1.1018,1.1026,1.0941,1.0966,1124020.190795
2026-08-19T23:05:00+00:00,1.0967,1.099,1.0944,1.0977,947069.56893
2026-08-19T23:10:00+00:00,1.0976,1.101,1.0976,1.0993,884136.338311
2026-08-19T23:15:00+00:00,1.0993,1.102,1.0968,1.1008,753933.672758
2026-08-19T23:20:00+00:00,1.101,1.1015,1.0992,1.1008,414284.106381
2026-08-19T23:25:00+00:00,1.1009,1.105,1.1006,1.104,642891.7028
2026-08-19T23:30:00+00:00,1.104,1.1044,1.1014,1.1017,1073113.348574
2026-08-19T23:35:00+00:00,1.1017,1.1048,1.1012,1.1032,746161.725129
2026-08-19T23:40:00+00:00,1.1031,1.1057,1.1027,1.1036,662644.289447
2026-08-19T23:45:00+00:00,1.1035,1.1038,1.1001,1.1003,653906.234546
2026-08-19T23:45:00+00:00,1.1035,1.1038,1.1001,1.1003,653906.234546
2026-08-19T23:50:00+00:00,1.1003,1.1041,1.1003,1.1029,532406.36301
2026-08-19T23:55:00+00:00,1.1029,1.1055,1.1028,1.1054,203302.493561
2026-08-20T00:00:00+00:00,1.1054,1.1085,1.1038,1.1075,318646.741793
2026-08-20T00:05:00+00:00,1.1076,1.1086,1.1061,1.1078,566072.507983
2026-08-20T00:10:00+00:00,1.1077,1.1077,1.1039,1.1059,207421.306513
2026-08-20T00:15:00+00:00,1.106,1.1091,1.1053,1.1086,375815.092614
2026-08-20T00:20:00+00:00,1.1088,1.1089,1.1056,1.1068,278411.918347
2026-08-20T00:25:00+00:00,1.1068,1.1108,1.1058,1.1104,362634.944692
2026-08-20T00:30:00+00:00,1.1102,1.1127,1.1081,1.1111,432069.135144
2026-08-20T00:35:00+00:00,1.1112,1.1124,1.1092,1.1105,258186.956924
2026-08-20T00:40:00+00:00,1.1105,1.1105,1.107,1.1082,390262.334124
2026-08-20T00:45:00+00:00,1.1082,1.1128,1.1081,1.1114,384990.538101
2026-08-20T00:50:00+00:00,1.1116,1.112,1.1074,1.1088,470698.400016
2026-08-20T00:55:00+00:00,1.1089,1.1091,1.1052,1.1074,470432.445161
2026-08-20T01:00:00+00:00,1.1075,1.1118,1.106,1.1102,285294.569873
2026-08-20T01:05:00+00:00,1.1103,1.1109,1.1076,1.1087,249876.644512
2026-08-20T01:10:00+00:00,1.1087,1.1117,1.1072,1.1106,665656.163837
2026-08-20T01:15:00+00:00,1.1106,1.1128,1.11,1.1124,352698.032314
2026-08-20T01:20:00+00:00,1.1124,1.1143,1.1115,1.1134,205594.851944
2026-08-20T01:25:00+00:00,1.1133,1.114,1.109,1.1092,1347179.951053
2026-08-20T01:30:00+00:00,1.1089,1.1105,1.106,1.1101,456901.285834
2026-08-20T01:35:00+00:00,1.1101,1.1114,1.1091,1.1108,237227.330923
2026-08-20T01:40:00+00:00,1.111,1.112,1.1099,1.1114,269635.261707
2026-08-20T01:45:00+00:00,1.1115,1.1148,1.1115,1.1145,507745.036212
2026-08-20T01:50:00+00:00,1.1145,1.1158,1.1123,1.1131,542733.845279
2026-08-20T01:55:00+00:00,1.113,1.1133,1.1113,1.1113,211449.307893
2026-08-20T02:00:00+00:00,1.1114,1.1135,1.111,1.1131,350031.592281
2026-08-20T02:05:00+00:00,1.113,1.1135,1.1118,1.1121,230893.265907
2026-08-20T02:10:00+00:00,1.1121,1.1124,1.1102,1.1108,253163.855531
2026-08-20T02:15:00+00:00,1.1108,1.1112,1.1102,1.1105,242912.491627
2026-08-20T02:20:00+00:00,1.1105,1.1105,1.108,1.1082,283418.069867
2026-08-20T02:25:00+00:00,1.1082,1.1092,1.1078,1.1089,275069.912889
2026-08-20T02:30:00+00:00,1.1088,1.1093,1.1072,1.108,321401.585143
2026-08-20T02:35:00+00:00,1.1079,1.1079,1.1042,1.1044,379959.030708
2026-08-20T02:40:00+00:00,1.1043,1.105,1.1016,1.1017,258471.582376
2026-08-20T02:45:00+00:00,1.1017,1.102,1.0999,1.1017,468746.280451
2026-08-20T02:50:00+00:00,1.1017,1.1026,1.0992,1.0999,447298.223214
2026-08-20T02:55:00+00:00,1.0999,1.1,1.0984,1.0986,212824.406672
2026-08-20T03:00:00+00:00,1.0986,1.0997,1.0952,1.0953,561097.693725
2026-08-20T03:05:00+00:00,1.0953,1.096,1.0903,1.0912,2478073.595949
2026-08-20T03:10:00+00:00,1.0912,1.0915,1.0864,1.0891,1489482.313634
2026-08-20T03:15:00+00:00,1.0892,1.0932,1.0892,1.093,218380.335567
2026-08-20T03:20:00+00:00,1.0931,1.0951,1.0919,1.0928,396524.092995
2026-08-20T03:25:00+00:00,1.0929,1.0929,1.0891,1.09,237862.017336
2026-08-20T03:30:00+00:00,1.0899,1.0929,1.0899,1.0911,161320.43545
2026-08-20T03:35:00+00:00,1.0913,1.0929,1.0904,1.0924,132900.424828
2026-08-20T03:40:00+00:00,1.0923,1.0936,1.0921,1.0925,146238.452484
2026-08-20T03:45:00+00:00,1.0924,1.0952,1.0924,1.0944,203380.041418
2026-08-20T03:50:00+00:00,1.0945,1.0947,1.0931,1.0933,184952.189
2026-08-20T03:55:00+00:00,1.0931,1.0937,1.0927,1.0929,48566.583225
2026-08-20T04:00:00+00:00,1.093,1.0942,1.0923,1.094,114402.723407
2026-08-20T04:05:00+00:00,1.0939,1.0955,1.0934,1.0951,253426.711457
2026-08-20T04:10:00+00:00,1.0952,1.0954,1.094,1.0942,351912.112079
2026-08-20T04:15:00+00:00,1.094,1.0956,1.0938,1.095,152049.924598
2026-08-20T04:20:00+00:00,1.095,1.0956,1.0943,1.0953,70771.080058
2026-08-20T04:25:00+00:00,1.0953,1.0968,1.0953,1.0957,165642.068725
2026-08-20T04:30:00+00:00,1.0959,1.0959,1.0938,1.0944,97896.905792
2026-08-20T04:35:00+00:00,1.0944,1.0963,1.0944,1.0957,135544.980609
2026-08-20T04:40:00+00:00,1.0957,1.097,1.0954,1.0962,123130.540965
2026-08-20T04:45:00+00:00,1.0963,1.0969,1.0958,1.0964,129822.887884
2026-08-20T04:50:00+00:00,1.0964,1.1007,1.0962,1.0993,685745.126228
2026-08-20T04:55:00+00:00,1.0994,1.0996,1.0987,1.099,98924.988218
2026-08-20T05:00:00+00:00,1.0993,1.1009,1.0991,1.1001,108853.701538
2026-08-20T05:05:00+00:00,1.1003,1.1019,1.1003,1.1014,91427.385671
2026-08-20T05:10:00+00:00,1.1014,1.103,1.1008,1.103,92634.736393
2026-08-20T05:15:00+00:00,1.103,1.1055,1.103,1.1048,171703.973378
2026-08-20T05:20:00+00:00,1.1046,1.1077,1.1037,1.1077,480798.665171
2026-08-20T05:25:00+00:00,1.1077,1.1093,1.1051,1.1051,252843.521281
2026-08-20T05:30:00+00:00,1.105,1.1064,1.1047,1.1049,105582.103151
2026-08-20T05:35:00+00:00,1.1048,1.1056,1.1037,1.1037,70047.609129
2026-08-20T05:40:00+00:00,1.1038,1.106,1.1036,1.1051,109665.884982
2026-08-20T05:45:00+00:00,1.1051,1.1051,1.1034,1.104,460446.641046
2026-08-20T05:50:00+00:00,1.1039,1.1042,1.1025,1.1032,40403.185657
2026-08-20T05:55:00+00:00,1.1032,1.1039,1.1026,1.1037,34233.544615
2026-08-20T06:00:00+00:00,1.1036,1.1036,1.1015,1.102,90788.592439
2026-08-20T06:05:00+00:00,1.1021,1.1039,1.1007,1.1012,87751.17574
2026-08-20T06:10:00+00:00,1.1012,1.1031,1.1012,1.1028,409463.814007
2026-08-20T06:15:00+00:00,1.1027,1.1027,1.0997,1.1021,170471.998127
2026-08-20T06:20:00+00:00,1.1021,1.1072,1.1014,1.1071,157910.812691
2026-08-20T06:25:00+00:00,1.1072,1.1073,1.1042,1.1049,368933.142231
2026-08-20T06:30:00+00:00,1.1049,1.1059,1.1035,1.1038,105894.120399
2026-08-20T06:35:00+00:00,1.1038,1.1081,1.1033,1.1079,395355.92222
2026-08-20T06:40:00+00:00,1.108,1.1094,1.1078,1.1091,82051.727898
2026-08-20T06:45:00+00:00,1.1093,1.1107,1.1075,1.1087,172822.715525
2026-08-20T06:50:00+00:00,1.1089,1.109,1.1073,1.108,134682.496939
2026-08-20T06:55:00+00:00,1.1078,1.1113,1.1075,1.1105,486705.780864
2026-08-20T07:00:00+00:00,1.1104,1.1106,1.1091,1.1099,160354.461754
2026-08-20T07:05:00+00:00,1.1099,1.1113,1.1096,1.1109,140367.01118
2026-08-20T07:10:00+00:00,1.1109,1.111,1.1084,1.1089,167601.504151
2026-08-20T07:15:00+00:00,1.109,1.1091,1.1067,1.108,73231.545466
2026-08-20T07:20:00+00:00,1.1077,1.1101,1.1076,1.1088,135012.347979
2026-08-20T07:25:00+00:00,1.1089,1.1099,1.1089,1.1093,27806.245027
2026-08-20T07:30:00+00:00,1.1093,1.1106,1.1068,1.1103,73167.579031
2026-08-20T07:35:00+00:00,1.1104,1.1104,1.1088,1.1094,134926.378734
2026-08-20T07:40:00+00:00,1.1094,1.1121,1.1092,1.112,138281.111437
2026-08-20T07:45:00+00:00,1.112,1.1126,1.1102,1.1115,280980.66406
2026-08-20T07:50:00+00:00,1.1115,1.1115,1.1098,1.1114,94838.885118
2026-08-20T07:55:00+00:00,1.1115,1.1118,1.1107,1.1112,54229.600173
2026-08-20T08:00:00+00:00,1.1111,1.1123,1.1104,1.1117,37774.95786
2026-08-20T08:05:00+00:00,1.1116,1.1195,1.1115,1.1192,873891.389286
2026-08-20T08:10:00+00:00,1.1193,1.1284,1.1184,1.1276,662700.557166
2026-08-20T08:15:00+00:00,1.1277,1.1342,1.1248,1.1312,682896.230258
2026-08-20T08:20:00+00:00,1.1312,1.1313,1.127,1.1301,242712.161398
2026-08-20T08:25:00+00:00,1.1301,1.1425,1.1296,1.1398,1561883.388999
2026-08-20T08:30:00+00:00,1.14,1.1472,1.1393,1.1436,1567455.739485
2026-08-20T08:35:00+00:00,1.1438,1.1522,1.1398,1.1501,1127413.83313
2026-08-20T08:40:00+00:00,1.15,1.1514,1.1466,1.151,487721.999683
2026-08-20T08:45:00+00:00,1.1509,1.1523,1.1478,1.1511,649569.587339
2026-08-20T08:50:00+00:00,1.151,1.1549,1.1474,1.1545,1143063.959528
2026-08-20T08:55:00+00:00,1.1548,1.1549,1.151,1.1523,546686.550059
2026-08-20T09:00:00+00:00,1.1524,1.1575,1.1524,1.154,1784155.902427
2026-08-20T09:05:00+00:00,1.1539,1.1608,1.1536,1.1594,1271205.243828
2026-08-20T09:10:00+00:00,1.1593,1.1627,1.1583,1.1606,637809.966557
2026-08-20T09:15:00+00:00,1.1607,1.1614,1.1573,1.1575,743031.380474
2026-08-20T09:20:00+00:00,1.1573,1.1576,1.1515,1.1528,433549.323666
2026-08-20T09:25:00+00:00,1.1527,1.1574,1.1503,1.153,340373.224606
2026-08-20T09:30:00+00:00,1.1529,1.1566,1.1502,1.1511,360758.714693
2026-08-20T09:35:00+00:00,1.1512,1.1532,1.1503,1.1504,266535.765955
2026-08-20T09:40:00+00:00,1.1503,1.1518,1.1486,1.1502,578709.029258
2026-08-20T09:45:00+00:00,1.1498,1.1519,1.1493,1.1495,115280.830636
2026-08-20T09:50:00+00:00,1.1495,1.1499,1.1447,1.1483,480962.150769
2026-08-20T09:55:00+00:00,1.1481,1.1489,1.1459,1.1485,235637.925869
2026-08-20T10:00:00+00:00,1.1486,1.1494,1.1464,1.1477,319342.153257
2026-08-20T10:05:00+00:00,1.1478,1.1525,1.1466,1.1521,389936.244416
2026-08-20T10:10:00+00:00,1.152,1.1542,1.1511,1.1539,150651.680237
2026-08-20T10:15:00+00:00,1.154,1.166,1.154,1.1655,1437395.059617
2026-08-20T10:20:00+00:00,1.1653,1.1654,1.1564,1.1595,831935.731903
2026-08-20T10:25:00+00:00,1.1592,1.1605,1.1579,1.1604,214504.378443
2026-08-20T10:30:00+00:00,1.1606,1.1607,1.1561,1.1576,573829.008016
2026-08-20T10:35:00+00:00,1.1579,1.16,1.1567,1.1583,253617.77338
2026-08-20T10:40:00+00:00,1.1582,1.1606,1.1573,1.1587,616991.388271
2026-08-20T10:45:00+00:00,1.1583,1.1621,1.1581,1.1585,693046.159622
2026-08-20T10:50:00+00:00,1.1585,1.16,1.158,1.1583,334022.724686
2026-08-20T10:55:00+00:00,1.1583,1.16,1.1568,1.1597,218477.952581
2026-08-20T11:00:00+00:00,1.1596,1.1602,1.1571,1.1597,673687.832152
2026-08-20T11:05:00+00:00,1.1598,1.1606,1.158,1.1589,1081668.589023
2026-08-20T11:10:00+00:00,1.1589,1.159,1.1563,1.158,293553.025468
2026-08-20T11:15:00+00:00,1.1578,1.1614,1.1571,1.1607,496076.34206
2026-08-20T11:20:00+00:00,1.1607,1.1649,1.1601,1.1635,635170.482379
2026-08-20T11:25:00+00:00,1.1636,1.1688,1.1626,1.1672,1289641.751655
2026-08-20T11:30:00+00:00,1.1669,1.1799,1.1657,1.1796,1595644.381446
2026-08-20T11:35:00+00:00,1.179,1.1944,1.1783,1.1927,2204303.693445
2026-08-20T11:40:00+00:00,1.1928,1.1955,1.1868,1.1886,2490649.817031
2026-08-20T11:45:00+00:00,1.1887,1.1953,1.1876,1.1929,2353000.02626
2026-08-20T11:50:00+00:00,1.1927,1.1941,1.1884,1.1912,1236611.32078
2026-08-20T11:55:00+00:00,1.1911,1.1915,1.1818,1.1899,1651213.389955
2026-08-20T12:00:00+00:00,1.1901,1.1965,1.1858,1.1862,1415498.549407
2026-08-20T12:05:00+00:00,1.186,1.1897,1.1775,1.181,2008240.262631
2026-08-20T12:10:00+00:00,1.1808,1.184,1.1793,1.1799,620206.276933
2026-08-20T12:15:00+00:00,1.1798,1.1837,1.178,1.1818,1315789.22607
2026-08-20T12:20:00+00:00,1.1818,1.19,1.1815,1.1894,809211.470071
2026-08-20T12:25:00+00:00,1.1893,1.1907,1.1866,1.1898,893399.771784
2026-08-20T12:30:00+00:00,1.19,1.1965,1.184,1.1863,1622613.55046
2026-08-20T12:35:00+00:00,1.1862,1.1903,1.1835,1.1897,832873.564587
2026-08-20T12:40:00+00:00,1.1896,1.1938,1.1885,1.1888,746749.873854
2026-08-20T12:45:00+00:00,1.1887,1.1889,1.184,1.1844,1203533.569893
2026-08-20T12:50:00+00:00,1.1844,1.1922,1.1844,1.1918,990929.146668
2026-08-20T12:55:00+00:00,1.1918,1.1934,1.1897,1.1919,867413.868856
2026-08-20T13:00:00+00:00,1.192,1.1966,1.1887,1.1923,746519.715627
2026-08-20T13:05:00+00:00,1.1926,1.193,1.1891,1.1906,721853.357522
2026-08-20T13:10:00+00:00,1.1908,1.1934,1.1878,1.193,631734.972927
2026-08-20T13:15:00+00:00,1.1929,1.1962,1.1911,1.1957,716013.280993
2026-08-20T13:20:00+00:00,1.1956,1.2129,1.1956,1.2077,3647632.620655
2026-08-20T13:25:00+00:00,1.2077,1.2077,1.2014,1.2048,1493266.963516
2026-08-20T13:30:00+00:00,1.2052,1.2059,1.1924,1.1976,1704412.881051
2026-08-20T13:35:00+00:00,1.1978,1.202,1.1888,1.1951,1530595.821127
2026-08-20T13:40:00+00:00,1.1947,1.2075,1.192,1.2061,851567.242371
2026-08-20T13:45:00+00:00,1.2065,1.2104,1.2031,1.2082,1600745.195032
2026-08-20T13:50:00+00:00,1.2081,1.2185,1.2064,1.2123,2404082.32062
2026-08-20T13:55:00+00:00,1.2122,1.2225,1.2119,1.2199,1942554.827981
2026-08-20T14:00:00+00:00,1.2196,1.2235,1.2143,1.2223,2335235.897698
2026-08-20T14:05:00+00:00,1.2222,1.2263,1.2194,1.2224,2057806.316716
2026-08-20T14:10:00+00:00,1.2224,1.241,1.2218,1.2379,2582482.013489
2026-08-20T14:15:00+00:00,1.2379,1.2438,1.2323,1.2398,2995560.542047
2026-08-20T14:20:00+00:00,1.2398,1.2433,1.2376,1.2389,2278991.72469
2026-08-20T14:25:00+00:00,1.239,1.2418,1.2333,1.2359,2234515.616824
2026-08-20T14:30:00+00:00,1.2358,1.2457,1.2355,1.2402,2298151.961973
2026-08-20T14:35:00+00:00,1.2402,1.2424,1.2353,1.2399,1605867.147532
2026-08-20T14:40:00+00:00,1.2398,1.2406,1.233,1.2355,3374725.296828
2026-08-20T14:45:00+00:00,1.2355,1.2355,1.2193,1.2252,3893964.284602
2026-08-20T14:50:00+00:00,1.2253,1.2305,1.2242,1.2244,1828436.826813
2026-08-20T14:55:00+00:00,1.2245,1.2272,1.2208,1.2266,1760691.503863
2026-08-20T15:00:00+00:00,1.2267,1.2508,1.2252,1.2486,3056606.254422
2026-08-20T15:05:00+00:00,1.2485,1.26,1.2423,1.2474,3129440.408738
2026-08-20T15:10:00+00:00,1.247,1.2638,1.2459,1.2613,3262099.578001
2026-08-20T15:15:00+00:00,1.2613,1.2634,1.2482,1.2522,1596323.139772
2026-08-20T15:20:00+00:00,1.2522,1.2538,1.2375,1.2375,1411541.100034
2026-08-20T15:25:00+00:00,1.2377,1.2406,1.2339,1.2391,1347167.288566
2026-08-20T15:30:00+00:00,1.2392,1.245,1.2381,1.2428,1240123.425313
2026-08-20T15:35:00+00:00,1.2427,1.2494,1.239,1.246,1348933.322339
2026-08-20T15:40:00+00:00,1.246,1.2482,1.2408,1.2449,947712.358118
2026-08-20T15:45:00+00:00,1.2448,1.2529,1.2438,1.2517,1065603.819469
2026-08-20T15:50:00+00:00,1.2516,1.2575,1.2477,1.2575,2164332.497021
2026-08-20T15:55:00+00:00,1.2569,1.2623,1.2547,1.2608,1495519.576848
2026-08-20T16:00:00+00:00,1.2606,1.2656,1.2561,1.258,1386390.727103
2026-08-20T16:05:00+00:00,1.2581,1.2668,1.258,1.2645,1374152.706814
2026-08-20T16:10:00+00:00,1.2645,1.2647,1.2516,1.2526,1481728.383377
2026-08-20T16:15:00+00:00,1.2529,1.2635,1.2529,1.2624,1217327.503214
2026-08-20T16:20:00+00:00,1.2623,1.269,1.2588,1.2618,1661950.413769
2026-08-20T16:25:00+00:00,1.2618,1.2704,1.2613,1.2682,1494785.391749
2026-08-20T16:30:00+00:00,1.2681,1.2791,1.2631,1.275,2385145.197361
2026-08-20T16:35:00+00:00,1.2753,1.2796,1.2736,1.2788,2171245.359742
2026-08-20T16:40:00+00:00,1.2788,1.2922,1.2782,1.2888,3481171.751422
2026-08-20T16:45:00+00:00,1.2888,1.298,1.2873,1.2973,2631124.652515
2026-08-20T16:50:00+00:00,1.2972,1.3098,1.2936,1.3092,4209168.697268
2026-08-20T16:55:00+00:00,1.3085,1.3167,1.3025,1.3146,3506564.076635
2026-08-20T17:00:00+00:00,1.3145,1.3247,1.3098,1.3171,5316510.542779
2026-08-20T17:05:00+00:00,1.3175,1.3206,1.3085,1.3185,3461266.8625
2026-08-20T17:10:00+00:00,1.3185,1.3216,1.3096,1.3118,2958720.052378
2026-08-20T17:15:00+00:00,1.3121,1.3245,1.3044,1.323,3381335.857304
2026-08-20T17:20:00+00:00,1.3231,1.3232,1.3137,1.3191,2452227.572121
2026-08-20T17:25:00+00:00,1.3192,1.3222,1.3113,1.3195,1606610.218949
2026-08-20T17:30:00+00:00,1.3193,1.3367,1.3171,1.3263,4185477.252555
2026-08-20T17:35:00+00:00,1.3261,1.3403,1.3231,1.3385,3084530.554702
2026-08-20T17:40:00+00:00,1.3385,1.3439,1.3291,1.33,2746644.353462
2026-08-20T17:45:00+00:00,1.3302,1.3363,1.3287,1.3332,1917248.004799
2026-08-20T17:50:00+00:00,1.333,1.3348,1.3218,1.3257,1998888.13701
2026-08-20T17:55:00+00:00,1.3257,1.3258,1.3079,1.3095,2423427.36975
2026-08-20T18:00:00+00:00,1.31,1.3183,1.2858,1.2885,3092770.227597
2026-08-20T18:05:00+00:00,1.2885,1.2915,1.2707,1.2727,3914452.535439
2026-08-20T18:10:00+00:00,1.273,1.2767,1.2673,1.2697,3066714.185424
2026-08-20T18:15:00+00:00,1.2696,1.2745,1.2608,1.2612,3081215.711067
2026-08-20T18:20:00+00:00,1.2612,1.281,1.2612,1.2784,2433623.572443
2026-08-20T18:25:00+00:00,1.2785,1.2808,1.2629,1.2637,2109642.400466
2026-08-20T18:30:00+00:00,1.2635,1.2668,1.2481,1.249,3280818.257991
2026-08-20T18:35:00+00:00,1.2491,1.2547,1.2464,1.2478,2163699.265492
2026-08-20T18:40:00+00:00,1.248,1.2605,1.2475,1.2557,1609626.934787
2026-08-20T18:45:00+00:00,1.2559,1.2603,1.2473,1.2477,1087940.985763
2026-08-20T18:50:00+00:00,1.248,1.2496,1.2405,1.2416,1322559.012062
2026-08-20T18:55:00+00:00,1.2419,1.2425,1.228,1.2288,2894784.91184
2026-08-20T19:00:00+00:00,1.2287,1.2337,1.2245,1.2316,1765920.891238
2026-08-20T19:05:00+00:00,1.2315,1.2395,1.2271,1.2351,1668505.908308
2026-08-20T19:10:00+00:00,1.235,1.2355,1.2234,1.2248,1269283.411276
2026-08-20T19:15:00+00:00,1.2247,1.2326,1.2235,1.2306,2022209.880433
2026-08-20T19:20:00+00:00,1.2307,1.239,1.2306,1.2385,1771264.142788
2026-08-20T19:25:00+00:00,1.2383,1.2387,1.231,1.2312,1221000.563336
2026-08-20T19:30:00+00:00,1.2308,1.2347,1.2245,1.2287,1503898.337916
2026-08-20T19:35:00+00:00,1.2286,1.2341,1.2263,1.2337,2692691.983246
2026-08-20T19:40:00+00:00,1.2336,1.2394,1.2325,1.236,798647.866074
2026-08-20T19:45:00+00:00,1.2362,1.2381,1.2297,1.2309,1137492.73259
2026-08-20T19:50:00+00:00,1.2308,1.2312,1.225,1.2259,914643.434738
2026-08-20T19:55:00+00:00,1.2258,1.2334,1.22,1.2324,3077953.448049
2026-08-20T20:00:00+00:00,1.2324,1.2375,1.2301,1.2369,816407.143615
2026-08-20T20:05:00+00:00,1.2371,1.2386,1.23,1.2355,1418557.934335
2026-08-20T20:10:00+00:00,1.2356,1.2383,1.2334,1.234,1078962.366345
2026-08-20T20:15:00+00:00,1.234,1.238,1.2311,1.235,988313.66366
2026-08-20T20:20:00+00:00,1.235,1.2363,1.2318,1.2343,892763.742011
2026-08-20T20:25:00+00:00,1.2341,1.2394,1.2341,1.2359,908047.490499
2026-08-20T20:30:00+00:00,1.2359,1.2467,1.2353,1.2445,752446.967209
2026-08-20T20:35:00+00:00,1.2445,1.2466,1.2412,1.2423,675833.882941
2026-08-20T20:40:00+00:00,1.2422,1.2454,1.2377,1.2431,722663.056316
2026-08-20T20:45:00+00:00,1.2429,1.2473,1.2425,1.2463,842506.502299
2026-08-20T20:50:00+00:00,1.2462,1.2463,1.2405,1.2406,989149.332423
2026-08-20T20:55:00+00:00,1.2406,1.2437,1.2384,1.2434,1090692.721156
2026-08-20T21:00:00+00:00,1.2434,1.2504,1.2424,1.2495,1256506.492894
2026-08-20T21:05:00+00:00,1.2497,1.254,1.2478,1.2538,772770.119245
2026-08-20T21:10:00+00:00,1.2535,1.257,1.2524,1.2539,1047571.812538
2026-08-20T21:15:00+00:00,1.2539,1.2568,1.2516,1.2516,772593.976627
2026-08-20T21:20:00+00:00,1.2518,1.2558,1.2517,1.2544,283172.50221
2026-08-20T21:25:00+00:00,1.2542,1.2595,1.2541,1.2592,340532.923267
2026-08-20T21:30:00+00:00,1.2591,1.2649,1.2579,1.2636,496842.276388
2026-08-20T21:35:00+00:00,1.2638,1.2665,1.2604,1.2634,693750.846219
2026-08-20T21:40:00+00:00,1.2636,1.2719,1.2635,1.2643,1030960.246872
2026-08-20T21:45:00+00:00,1.2642,1.2712,1.2637,1.2688,505517.572859
2026-08-20T21:50:00+00:00,1.2688,1.269,1.2575,1.2579,886426.593337
2026-08-20T21:55:00+00:00,1.2576,1.2585,1.2536,1.2577,905614.761726
2026-08-20T22:00:00+00:00,1.2575,1.2624,1.2539,1.2545,1290745.577496
2026-08-20T22:05:00+00:00,1.255,1.259,1.2534,1.2554,890775.204641
2026-08-20T22:10:00+00:00,1.2556,1.259,1.255,1.2558,969045.433494
2026-08-20T22:15:00+00:00,1.2557,1.2581,1.2541,1.2566,1233436.178976
2026-08-20T22:20:00+00:00,1.2566,1.2637,1.2561,1.2634,1152493.221633
2026-08-20T22:25:00+00:00,1.2634,1.2656,1.2583,1.26,745395.325199
2026-08-20T22:30:00+00:00,1.26,1.2611,1.2536,1.2577,767395.069777
2026-08-20T22:35:00+00:00,1.2579,1.2599,1.2554,1.2597,490418.23844
2026-08-20T22:40:00+00:00,1.2596,1.2598,1.2564,1.2567,475968.989841
2026-08-20T22:45:00+00:00,1.2568,1.2612,1.2568,1.2582,226763.694797
2026-08-20T22:50:00+00:00,1.2583,1.2617,1.2579,1.2594,225326.283358
2026-08-20T22:55:00+00:00,1.2594,1.2594,1.256,1.256,268648.248244
2026-08-20T23:00:00+00:00,1.2559,1.2594,1.2545,1.2575,401825.552703
2026-08-20T23:05:00+00:00,1.2579,1.2634,1.2574,1.2612,809489.320948
2026-08-20T23:10:00+00:00,1.2612,1.2668,1.2612,1.2658,456086.432127
2026-08-20T23:15:00+00:00,1.2658,1.2672,1.2616,1.265,381213.267271
2026-08-20T23:20:00+00:00,1.2653,1.2704,1.2639,1.2683,555185.045027
2026-08-20T23:25:00+00:00,1.2684,1.275,1.2684,1.2732,718217.387953
2026-08-20T23:30:00+00:00,1.2732,1.274,1.2693,1.2693,582324.980817
2026-08-20T23:35:00+00:00,1.2692,1.2708,1.2663,1.2703,291697.278879
2026-08-20T23:40:00+00:00,1.2705,1.2708,1.2647,1.2673,324138.753629
2026-08-20T23:45:00+00:00,1.2674,1.271,1.2662,1.2703,407237.175472
