tree
version=v4
num_class=1
num_tree_per_iteration=1
label_index=0
max_feature_idx=20
objective=binary sigmoid:1
feature_names=Column_0 Column_1 Column_2 Column_3 Column_4 Column_5 Column_6 Column_7 Column_8 Column_9 Column_10 Column_11 Column_12 Column_13 Column_14 Column_15 Column_16 Column_17 Column_18 Column_19 Column_20
feature_infos=[0:1] [-0.5:0.5] [-2.2049247794068738:1.9216373679045105] [-0.5:0.5] [0.44556659518254094:3.1261851229710449] [-0.95458357902265645:0.92063304142476587] [-0.72133331454517102:1.0317266654782447] [-0.5:0.5] [-0.72436120522788283:0.81236279664397382] [-0.46092588343112967:0.81372165964413712] [-1:1] [-3.9717568602320927:3.881704319616559] [0:1] [0:1] [0:1] [-3.9281982294892792:3.6349382276924338] [-3.0436173681294449:3.2280830421829649] [-4.3026757280603105:3.5317765380009907] [-4.9583932441952809:4.036275612184145] [-3.4216373679045105:3.7049247794068738] [-2.8946562902486148:2.6697510890717115]
tree_sizes=1721 1766 1767 1767 1759 1765 1765 1760 1758 1658 1769 1761 1770 1760 1773 1761 1770 1762 1759 1781 1763 1772 1778 1768 1767 1770 1772 1758 1767 1758 1765 1766 1774 1765 1766 1773 1767 1765 1770 1765 1765 1778 1776 1771 1764 1772 1783 1770 1776 1761 1774 1769 1766 1767 1772 1766 1774 1771 1763 1763 1773 1758 1779 1761 1767 1769 1776 1771 1773 1772 1761 1766 1761 1768 1771 1773 1771 1772 1768 1782 1776 1764 1778 1760 1763 1773 1769 1766 1773 1774 1777 1769 1763 1767 1779 1774 1764 1764 1774 1771 1770 1768 1769 1777 1770 1760 1762 1781 1774 1775 1761 1781 1764 1769 1776 1776 1772 1784 1777 1765 1779 1778 1776 1775 1774 1763 1772 1772 1779 1771 1790 1774 1751 1768 1774 1759 1768 1781 1774 1780 1778 1776 1774 1769 1762 1762 1771 1768 1768 1770 1769 1764 1778 1771 1760 1772 1778 1772 1766 1767 1771 1760 1769 1762 1763 1777 1770 1782 1774 1769 1762 1772 1759 1766 1765 1762 1770 1772 1774 1773 1770 1776 1777 1773 1767 1768 1788 1779 1773 1776 1774 1763 1769 1768 1790 1773 1771 1767 1778 1779 1775 1764 1772 1780 1773 1772 1781 1772 1772 1761 1769 1767 1764 1768 1776 1779 1772 1763 1770 1770 1779 1766 1777 1772 1784 1769 1764 1762 1770 1780 1767 1771 1773 1771 1777 1777 1777 1762 1777 1764 1766 1772 1767 1788 1781 1769 1772 1764 1773 1768 1773 1772 1786 1773 1764 1777 1765 1780 1776 1762 1770 1769 1769 1768 1781 1775 1765 1777 1768 1770 1764 1767 1780 1780 1770 1767 1772 1773 1767 1768 1777 1764 1770 1777 1775 1777 1780 1772 1765 1767 1777 1778 1768 1761 1776 1770 1760 1769 1779 1780

Tree=0
num_leaves=15
num_cat=0
split_feature=13 16 17 1 14 9 16 10 13 6 17 17 17 3
split_gain=12.799 10.5655 7.32329 7.39164 7.18399 8.5684 7.00103 6.52697 5.86822 5.85382 4.87316 7.00953 4.29862 3.82994
threshold=0.62933094384704902 0.96265186860623742 -0.84006704406429666 0.25000000000000006 0.12765957446810397 0.2112887573048908 0.14130053599944045 -1.0000000180025095e-35 0.2631578947368452 0.054275762045749028 -0.011165441997255171 0.57836040754539797 -0.35837791494765781 0.17391304347826089
decision_type=2 2 2 2 2 2 2 2 2 2 2 2 2 2
left_child=1 2 7 4 6 10 -4 -1 13 -3 12 -12 -6 -5
right_child=-2 9 3 8 5 -7 -8 -9 -10 -11 11 -13 -14 -15
leaf_value=0.055161945152821433 0.065532839741388071 0.041992295949037875 0.061933648350987303 0.058479930463834318 0.04716429379730467 0.058790071225508764 0.048885392689235599 0.066782530407854132 0.064432226073539406 0.054283178008404556 0.037719831510493892 0.05166564444545637 0.057963166147190756 0.04851732599745702
leaf_weight=86.934013187885284 93.678893521428108 84.68571974337101 100.17396347224712 85.934771656990051 74.943114817142487 69.447286397218704 52.460180371999741 82.187615916132927 87.183823570609093 58.205819174647331 78.440460175275803 57.956008791923523 53.209611520171165 51.211128458380699
leaf_count=348 375 339 401 344 300 278 210 329 349 233 314 232 213 205
internal_value=0.055213 0.0542218 0.0554665 0.0541224 0.0520537 0.0496152 0.0573943 0.0609826 0.0585783 0.0468022 0.0471828 0.0433147 0.0515874 0.0546593
internal_weight=1116.65 1022.97 880.082 710.96 486.631 333.996 152.634 169.122 224.33 142.892 264.549 136.396 128.153 137.146
internal_count=4470 4095 3523 2846 1948 1337 611 677 898 572 1059 546 513 549
is_linear=0
shrinkage=1


Tree=1
num_leaves=15
num_cat=0
split_feature=13 8 6 18 6 8 0 11 14 14 6 14 3 3
split_gain=15.6432 11.6386 7.39923 7.62962 8.57457 7.75155 7.19169 5.05302 4.55729 6.05539 4.48432 4.15801 3.97108 3.66061
threshold=0.29629629629630089 0.16485981230234018 -0.32476117577417479 -0.1658393712691893 0.25533448728160713 0.094067488229801918 0.75595575723196717 0.29158733955728394 0.11111111111112483 0.40778533635679354 -1.0000000180025095e-35 0.22222222222223045 1.0000000180025095e-35 0.086956521739130446
decision_type=2 2 2 2 2 2 2 2 2 2 2 2 2 2
left_child=2 8 12 6 7 -6 13 11 -2 10 -10 -5 -1 -4
right_child=1 -3 3 4 5 -7 -8 -9 9 -11 -12 -13 -14 -15
leaf_value=-0.0036349582749311484 0.011615023115901067 -0.0047387327750247231 0.011776029535659486 0.0014978098651968065 -0.0037375598937423077 0.010680564474208416 -0.0051446663206222102 -0.01235008516886167 0.0056264566027456981 0.012825872256170403 -0.0038596512286165805 -0.0077101432177259406 -0.014392306854735562 0.0014128301041090518
leaf_weight=66.448437631130219 120.38380025327206 93.678949758410454 72.693677440285683 79.190573260188103 71.692083463072777 55.207194656133652 52.958529561758041 88.442167013883591 96.168601810932159 51.459092006087303 75.934519305825233 90.938810452818871 61.205272659659386 53.213402777910233
leaf_count=266 482 375 291 317 287 221 212 354 385 206 304 364 245 213
internal_value=3.95909e-05 0.00445005 -0.00276156 -0.00125097 -0.00361413 0.0027021 0.00380164 -0.00670641 0.00698479 0.00429196 0.00145024 -0.0035037 -0.00914078 0.00761738
internal_weight=1129.62 437.625 691.99 564.336 385.471 126.899 178.866 258.572 343.946 223.562 172.103 170.129 127.654 125.907
internal_count=4522 1752 2770 2259 1543 508 716 1035 1377 895 689 681 511 504
is_linear=0
shrinkage=0.03


Tree=2
num_leaves=15
num_cat=0
split_feature=14 15 17 8 11 0 14 20 20 7 17 14 0 19
split_gain=15.0014 17.0966 10.6195 8.80896 7.28891 6.88118 7.1342 4.41865 7.02714 4.60985 7.42246 5.21384 4.12593 3.71687
threshold=0.14285714285714665 -0.45546244713365452 0.41204113637476109 0.29413205771700124 0.1782901522592828 0.69189852700485377 0.22222222222217655 1.0000000180025095e-35 0.36716787982206678 1.0000000180025095e-35 -0.14750440617913599 0.39999999999996255 0.36700680272107 0.71862315122730036
decision_type=2 2 2 2 2 2 2 2 2 2 2 2 2 2
left_child=1 4 13 5 -1 6 -2 9 -9 10 -8 -11 -10 -3
right_child=3 2 -4 -5 -6 -7 7 8 12 11 -12 -13 -14 -15
leaf_value=-0.0087675456068751559 0.0065316962897714022 0.015661607762380972 3.3632755266049835e-05 -0.013142785292095831 0.0032600409023974897 -0.011735584819524351 -0.0094478530523540265 -0.0120083179057468 0.0027986675665877003 -0.0019730980787901905 0.0045456369308147599 0.0098359277109830567 -0.0072244371658978269 0.0053135508047528332
leaf_weight=91.920352399349213 92.673107609152794 126.11621923744678 83.924864992499352 64.711749359965324 81.431417971849442 52.964477851986885 74.938982129096985 83.438422843813896 88.181052654981613 60.952372565865517 55.461056083440781 66.44866518676281 56.46296264231205 50.21065391600132
leaf_count=368 371 505 336 259 326 212 300 334 353 244 222 266 226 201
internal_value=-0.000290486 0.00406258 0.00885893 -0.00301115 -0.00318463 -0.00187788 -0.000882626 -0.00234889 -0.00534253 0.000350895 -0.00354814 0.00432499 -0.00122459 0.0129427
internal_weight=1129.84 433.604 260.252 696.233 173.352 631.521 578.557 485.884 228.082 257.801 130.4 127.401 144.644 176.327
internal_count=4523 1736 1042 2787 694 2528 2316 1945 913 1032 522 510 579 706
is_linear=0
shrinkage=0.03


Tree=3
num_leaves=15
num_cat=0
split_feature=14 15 9 16 1 15 0 1 9 6 18 0 19 19
split_gain=24.665 19.4484 10.3057 9.38294 8.55837 11.4486 8.24204 8.08398 6.93816 5.87502 5.44579 4.6449 6.86572 5.04913
threshold=0.14285714285714665 -0.49816006751329939 -0.071896405791676207 0.85080207932238083 0.25000000000000006 -0.65096892887255875 0.66666666666667129 -1.0000000180025095e-35 0.2112887573048908 0.074309988850776568 -0.24364340892516076 0.48484848484850324 -0.32380245109366546 0.24819062851119864
decision_type=2 2 2 2 2 2 2 2 2 2 2 2 2 2
left_child=1 7 6 4 5 -2 -3 -1 11 10 -6 12 -7 -14
right_child=3 2 -4 -5 9 8 -8 -9 -10 -11 -12 -13 13 -15
leaf_value=-0.0090544386997316057 -0.015442910056457657 0.023960522007632244 0.0051716590520388597 -0.010563469621445009 0.014075045462878709 0.0012127209199046447 0.0074744962229949382 0.0040492017604232726 0.0072202463627318346 -0.004160888967605799 0.0014441244198592916 0.0034169492497560291 -0.015618792848796621 -0.0038198716034106455
leaf_weight=76.690551459789276 60.466733932495117 66.641500934958458 146.32321873307228 122.44376446306705 54.692145094275475 79.192783370614052 54.450771868228912 83.685267195105553 59.447211563587189 52.455687895417213 65.947256088256836 60.469852834939957 63.704513415694237 70.449879169464111
leaf_count=307 242 267 586 490 219 317 218 335 238 210 264 242 255 282
internal_value=0.000302234 0.00592195 0.0108053 -0.00320314 -0.00153472 -0.00396546 0.0171377 -0.00230117 -0.00168553 0.00395047 0.00750263 -0.00371384 -0.00576691 -0.00978259
internal_weight=1117.06 427.791 267.415 689.27 566.826 393.731 121.092 160.376 333.264 173.095 120.639 273.817 213.347 134.154
internal_count=4472 1713 1071 2759 2269 1576 485 642 1334 693 483 1096 854 537
is_linear=0
shrinkage=0.03


Tree=4
num_leaves=15
num_cat=0
split_feature=16 18 19 3 20 19 6 18 17 4 6 8 5 3
split_gain=17.3203 7.49215 7.31025 15.8108 6.89999 5.1355 5.1677 5.86231 7.25226 4.9822 4.50986 7.08586 4.1015 3.27806
threshold=0.97589556197606708 -1.6772073380912551 0.35050979791084153 0.1304347826086957 -0.016215023594470641 0.095257677244164965 0.057550434816297631 -0.35281208999489461 -0.027003726176888256 0.92943806498672654 0.14784457852328189 -0.087359220622140563 0.33492817278927933 -0.086956521739130418
decision_type=2 2 2 2 2 2 2 2 2 2 2 2 2 2
left_child=1 -1 5 13 -5 6 7 9 -9 -3 -8 -12 -2 -4
right_child=12 2 3 4 -6 -7 10 8 -10 -11 11 -13 -14 -15
leaf_value=0.011422809242558115 -0.0016342423172052737 0.0056696375185644318 0.007357378437402807 0.0040320704657725364 -0.010727873943499638 -0.0067172090358026378 -0.010011483311546334 0.01293827041290751 0.0007028371858155074 -0.0051947409456481082 -0.0069165545357871804 0.0061866889293277624 -0.012140275778839938 0.01685083575701847
leaf_weight=63.668011605739594 50.973103627562523 54.191366016864777 110.38606007397175 50.699240922927856 54.706659987568855 100.14452646672726 56.701902389526367 79.422918915748596 91.423029571771622 101.6451897919178 67.939003959298134 70.691170915961266 102.95622766017914 54.194150447845459
leaf_count=255 204 217 442 203 219 401 227 318 366 407 272 283 412 217
internal_value=0.000353623 0.00186955 0.00112792 0.00520196 -0.00376739 -0.000667388 0.000545942 0.00283903 0.006597 -0.0013579 -0.00326426 -0.000252098 -0.00882211 0.0108881
internal_weight=1109.74 955.813 892.145 269.986 105.406 622.159 522.015 326.683 170.846 155.837 195.332 138.63 153.929 164.58
internal_count=4443 3827 3572 1081 422 2491 2090 1308 684 624 782 555 616 659
is_linear=0
shrinkage=0.03


Tree=5
num_leaves=15
num_cat=0
split_feature=13 0 14 15 17 19 4 0 5 12 5 4 5 11
split_gain=25.4881 12.1971 9.9114 10.4565 7.37363 7.21466 6.81554 6.79337 5.90146 5.77929 4.88206 5.72904 4.44474 3.62296
threshold=0.14285714285714612 0.82352941176470795 0.14285714285714665 -0.20624029210005804 -0.84006704406429666 -0.021234668373036808 0.88142500650147482 0.39999999999994823 0.14881390694106525 1.0000000180025095e-35 0.071831189590565406 1.0521189635714259 0.15753957668651355 0.1782901522592828
decision_type=2 2 2 2 2 2 2 2 2 2 2 2 2 2
left_child=1 6 3 13 -4 -3 -1 9 -5 12 11 -8 -6 -2
right_child=2 5 4 8 7 -7 10 -9 -10 -11 -12 -13 -14 -15
leaf_value=-0.019056435671701621 -0.0029272190403672104 -0.0059990009753828274 0.0081630752356842053 0.01847395712400993 0.0016305508364033037 0.0086377270381163742 0.0029201260199881499 -0.0077142593063614156 0.0059437150906708402 0.0072415267268341596 -0.01149488750747008 -0.0098667843908144572 -0.0080473885151875861 0.006521230419120885
leaf_weight=51.219713732600212 73.913855671882629 50.711249738931656 84.662850812077522 78.069945439696312 111.41647340357304 61.936947658658028 69.203286975622177 104.18499740958214 68.651436939835548 87.658117488026619 107.94027738273144 50.470196127891541 62.972141087055206 63.42589770257473
leaf_count=205 296 203 339 313 446 248 277 417 275 351 432 202 252 254
internal_value=-5.75998e-05 -0.00619509 0.00323137 0.00756801 0.000446275 0.00207374 -0.00951337 -0.00142356 0.0130001 0.00117512 -0.00700245 -0.00265196 -0.00199107 0.00151204
internal_weight=1126.44 391.482 734.956 284.061 450.895 112.648 278.833 366.232 146.721 262.047 227.614 119.673 174.389 137.34
internal_count=4510 1567 2943 1138 1805 451 1116 1466 588 1049 911 479 698 550
is_linear=0
shrinkage=0.03


Tree=6
num_leaves=15
num_cat=0
split_feature=14 16 8 14 14 17 9 17 5 18 19 7 18 4
split_gain=22.0558 12.6587 9.59988 7.67183 7.60164 6.5125 9.04729 5.10814 7.93811 5.95151 5.48703 4.98882 4.41031 3.99909
threshold=0.13636363636363716 0.57066360050685161 0.11930559049226767 0.37499999999992201 0.4999999999997688 -0.20861653364745505 0.065782480051101697 -0.18655017661626142 0.33492817278927933 0.49640584807322102 0.31314778619895706 1.0000000180025095e-35 -1.0045844968859274 0.93846745679015564
decision_type=2 2 2 2 2 2 2 2 2 2 2 2 2 2
left_child=7 2 3 12 -5 -3 -7 10 9 -9 13 -6 -2 -1
right_child=1 5 -4 4 11 6 -8 8 -10 -11 -12 -13 -14 -15
leaf_value=0.011601237348135889 0.0023548728202349308 -0.00070715123899250379 0.0098696875105408061 0.0093214808735665369 -0.0075229263543400869 -0.018889025089740705 -0.0029154541351764612 0.00091452216992670646 -0.0066094167278374586 0.011729649303760583 0.017300497215400498 0.0039152768398995593 -0.0073243246668034563 0.00060103658809678925
leaf_weight=50.658080786466599 50.692801505327225 57.720095753669739 66.947560995817184 79.68268446624279 67.948870122432709 79.978391170501709 54.479323089122772 99.094029858708382 54.94653582572937 81.640711069107056 55.132360845804214 60.440162181854248 201.8580055385828 65.130773022770882
leaf_count=203 203 231 268 319 272 320 218 397 220 327 221 242 808 261
internal_value=0.000391967 -0.00275954 -0.000332445 -0.0019053 0.00233159 -0.00924506 -0.0127535 0.00593637 0.00297177 0.00598413 0.00982357 -0.00219338 -0.00537349 0.00569468
internal_weight=1126.35 719.748 527.57 460.623 208.072 192.178 134.458 406.602 235.681 180.735 170.921 128.389 252.551 115.789
internal_count=4510 2881 2112 1844 833 769 538 1629 944 724 685 514 1011 464
is_linear=0
shrinkage=0.03


Tree=7
num_leaves=15
num_cat=0
split_feature=14 15 1 6 14 17 13 17 15 17 19 18 15 13
split_gain=15.8283 17.0744 11.4192 9.31295 6.6839 6.65319 10.4816 9.78437 8.9027 5.83477 5.78716 5.09936 3.97031 3.20639
threshold=0.13636363636363716 -0.44693172669231457 0.25000000000000006 0.10987885076879773 0.047873694932535814 0.019916965446734772 0.42462121212121445 0.73784524552461639 0.34196261772935804 0.41204113637476109 -0.36110092755344497 -0.53081313358100546 0.11346322605426183 0.1333333333333156
decision_type=2 2 2 2 2 2 2 2 2 2 2 2 2 2
left_child=1 4 5 11 -1 6 8 -7 10 13 -2 -4 -9 -3
right_child=2 9 3 -5 -6 7 -8 12 -10 -11 -12 -13 -14 -15
leaf_value=-0.0085474320538369043 -0.0025465234281571358 0.0050509160444127217 0.013279779554047749 -0.0068311095105095879 0.0032704709257447453 -0.014524404362209494 0.0091104365009412689 0.0029906260468268173 0.0031968088881635061 0.0020594846310838131 -0.014810756927112482 0.0021715713718403629 -0.0080879802860011011 0.014712671886464156
leaf_weight=90.91234079003334 63.957361862063408 50.659044370055199 54.658452913165092 64.956051424145699 74.427891537547112 132.95638532936573 52.699654221534729 57.217435613274574 71.456937089562416 78.129261404275894 77.462709873914719 105.41207452118397 50.471089646220207 119.86137484014034
leaf_count=364 256 203 219 260 298 532 211 229 286 313 310 422 202 481
internal_value=-0.000530049 0.0041274 -0.00317695 0.00240903 -0.00328776 -0.00565931 -0.00231672 -0.00922598 -0.00528977 0.00902574 -0.00954061 0.00625199 -0.00233014 0.012068
internal_weight=1145.24 413.99 731.248 225.027 165.34 506.222 265.577 240.645 212.877 248.65 141.42 160.071 107.689 170.52
internal_count=4586 1659 2927 901 662 2026 1063 963 852 997 566 641 431 684
is_linear=0
shrinkage=0.03


Tree=8
num_leaves=15
num_cat=0
split_feature=16 15 17 14 9 7 17 16 6 17 14 6 4 16
split_gain=13.8394 9.36812 13.0346 15.6928 9.49294 7.33072 6.35612 7.66514 5.50962 5.47789 4.73281 3.64561 4.2062 3.23833
threshold=0.96265186860623742 -0.2220920343106558 0.44755523330613461 0.57142857142858505 0.25861474160337833 0.33333333333333337 0.23469623712977897 -0.32579009281864763 0.099774547260613036 0.84543701414658334 0.15384615384615671 -0.079759774799967334 0.96455091880905963 -0.20339333750660513
decision_type=2 2 2 2 2 2 2 2 2 2 2 2 2 2
left_child=1 4 3 8 5 6 7 -1 10 -4 13 12 -12 -3
right_child=-2 2 9 -5 -6 -7 -8 -9 -10 -11 11 -13 -14 -15
leaf_value=-0.009971129502252216 -0.0079369975496715768 0.0085468764103094931 -0.0084804751697093728 -0.006914931203157359 0.0084647296248975823 -0.011403129020318392 0.0051627564128329277 0.0026091943275947582 0.0011417299917153539 0.0019641979630865866 0.010053403209893095 0.013780759172200546 -0.0011013117060173555 0.020042034930555931
leaf_weight=97.903084963560104 160.175506696105 49.785904988646507 79.921160265803337 60.205661237239838 60.199212342500687 84.923574969172478 83.936101973056793 72.679176092147827 63.400458008050919 93.396232396364212 51.945659026503563 50.690029546618462 63.434804171323776 66.278651610016823
leaf_count=392 641 200 320 241 241 340 336 291 254 374 208 203 254 266
internal_value=9.87517e-05 0.00144755 0.00387238 0.00678919 -0.00207033 -0.00403445 -0.00140346 -0.00468943 0.00924155 -0.00295486 0.0110101 0.00739216 0.00412965 0.0156678
internal_weight=1138.88 978.7 579.059 405.741 399.641 339.442 254.518 170.582 345.536 173.317 282.135 166.07 115.38 116.065
internal_count=4561 3920 2320 1626 1600 1359 1019 683 1385 694 1131 665 462 466
is_linear=0
shrinkage=0.03


Tree=9
num_leaves=14
num_cat=0
split_feature=14 20 13 13 13 1 9 13 6 11 14 5 5
split_gain=13.8873 8.54202 8.67552 7.87102 6.09739 5.99204 7.94087 6.56211 5.03236 4.18092 4.55492 6.30075 4.16906
threshold=0.13636363636363716 0.768929541211403 0.22499999999998893 0.42105263157892742 0.064516129032270206 0.25000000000000006 0.2112887573048908 0.14285714285714612 0.062015785408222508 -0.70553071927871291 0.37500000000000699 -0.074906084785037477 0.028889270842414608
decision_type=2 2 2 2 2 2 2 2 2 2 2 2 2
left_child=1 2 4 -4 -1 6 9 -7 -9 -2 11 -11 -12
right_child=5 -3 3 -5 -6 7 -8 8 -10 10 12 -13 -14
leaf_value=0.0083214999044354133 -0.00063311776446809429 -0.0047192552424337531 0.018081981963099993 0.0048640401205390649 -0.0037611168273691689 -0.0055858827454959431 0.0033205101190705577 0.0090570375844801643 -0.0024532154188278716 -0.017649598158545946 0.00094068366805236787 -0.0057822265607828357 -0.009103882780833121
leaf_weight=55.907521784305573 86.447793111205101 76.128718867897987 71.059958502650261 98.133440345525742 93.362340569496155 77.698000967502594 86.940510854125023 90.59213162958622 50.458202391862869 75.460956498980522 75.203009903430939 95.701111003756523 66.974506244063377
leaf_count=224 346 305 285 394 374 311 348 363 202 302 301 383 268
internal_value=-0.000394562 0.00408162 0.0062259 0.0107751 0.000887339 -0.00290932 -0.00474813 0.00119683 0.00499643 -0.00652214 -0.00811141 -0.0113667 -0.00393947
internal_weight=1100.07 394.592 318.463 169.193 149.27 705.476 486.728 218.748 141.05 399.787 313.34 171.162 142.178
internal_count=4406 1582 1277 679 598 2824 1948 876 565 1600 1254 685 569
is_linear=0
shrinkage=0.03


Tree=10
num_leaves=15
num_cat=0
split_feature=13 20 9 13 15 8 19 19 13 3 15 14 20 15
split_gain=13.3432 8.26951 7.80629 8.16835 6.23984 5.66247 7.68067 9.41938 5.75734 5.51781 5.26229 4.77559 4.29514 3.29232
threshold=0.13461538461538239 -0.40648182826423435 0.19936290573373372 0.090909090909075632 0.90514871847227163 0.15882521436157379 0.27809117146865286 0.069874939807259881 0.29999999999997229 0.043478260869565195 0.049682334453739929 0.19999999999999368 -0.33550385740200311 0.34196261772935804
decision_type=2 2 2 2 2 2 2 2 2 2 2 2 2 2
left_child=1 13 3 9 5 6 7 8 12 -3 -7 -8 -2 -1
right_child=4 2 -4 -5 -6 10 11 -9 -10 -11 -12 -13 -14 -15
leaf_value=-0.0019302296994869299 0.0040807148087645779 -0.00045428853480408878 0.0028272378947996881 -0.01864759600549613 0.012279416195302829 -0.0086746186558889302 0.015371278408122338 -0.010067135554482546 0.0061745058859679122 -0.011883157073902226 0.0024804378784661213 0.0039919002922668163 -0.0058125653974872614 0.0077365822213416834
leaf_weight=70.972220733761787 65.930460378527641 84.920719921588898 53.959879249334335 60.460586622357368 51.105274111032486 74.195980086922646 59.023943156003952 53.400239169597626 202.56864754855633 64.453554973006248 69.920812636613846 79.166281774640083 84.675455033779144 50.17603625357151
leaf_count=284 264 340 216 242 205 297 237 214 812 258 280 317 339 201
internal_value=0.00029194 -0.00420558 -0.00714362 -0.00971379 0.00264408 0.00184595 0.00324143 0.00112231 0.00293107 -0.00561089 -0.00336085 0.0092193 -0.00148964 0.00222143
internal_weight=1124.93 384.943 263.795 209.835 739.987 688.882 544.765 406.575 353.175 149.374 144.117 138.19 150.606 121.148
internal_count=4506 1541 1056 840 2965 2760 2183 1629 1415 598 577 554 603 485
is_linear=0
shrinkage=0.03


Tree=11
num_leaves=15
num_cat=0
split_feature=15 14 9 5 4 4 4 9 11 3 6 9 9 3
split_gain=10.8217 19.8928 14.0083 9.55012 7.87348 7.83544 9.88419 5.93582 5.80224 5.74431 5.60871 4.62808 5.51208 4.58095
threshold=-0.63272353176673957 0.22222222222223045 -0.072612927748987546 -0.11773330488886592 0.96926547053491541 1.0114990437805755 1.0482902353534362 0.17640041889815319 0.44055273465922667 0.043478260869565195 -0.21950341237018833 -0.042734371122097332 -0.13907362066508416 0.17391304347826089
decision_type=2 2 2 2 2 2 2 2 2 2 2 2 2 2
left_child=7 2 10 -4 8 -6 -7 11 9 -3 -2 12 -1 -8
right_child=1 4 3 -5 5 6 13 -9 -10 -11 -12 -13 -14 -15
leaf_value=-0.010174936827615926 0.0077404018923213037 0.0030860300437967284 0.0097710590783366413 -0.0033140127442616179 -0.015002062455636322 0.0077077856843501113 -0.003224933086173038 0.0029707897959875698 0.0095750208628444921 -0.0082911805085297153 0.019418658473948677 -0.013824869586030663 0.002202121055696529 -0.013968866853291429
leaf_weight=62.460214465856552 109.09501133859158 96.160638451576233 70.033852055668831 146.95050844550133 63.454155787825584 51.707931265234947 114.65117341279984 51.457297131419182 53.462530806660652 61.214692428708076 62.794050574302673 75.951850652694702 59.453893542289734 49.964643850922585
leaf_count=250 438 385 281 589 254 207 459 206 214 245 252 304 238 200
internal_value=-0.00042974 0.00114038 0.00616748 0.00103428 -0.00286624 -0.00612239 -0.00323765 -0.00588186 0.00149634 -0.00145843 0.012435 -0.00820057 -0.00429005 -0.00680161
internal_weight=1128.81 879.489 388.873 216.984 490.616 279.778 216.324 249.323 210.838 157.375 171.889 197.866 121.914 164.616
internal_count=4522 3524 1560 870 1964 1120 866 998 844 630 690 792 488 659
is_linear=0
shrinkage=0.03


Tree=12
num_leaves=15
num_cat=0
split_feature=16 14 15 17 0 15 4 4 17 15 17 19 8 6
split_gain=13.9892 11.7834 14.4306 9.54218 8.6948 6.28408 6.60262 5.93682 5.04348 4.91035 5.71845 3.49956 5.89102 2.44591
threshold=0.96265186860623742 0.11111111111112483 -1.1400882371190397 -1.3499958287963962 0.42857142857143238 -0.34949198191660336 0.96926547053491541 0.88462752687924928 0.1568030286491808 0.44116875665614647 0.12012808232191567 0.086609026177435836 -0.046264582354096424 0.069259079943971638
decision_type=2 2 2 2 2 2 2 2 2 2 2 2 2 2
left_child=1 2 -1 -3 5 -5 7 -7 -8 -6 -11 12 -4 -2
right_child=13 3 11 4 9 6 8 -9 -10 10 -12 -13 -14 -15
leaf_value=-0.0068725625786109131 -0.010183554281798235 0.010794705099187802 0.010919854788788978 0.0094985863331871288 -0.0091584481207417408 -0.0021805898518588163 -0.0088604487797056507 0.010602275899834892 0.001114153180854568 0.0060340945599115393 -0.0070816979213131383 0.013531857769677335 -0.0016235316498876954 -0.0021263546398865669
leaf_weight=53.958028569817543 104.42954224348068 58.15860241651535 81.441587328910828 66.693075254559517 145.42789562046528 57.675737634301186 89.647481217980385 66.413528516888618 86.159603461623192 52.915706858038902 56.959777548909187 116.4999590665102 53.336214929819107 53.733606234192848
leaf_count=216 418 233 327 267 582 231 359 266 345 212 228 468 214 215
internal_value=0.000546878 0.00188565 0.00673084 -0.000322332 -0.00143979 0.0015189 -0.000382351 0.00480656 -0.00407646 -0.00563572 -0.000777464 0.00972905 0.00607549 -0.00759528
internal_weight=1143.45 985.287 305.236 680.051 621.893 366.589 299.896 124.089 175.807 255.303 109.875 251.278 134.778 158.163
internal_count=4581 3948 1225 2723 2490 1468 1201 497 704 1022 440 1009 541 633
is_linear=0
shrinkage=0.03


Tree=13
num_leaves=15
num_cat=0
split_feature=17 1 15 11 13 9 20 11 18 3 11 13 1 17
split_gain=11.1409 9.99306 10.3835 10.9114 10.751 8.55459 8.91648 6.14571 7.79099 5.84626 5.83395 4.72561 5.14608 3.87552
threshold=0.44755523330613461 0.25000000000000006 0.29938890424115661 0.22179219547855619 0.50000000000023148 0.48510274747951759 0.039892753067651762 0.19615163355368237 -0.33117585331996319 0.21739130434782608 -0.23738053453736838 0.23809523809522351 0.41666666666666674 -0.25355946537480634
decision_type=2 2 2 2 2 2 2 2 2 2 2 2 2 2
left_child=1 2 4 -4 7 6 -2 10 -9 -8 13 12 -3 -1
right_child=5 11 3 -5 -6 -7 9 8 -10 -11 -12 -13 -14 -15
leaf_value=-0.008085835264392046 0.0022829494935846972 0.010275330938756535 0.012152356309505064 -0.0024119709839659515 0.0080271059933851221 0.006883215781018622 -0.0051046155152594287 0.008103844849930996 -0.0070713933865511596 -0.016401693546905498 -0.015594597095675787 0.012955853163321271 -0.002201932264678538 0.0023844755798695539
leaf_weight=73.950725600123405 96.609149739146233 53.65760649740696 118.3779733479023 71.807174921035767 74.222616195678711 60.175026625394821 143.63358700275421 60.199635207653046 52.208297893404961 57.698682278394699 54.470831200480461 109.61561168730259 57.436453014612198 50.216914340853691
leaf_count=296 387 215 475 288 298 241 575 241 209 231 218 440 230 201
internal_value=0.00130203 0.00331541 0.00114137 0.00673246 -0.00182135 -0.00304723 -0.00513338 -0.00442605 0.00105466 -0.00866118 -0.0078096 0.00864025 0.00400749 -0.00392296
internal_weight=1134.28 776.164 555.454 190.185 365.269 358.116 297.941 291.046 112.408 201.332 178.638 220.71 111.094 124.168
internal_count=4545 3111 2226 763 1463 1434 1193 1165 450 806 715 885 445 497
is_linear=0
shrinkage=0.03


Tree=14
num_leaves=15
num_cat=0
split_feature=14 8 1 16 9 10 6 17 19 16 17 8 18 14
split_gain=10.9816 8.86302 8.43096 12.6062 7.91129 7.76338 6.74942 4.93967 4.501 4.41958 5.29388 3.70644 2.97605 2.34396
threshold=0.10000000000007958 -0.30907669842165636 0.25000000000000006 0.49776919103365569 0.21746023640038389 -1.0000000180025095e-35 0.074309988850776568 0.29570375832976009 -0.36110092755344497 -0.062558691053893722 0.13628489175140171 -0.069422487436709646 -0.21427611430694474 0.020833333333354059
decision_type=2 2 2 2 2 2 2 2 2 2 2 2 2 2
left_child=5 -2 4 6 8 13 12 -7 11 -10 -11 -3 -4 -1
right_child=1 2 3 -5 -6 7 -8 -9 9 10 -12 -13 -14 -15
leaf_value=-0.0029408734411881417 0.0096879570623973309 -0.0059815548454506401 0.016471600384172516 -0.0073611093156094771 0.0032051246257133676 0.013352622297525017 -0.0016347027071027934 0.0020997133499605115 -0.01334014824767941 -0.00094558685995794675 -0.011162826796018672 0.0041630756351395742 0.0055657666330482265 0.0039015019495359975
leaf_weight=87.322640419006348 53.183281049132347 67.925198435783386 50.086730867624283 76.920810028910637 90.906281381845474 102.28772029280663 51.194522842764854 55.363153129816055 103.62851996719837 106.14066950976849 76.453177720308304 53.696414560079575 51.173617646098137 83.081869959831238
leaf_count=350 213 272 201 308 364 412 205 222 415 425 306 215 205 333
internal_value=0.000334132 -0.0016013 -0.00248633 0.00224053 -0.00466088 0.00489846 0.00716494 0.0095869 -0.00643175 -0.00845904 -0.00540711 -0.00151513 0.0114814 0.000411292
internal_weight=1109.36 781.309 728.126 229.376 498.75 328.055 152.455 157.651 407.844 286.222 182.594 121.622 101.26 170.405
internal_count=4446 3129 2916 919 1997 1317 611 634 1633 1146 731 487 406 683
is_linear=0
shrinkage=0.03


Tree=15
num_leaves=15
num_cat=0
split_feature=16 0 17 0 16 11 11 3 0 11 16 15 9 18
split_gain=17.5593 5.92001 12.8169 7.9372 4.19759 4.04733 4.75226 4.98326 6.8269 5.0076 3.62592 5.50712 4.64986 3.44562
threshold=0.94063605855897547 0.71428571428569765 -0.10434638759108582 0.81818181818180669 -0.30486199928076502 -1.429250517109762 -1.0891508625679232 0.17391304347826089 0.21680376028201723 0.1782901522592828 -1.1261327943692849 0.070953760263541651 0.11099202325956499 0.69919091070867523
decision_type=2 2 2 2 2 2 2 2 2 2 2 2 2 2
left_child=1 5 4 -4 -3 -1 -7 10 -9 -10 -8 12 -12 -2
right_child=13 2 3 -5 -6 6 7 8 9 -11 11 -13 -14 -15
leaf_value=0.010890513201051312 -0.011741469423679995 -0.0010187109330189658 -0.017175941426464482 -0.0012945125411740824 0.010611430241157809 -0.0058641263240895511 0.012225230008003388 0.0075807376140083621 -0.0082658687791125306 0.0017632691889032965 0.003553918253109193 0.0082384434105225723 -0.0063594972669300609 -0.0023246366487520149
leaf_weight=52.594404280185699 104.40805123746395 52.904946610331535 52.942273661494255 57.133554130792618 52.331474795937538 51.143875047564507 54.389402493834496 67.599190890789032 85.801573917269707 85.595201149582863 140.97433863580227 151.75055834650993 55.166628509759903 55.723998978734016
leaf_count=211 418 212 212 229 210 205 218 271 344 343 565 609 221 223
internal_value=0.00040791 0.00195256 -0.00238872 -0.00934728 0.00498366 0.00321477 0.00255784 0.00326969 -0.000165801 -0.00334933 0.0052877 0.00404524 0.000676895 -0.00863414
internal_weight=1120.46 960.327 215.312 110.076 105.236 745.015 692.421 641.277 238.996 171.397 402.281 347.892 196.141 160.132
internal_count=4491 3850 863 441 422 2987 2776 2571 958 687 1613 1395 786 641
is_linear=0
shrinkage=0.03


Tree=16
num_leaves=15
num_cat=0
split_feature=13 9 4 18 9 0 3 1 11 11 9 18 18 14
split_gain=12.7519 7.82265 8.08632 7.15838 9.09033 7.91661 7.93162 7.07606 6.57569 6.68962 6.11763 5.21533 7.93951 3.52301
threshold=0.14285714285714612 -0.081629868599934999 0.89854866269547407 0.90390059132966039 0.042072082406893196 0.63801313628899814 1.0000000180025095e-35 0.25000000000000006 1.0077066578987728 -0.9983866269363989 0.0039381798824354068 0.031616824120719624 1.1068513965188791 0.20588235294118898
decision_type=2 2 2 2 2 2 2 2 2 2 2 2 2 2
left_child=3 2 -2 4 5 -1 -7 13 9 -3 -11 -12 -13 -4
right_child=1 8 7 -5 -6 6 -8 -9 -10 10 11 12 -14 -15
leaf_value=-0.0093371667113586049 0.013748921716589041 0.0068601324748387557 0.0034722999284921632 0.0038416601314312615 -0.014534708515671343 0.0084476640654977727 -0.0057609069775177886 0.010662233598970339 0.0089833221360752207 -0.00972063384507184 0.0062882234454372807 -0.0087007659235601147 0.0048559489248602584 -0.0054721903458758705
leaf_weight=102.91709241271019 78.210180267691612 60.09564696252346 74.84075728058815 69.931690916419029 87.160122498869896 67.606407642364502 64.151116773486137 62.731709271669388 51.913751065731049 98.257111608982086 61.092208862304688 99.340441018342972 57.902449309825897 73.937213182449341
leaf_count=412 314 241 301 280 349 271 257 252 208 394 245 398 232 296
internal_value=-0.000327774 0.00204448 0.00580719 -0.00464837 -0.00652372 -0.00330723 0.00157199 0.00262087 -0.000536606 -0.0019491 -0.00370193 -0.000836358 -0.00371289 -0.00100618
internal_weight=1110.09 718.321 289.72 391.766 321.835 234.675 131.758 211.51 428.602 376.688 316.592 218.335 157.243 148.778
internal_count=4450 2881 1163 1569 1289 940 528 849 1718 1510 1269 875 630 597
is_linear=0
shrinkage=0.03


Tree=17
num_leaves=15
num_cat=0
split_feature=13 15 0 8 19 13 19 15 0 19 6 15 20 18
split_gain=12.0632 10.183 9.84516 7.09222 10.5262 6.94016 6.33774 5.27405 5.26469 4.86954 7.25215 5.09526 4.47184 3.41391
threshold=0.1333333333333156 0.9201715230008376 0.63157894736841502 0.15882521436157379 0.27809117146865286 0.088235294117636989 -0.33070533673198449 -0.15666350449618582 0.36700680272107 0.061332591626780918 0.057550434816297631 -0.23004611351534293 -0.071152344120424621 -0.32034150069487943
decision_type=2 2 2 2 2 2 2 2 2 2 2 2 2 2
left_child=2 3 12 4 9 6 -4 -5 -6 10 11 13 -1 -2
right_child=1 -3 5 7 8 -7 -8 -9 -10 -11 -12 -13 -14 -15
leaf_value=-0.0034988949166097276 -0.0033151879152177499 0.015199217304575994 -0.004644568994950353 -0.010550015314759466 0.0047125768925259008 -0.0085150372671072803 0.0073687963507771733 0.00061554849223254178 0.016662081863584643 -0.006724349872406026 -0.0034160811724291465 0.0098132140511142871 -0.013767117118756033 0.0062017045541303776
leaf_weight=74.452113166451454 68.619941130280495 50.977853879332542 54.952253207564354 57.207268208265305 76.728532165288925 53.171441599726677 114.50820837914944 96.822232738137245 62.216927945613861 57.343844294548035 125.5111578553915 114.01853387057781 84.434105172753334 58.144293621182442
leaf_count=298 275 205 220 229 308 213 459 388 250 230 503 458 338 233
internal_value=0.000702162 0.00286409 -0.00362828 0.00188737 0.00344542 0.000469386 0.00345167 -0.00373271 0.0104562 0.00105085 0.00234223 0.00535226 -0.0092091 0.00111971
internal_weight=1149.11 767.591 381.518 716.613 562.583 222.632 169.46 154.03 138.945 423.638 366.294 240.783 158.886 126.764
internal_count=4607 3079 1528 2874 2257 892 679 617 558 1699 1469 966 636 508
is_linear=0
shrinkage=0.03


Tree=18
num_leaves=15
num_cat=0
split_feature=20 13 4 13 16 15 16 0 15 4 3 0 4 0
split_gain=11.8976 11.6187 6.55188 6.37455 10.2521 7.45115 5.80496 6.43274 5.28799 4.97401 4.94863 4.92755 4.22616 2.31438
threshold=-0.96125458716180912 0.1333333333333156 1.0521189635714259 0.64285714285715712 0.96265186860623742 0.25415262216819567 -0.29785402500960395 0.81302966101695395 0.44116875665614647 1.0482902353534362 -0.086956521739130418 0.45454545454545764 0.96796387261445782 0.51162790697674942
decision_type=2 2 2 2 2 2 2 2 2 2 2 2 2 2
left_child=9 2 6 4 5 10 -2 8 -8 -1 12 -7 -3 -12
right_child=1 3 -4 -5 -6 11 7 -9 -10 -11 13 -13 -14 -15
leaf_value=0.011791089947749602 -0.010497213377608391 0.0002731353708890342 -0.01272822884409335 0.0092028751472193766 -0.0086279692375853499 0.000779148017673569 0.001820726605100008 0.0071034549577085986 -0.011184047137962835 0.00072930602475151116 0.00014558827794952054 0.01123900768701582 -0.010050440878857569 0.0072577328887416491
leaf_weight=93.446898922324181 63.419346243143082 68.327417269349098 86.154890805482864 71.372469305992126 97.918529495596886 70.284940674901009 54.962651580572128 63.332611292600632 50.202391251921654 59.326798275113106 140.27023097872734 93.385734915733337 69.126543670892715 53.416660949587822
leaf_count=375 254 274 345 287 392 282 220 254 201 238 562 376 277 214
internal_value=5.15376e-06 -0.00121745 -0.00588496 0.00104533 -5.71451e-06 0.00176979 -0.00312778 -0.000131488 -0.00461317 0.0076547 -0.00083255 0.00690349 -0.0050892 0.00224032
internal_weight=1134.95 982.174 318.072 664.103 592.73 494.812 231.917 168.498 105.165 152.774 331.141 163.671 137.454 193.687
internal_count=4551 3938 1274 2664 2377 1985 929 675 421 613 1327 658 551 776
is_linear=0
shrinkage=0.03


Tree=19
num_leaves=15
num_cat=0
split_feature=16 6 6 12 18 5 16 10 3 18 16 16 0 18
split_gain=15.5728 5.46891 8.97996 8.33933 6.21307 5.49757 6.75491 6.82101 4.78274 4.98196 11.8293 13.1145 4.42804 3.56537
threshold=0.96265186860623742 0.44239605068973875 0.062015785408222508 1.0000000180025095e-35 -0.39935237755891179 -0.34275538397326949 -0.3432014956656127 1.0000000180025095e-35 -0.30434782608695649 0.070954738668672426 0.056838826427820274 0.44478741505848235 0.36363636363633312 0.34110759647716427
decision_type=2 2 2 2 2 2 2 2 2 2 2 2 2 2
left_child=1 2 3 5 -5 -1 7 -7 -8 10 -10 -12 13 -4
right_child=-2 -3 12 4 -6 6 8 -9 9 -11 11 -13 -14 -15
leaf_value=0.0066780834266673252 -0.0089614838832502638 0.0082902104595157875 -0.0049871489537861094 0.014046503301768345 0.0029082854053866206 -0.014997126100397992 0.0080550638174420285 -3.1950497247625979e-05 -0.0098162024610760918 -0.0089981208822073559 0.017449071757966998 -0.003125284195494276 -0.0076997371878916787 0.0056925251929643341
leaf_weight=84.544117629528046 158.32863466441631 80.593033954501152 51.385705381631851 72.374303713440895 116.31940405070782 52.415962040424347 60.311458319425583 52.493885472416878 50.781935334205627 50.144558995962143 50.330620646476746 53.62565378844738 146.25795583426952 51.172017082571983
leaf_count=339 634 323 206 291 467 210 242 211 204 201 202 215 586 205
internal_value=-0.000388055 0.00104608 0.000349127 0.00221999 0.00743271 -7.79654e-07 -0.00159513 -0.00785108 0.000979184 -0.00124602 0.00146915 0.00717945 -0.00443664 0.000358475
internal_weight=1131.08 972.751 892.158 643.342 188.694 454.648 370.104 104.91 265.194 204.883 154.738 103.956 248.816 102.558
internal_count=4536 3902 3579 2582 758 1824 1485 421 1064 822 621 417 997 411
is_linear=0
shrinkage=0.03


Tree=20
num_leaves=15
num_cat=0
split_feature=16 14 6 4 1 15 19 20 17 0 15 4 15 14
split_gain=11.474 6.52205 6.3458 4.97449 8.46791 7.9631 6.93607 5.66218 5.51778 5.28505 4.44921 6.47445 6.68952 3.86342
threshold=0.73251915986106297 0.13636363636363716 0.066843300039058431 0.98139758526782583 0.25000000000000006 0.49607725906409866 0.33043295342646767 -0.58216652220063136 0.028791742273938128 0.48484848484850324 0.096916793552776132 1.0521189635714259 -0.51713542066941132 0.076923076923093373
decision_type=2 2 2 2 2 2 2 2 2 2 2 2 2 2
left_child=3 -2 -3 6 5 10 7 -1 -8 -6 11 -5 -13 -9
right_child=1 2 -4 4 9 -7 8 13 -10 -11 -12 12 -14 -15
leaf_value=0.0078685693953391232 0.0017231565927376101 -0.01291425830519387 -0.00040009899710716446 0.0037293303057901409 0.010287191529088413 0.0058170404156795853 0.015502025130780826 0.0057127845995345932 0.0026952352962275614 -0.0010456359868694183 -0.01313799033139432 -0.015047484907036964 5.0782896394621226e-05 -0.0030779440480134274
leaf_weight=97.177516251802444 81.79330962896347 100.60483714938164 56.207389965653419 68.902464166283607 86.403567135334015 66.225324526429176 71.836959347128868 57.001789838075638 54.087765663862228 60.835257291793823 50.622510030865669 50.702701896429062 50.160494714975357 159.43509094417095
leaf_count=390 328 403 225 276 347 266 289 229 217 244 203 203 201 639
internal_value=0.000679445 -0.00508502 -0.00857968 0.00227424 -1.08893e-05 -0.00300475 0.00450457 0.00204659 0.0103142 0.00572421 -0.00572588 -0.00320302 -0.00789117 -0.000686061
internal_weight=1112 238.606 156.812 873.391 433.852 286.613 439.539 313.614 125.925 147.239 220.388 169.766 100.863 216.437
internal_count=4460 956 628 3504 1740 1149 1764 1258 506 591 883 680 404 868
is_linear=0
shrinkage=0.03


Tree=21
num_leaves=15
num_cat=0
split_feature=14 15 14 8 8 0 5 5 6 5 19 19 15 8
split_gain=13.6976 6.91143 7.97297 6.92241 5.34509 5.44073 4.67427 7.34264 4.51977 4.44632 4.44676 4.08481 3.35595 3.333
threshold=0.13636363636363716 -0.49816006751329939 0.020833333333354059 0.14768723991430513 0.17646376555471763 0.07142857142856153 -0.084769107787741285 -0.35647220620765158 0.057550434816297631 1.0000000180025095e-35 0.60224958501080272 0.73044370418901705 0.14378062295527003 -0.025420771504237289
decision_type=2 2 2 2 2 2 2 2 2 2 2 2 2 2
left_child=1 2 -1 8 5 -2 7 -7 13 -8 -11 -6 -9 -3
right_child=4 3 -4 -5 11 6 9 12 -10 10 -12 -13 -14 -15
leaf_value=-0.0076901194191087473 0.0072956895121614185 0.0085781898721620925 0.0055791756336840631 2.5709631778761482e-05 -0.0021513931782596446 0.0026925532954056113 0.0085093077406750688 -0.01120433452505477 0.0035140343899021896 -0.0038020673496772387 0.0061942294204861649 -0.011924255703266927 -0.0025010416233556278 0.019974770522273984
leaf_weight=69.419367641210556 58.857363641262054 63.544345453381538 85.113283306360245 75.524002924561501 78.134492143988609 79.106865167617798 49.911152198910713 111.09302479028702 56.188209518790245 144.03729949891567 49.886867985129356 76.392300024628639 66.125520184636116 50.228165879845619
leaf_count=278 236 257 341 303 313 317 200 445 226 577 200 306 265 203
internal_value=0.000128389 0.00453983 -0.000435873 0.00761821 -0.00235907 -0.000967521 -0.0020025 -0.00479162 0.0108949 0.000966856 -0.00113947 -0.00720504 -0.00811461 0.0142386
internal_weight=1113.56 400.017 154.533 245.485 713.545 559.018 500.161 256.325 169.961 243.835 193.924 154.527 177.219 113.773
internal_count=4467 1608 619 989 2859 2240 2004 1027 686 977 777 619 710 460
is_linear=0
shrinkage=0.03


Tree=22
num_leaves=15
num_cat=0
split_feature=14 10 9 13 16 20 20 4 13 14 20 20 13 9
split_gain=14.0272 11.7302 14.1617 10.1386 7.70444 6.08946 6.89794 5.49386 4.12266 4.57524 5.23663 3.6688 2.84391 4.9134
threshold=0.15384615384615671 -1.0000000180025095e-35 -0.090069977374973353 0.14285714285713269 0.15077151496187788 -0.41434775123311157 0.50701762004727613 1.0658844000474417 0.18181818181818529 0.40000000000000452 -0.26715163041440432 -0.39878589461543695 0.36666666666670006 -0.042734371122097332
decision_type=2 2 2 2 2 2 2 2 2 2 2 2 2 2
left_child=1 7 -3 5 -4 -2 -7 12 -5 11 -11 -10 13 -1
right_child=3 2 4 8 -6 6 -8 -9 9 10 -12 -13 -14 -15
leaf_value=0.0043997758413232037 -0.0011743766418980631 0.017002866264522264 0.0088077047183952074 0.0068828220715775358 -0.0053077798077771562 -0.016580476665854129 -0.0042246389482085501 -0.0095431595039809289 -0.0094023139246869978 0.0099553457215857937 -0.0020280917938170599 -0.0014999994561748023 0.0064481098835013403 -0.0074718926663758676
leaf_weight=59.159662872552872 80.17413592338562 91.280405148863792 63.991248846054077 53.657716631889343 65.520806834101677 92.638167828321457 77.395591914653778 51.118742197751999 74.334987506270409 49.869051083922386 78.355512544512749 165.93892394006252 56.72185854613781 56.691506505012512
leaf_count=237 321 369 258 215 263 371 310 205 298 200 314 665 228 227
internal_value=-0.000654513 0.00345766 0.00828366 -0.00337843 0.00173476 -0.0080993 -0.0112377 -0.00138276 -0.000518364 -0.00167378 0.00283122 -0.00408662 0.00123513 -0.00147838
internal_weight=1116.85 444.484 220.792 672.364 129.512 250.208 170.034 223.692 422.156 368.498 128.225 240.274 172.573 115.851
internal_count=4481 1787 890 2694 521 1002 681 897 1692 1477 514 963 692 464
is_linear=0
shrinkage=0.03


Tree=23
num_leaves=15
num_cat=0
split_feature=13 13 4 4 4 4 9 6 11 9 19 20 11 14
split_gain=12.0762 7.26262 9.68538 6.41781 5.65312 5.09889 5.91889 6.7087 9.54183 7.71483 4.67961 5.22252 3.96363 3.34456
threshold=0.1333333333333156 0.090909090909075632 1.0521189635714259 0.85464979446002576 0.82444101803852099 0.86451771337053718 -0.14475855216390823 1.0000000180025095e-35 0.48381557447353968 0.25861474160337833 -0.37721186099202691 0.090027745692275438 0.54812779580566529 0.16666666666664717
decision_type=2 2 2 2 2 2 2 2 2 2 2 2 2 2
left_child=1 2 3 -1 -2 -6 13 8 10 12 -8 -12 -9 -7
right_child=4 -3 -4 -5 5 6 7 9 -10 -11 11 -13 -14 -15
leaf_value=-0.0077748158299347546 0.0090732307678452334 -0.011749675937079641 -0.011364158110339294 0.0041639611545058342 -0.0078030563650447792 0.0012297302922360633 0.017840393140260223 -0.0066827326751086064 -0.0039850506248824214 0.0068919965543578271 -0.00019920446620723663 0.012538600791984239 0.0030629601302277899 -0.0078783957730612884
leaf_weight=49.857021287083626 75.902666538953781 99.34370981156826 72.881151169538498 150.68050596117973 53.510145872831345 63.205560922622681 49.812991797924042 121.91315226256847 51.557882353663445 86.319110795855522 54.449511244893074 56.532209232449532 49.886817932128906 76.604998499155045
leaf_count=200 305 398 292 604 215 255 200 489 207 346 219 227 200 307
internal_value=-0.000634763 -0.00500133 -0.00238242 0.00107885 0.00158453 0.000666791 0.00146681 0.00307388 0.00695729 -0.000192459 0.0104803 0.00655004 -0.00384621 -0.00386051
internal_weight=1112.46 372.762 273.419 200.538 739.695 663.792 610.282 470.472 212.353 258.119 160.795 110.982 171.8 139.811
internal_count=4464 1494 1096 804 2970 2665 2450 1888 853 1035 646 446 689 562
is_linear=0
shrinkage=0.03


Tree=24
num_leaves=15
num_cat=0
split_feature=8 4 19 13 11 1 19 19 6 6 3 1 15 5
split_gain=10.7977 7.49093 5.65072 8.1399 5.72744 5.19483 4.42865 4.76205 3.46068 6.14932 5.9634 4.76891 3.44022 2.71266
threshold=0.16485981230234018 0.88624045757488867 0.25835313834454637 0.14285714285714612 0.74299886679925642 -1.0000000180025095e-35 -0.021234668373036808 -1.2046073229617245 0.056478426080193163 0.18248730865125398 0.21739130434782608 1.0000000180025095e-35 0.42938634698685457 -0.091938429956039583
decision_type=2 2 2 2 2 2 2 2 2 2 2 2 2 2
left_child=2 -2 4 -4 6 -3 7 -1 10 -10 11 -9 -7 -5
right_child=1 5 3 13 -6 12 -8 8 9 -11 -12 -13 -14 -15
leaf_value=-0.0061757214323986094 0.0040654651331843697 -0.013046989126743002 -0.00099447328029706795 0.003787525325361767 0.0070701287571604517 0.0019379065970014384 -0.006084257911125498 0.0029544907526956976 -0.0091136712403180036 0.0040074381654890429 -0.0028513471154891687 0.013733433901556649 -0.0080709427254859242 0.012632089280732253
leaf_weight=66.108191341161728 65.832737430930138 79.588779017329216 91.193265035748482 50.199783489108086 104.68693855404854 59.157494127750397 96.962733924388885 87.72415055334568 51.145178854465485 70.620512545108795 65.013596162199974 63.716177091002464 56.349352493882179 112.27169616520405
leaf_count=265 264 319 366 202 420 237 389 352 205 283 261 256 226 452
internal_value=0.000829528 -0.00446164 0.00245208 0.00616549 0.00085989 -0.0073687 -0.000494039 0.000904508 0.00235821 -0.0016459 0.00459702 0.00778355 -0.00307714 0.010094
internal_weight=1120.57 260.928 859.642 253.665 605.977 195.096 501.291 404.328 338.22 121.766 216.454 151.44 115.507 162.471
internal_count=4497 1046 3451 1020 2431 782 2011 1622 1357 488 869 608 463 654
is_linear=0
shrinkage=0.03


Tree=25
num_leaves=15
num_cat=0
split_feature=14 15 0 11 11 15 18 7 6 6 11 18 11 19
split_gain=9.81414 11.8644 7.84814 5.80982 5.02413 5.08462 8.05222 3.96897 3.76985 3.6856 3.47386 3.2182 2.78318 3.59316
threshold=0.14285714285714665 -0.62381340760398296 0.42857142857143238 0.26203418451508792 -0.91553881392950642 -0.34949198191660336 -0.29775654664685286 1.0000000180025095e-35 -0.30835185151853389 0.26795081982430824 -0.01163153507549365 0.2022443245409784 0.096267103549051269 0.17245212641647961
decision_type=2 2 2 2 2 2 2 2 2 2 2 2 2 2
left_child=1 3 4 -1 -2 -6 10 11 -3 -8 -7 -4 13 -10
right_child=2 8 7 -5 5 6 9 -9 12 -11 -12 -13 -14 -15
leaf_value=-0.0086451486061163013 0.0069487217952944819 0.0001316915449067048 0.001320899988850344 0.0032027563995430286 0.0061340314198809857 -0.0018268109594804425 -0.009165251265559584 -0.0098086677962641398 0.0056472479361278673 0.00024961097468490672 0.0085741212643854463 -0.0077918377836968039 0.0042854566712812597 0.016146699933644898
leaf_weight=80.896935760974884 75.054147839546204 58.290503203868866 80.59918749332428 62.148362815380096 62.143502786755562 54.862616539001465 137.25314572453499 138.01008108258247 63.057732820510864 50.426787719130516 52.8584204018116 54.920526757836342 89.661859214305878 67.431477233767509
leaf_count=324 301 236 323 249 249 220 550 553 254 202 212 220 361 272
internal_value=-0.000221885 0.00337722 -0.00237883 -0.00356331 0.000148335 -0.00135532 -0.00300673 -0.00630655 0.00694278 -0.00669478 0.00343084 -0.00251796 0.00870321 0.0114686
internal_weight=1127.62 421.487 706.128 143.045 432.599 357.544 295.401 273.53 278.442 187.68 107.721 135.52 220.151 130.489
internal_count=4526 1696 2830 573 1734 1433 1184 1096 1123 752 432 543 887 526
is_linear=0
shrinkage=0.03


Tree=26
num_leaves=15
num_cat=0
split_feature=13 20 13 0 0 15 18 7 1 13 18 9 0 13
split_gain=8.80334 8.89734 6.86292 6.7817 6.96067 5.9193 5.00169 5.09973 4.6542 4.66674 4.55939 4.7263 5.34746 3.44533
threshold=0.61538461538466482 -0.41434775123311157 0.14285714285714612 0.67567567567567488 0.57575757575757536 0.54693344663314569 0.090333466014469607 1.0000000180025095e-35 0.25000000000000006 0.25289806795469366 0.78909705703125654 0.020146481601936092 0.63636363636362958 0.39571886446886501
decision_type=2 2 2 2 2 2 2 2 2 2 2 2 2 2
left_child=1 5 10 4 8 6 7 -1 9 -4 11 12 -3 -11
right_child=-2 2 3 -5 -6 -7 -8 -9 -10 13 -12 -13 -14 -15
leaf_value=-0.0062667990896876653 0.0084720536699478544 -0.01155038715170784 0.0041326995461444362 -0.0098103381265728148 0.011231333832969922 0.010709834244234646 0.0076220126591450138 0.0037770219751621609 0.0048718257534911789 -0.010731397710064665 0.00025825935156014091 -0.015729029307261808 -0.00028935676185065672 -0.0016369441336276254
leaf_weight=91.540157586336136 102.18029679358006 63.616288408637047 58.91688796877861 50.309261813759804 50.652755543589592 73.684836521744728 71.35484354197979 81.476583749055862 101.09479005634785 61.402858778834343 74.624865755438805 53.397769674658775 85.515275001525879 91.148345813155174
leaf_count=367 412 255 236 202 204 297 286 327 406 246 299 214 343 366
internal_value=0.000296727 -0.000569098 -0.00247703 -1.55504e-05 0.00145592 0.00354831 0.00121748 -0.00156375 -0.000280135 -0.00279873 -0.00608431 -0.00837123 -0.00531193 -0.00552192
internal_weight=1110.92 1008.74 690.679 413.525 363.216 318.056 244.372 173.017 312.563 211.468 277.154 202.529 149.132 152.551
internal_count=4460 4048 2771 1660 1458 1277 980 694 1254 848 1111 812 598 612
is_linear=0
shrinkage=0.03


Tree=27
num_leaves=15
num_cat=0
split_feature=13 0 3 1 4 13 19 15 17 16 0 17 4 13
split_gain=14.7918 9.51323 7.25678 7.47365 8.1606 6.06201 7.62739 4.69328 5.24037 4.62165 4.3638 4.39712 4.25657 7.59905
threshold=0.1333333333333156 0.89528508771928861 0.17391304347826089 0.25000000000000006 0.95344927046033157 0.29166666666664631 -0.34095525855896763 0.53788656543350821 0.31131029518556003 -0.64969003005937154 0.42857142857143238 -0.55294751921312357 1.0046597292517119 0.07692307692306545
decision_type=2 2 2 2 2 2 2 2 2 2 2 2 2 2
left_child=1 9 3 7 -5 -4 -7 8 10 -1 11 -2 13 -11
right_child=2 -3 5 4 -6 6 -8 -9 -10 12 -12 -13 -14 -15
leaf_value=0.0002850869104720918 0.00075028065672315294 0.0054993273151993033 -0.0066702397108638319 0.0015934018330825211 0.015948305654979171 0.011372309435748235 -0.0022921360819436287 0.0097286906121082945 -0.0047820430838660007 0.00064909452003916344 -0.0025317969200881842 0.011953580669634541 -0.013347790625645355 -0.013382026840613931
leaf_weight=67.399516507983208 58.481965571641922 67.682836785912514 102.01286885142326 58.817353323101997 90.453163295984268 51.986671403050423 100.00719073414803 60.979282021522522 94.556314364075661 86.34798938035965 64.070914924144745 65.271353676915169 96.025143474340439 52.636694028973579
leaf_count=270 235 272 409 237 364 209 402 246 379 346 257 262 385 211
internal_value=0.000495683 -0.00437257 0.00292181 0.00502896 0.010527 -0.00118307 0.00259487 0.00252199 0.000823533 -0.00663553 0.00369637 0.00689399 -0.00858492 -0.00494499
internal_weight=1116.73 370.092 746.637 492.63 149.271 254.007 151.994 343.36 282.381 302.409 187.824 123.753 235.01 138.985
internal_count=4484 1484 3000 1980 601 1020 611 1379 1133 1212 754 497 942 557
is_linear=0
shrinkage=0.03


Tree=28
num_leaves=15
num_cat=0
split_feature=16 18 18 13 6 17 18 1 0 13 1 3 16 18
split_gain=15.7788 7.74037 9.36298 7.42649 7.11006 7.74001 7.68147 6.73351 7.59978 7.45111 7.77408 7.66464 4.82285 4.52741
threshold=0.75364145373672553 -0.54176898582172195 0.94168717251320844 0.18749999999999353 0.062015785408222508 0.71904108090054775 1.0405668879032446 0.25000000000000006 0.63636363636362958 0.37931034482758097 -0.24999999999999997 0.043478260869565195 -0.2362399363526142 0.32194566256903207
decision_type=2 2 2 2 2 2 2 2 2 2 2 2 2 2
left_child=4 -2 3 -3 5 7 13 8 9 10 -1 -11 -9 -6
right_child=1 2 -4 -5 6 -7 -8 12 -10 11 -12 -13 -14 -15
leaf_value=0.0035664476013538399 0.0033929652283477816 -0.020949001942709735 0.00081408822976884797 -0.0063936376637868863 -0.00073595148739342216 -0.0067130894594612705 0.005059011993108254 0.0037704072919432113 0.0088079979901996112 -0.0022185540158167478 -0.0095653292343776883 0.013316564552730212 0.014640548820547045 -0.0095890628384106436
leaf_weight=64.844348564743996 50.544114500284195 62.28064914047718 55.680024117231369 71.558084741234779 105.46088744699955 53.829399436712265 92.244738817214966 70.007982984185219 116.92994011938572 53.843853309750557 94.8106839209795 53.111159861087799 84.608166515827179 99.291155800223351
leaf_count=260 203 250 223 287 423 216 370 282 470 217 380 214 341 398
internal_value=-3.44369e-05 -0.00677822 -0.00950833 -0.0136774 0.00181439 0.00370431 -0.00195163 0.00479853 0.00260366 -0.000229495 -0.00428548 0.00574599 0.00999099 -0.00515536
internal_weight=1129.05 240.063 189.519 133.839 888.982 591.986 296.997 538.156 383.54 266.61 159.655 106.955 154.616 204.752
internal_count=4534 963 760 537 3571 2380 1191 2164 1541 1071 640 431 623 821
is_linear=0
shrinkage=0.03


Tree=29
num_leaves=15
num_cat=0
split_feature=13 6 20 4 6 11 11 6 3 20 16 8 14 3
split_gain=9.43468 8.9298 12.1864 7.69744 4.93057 7.48148 5.90632 6.54704 5.96863 5.08413 4.4732 11.2635 2.93711 1.92173
threshold=0.15624999999998104 0.27154587024162352 -0.40648182826423435 0.83634997797042931 0.056478426080193163 0.16106596243066856 0.11520410827049919 -0.20062924418159514 0.043478260869565195 0.064659233210739145 -0.33604991372953608 0.10409495463865832 0.23076923076925268 0.043478260869565195
decision_type=2 2 2 2 2 2 2 2 2 2 2 2 2 2
left_child=1 2 13 -2 6 9 7 -5 -8 -6 -4 -12 -9 -1
right_child=3 -3 10 4 5 -7 8 12 -10 -11 11 -13 -14 -15
leaf_value=0.0066438328134604237 0.011211221613594818 0.0060905443628894848 -0.01664845259441031 0.00068562055895816801 -0.0011646452842319591 0.0042314850202279783 -0.0070879194926001636 0.015035817757758347 0.0040076502897092936 -0.013373322167390183 0.0023959901092896157 -0.012718379540628587 0.0053990942774913356 -0.00093013551979407932
leaf_weight=54.57409080862999 78.523281589150429 74.37933337688446 50.886195838451385 100.51180370151997 66.043085262179375 89.280617669224739 72.341999396681786 67.899465158581734 95.262739077210426 54.126247450709343 73.80527026951313 101.3435060530901 60.788812980055809 58.873758479952812
leaf_count=219 316 298 204 405 265 358 291 274 383 217 296 407 244 236
internal_value=0.000511845 -0.00304221 -0.00510252 0.00266631 0.0014769 -0.00221267 0.0034277 0.00650574 -0.000848041 -0.00697818 -0.00906408 -0.00645966 0.0108559 0.00283998
internal_weight=1098.64 413.862 339.483 684.778 606.255 209.45 396.805 229.2 167.605 120.169 226.035 175.149 128.688 113.448
internal_count=4413 1660 1362 2753 2437 840 1597 923 674 482 907 703 518 455
is_linear=0
shrinkage=0.03


Tree=30
num_leaves=15
num_cat=0
split_feature=6 13 8 19 15 12 11 11 16 3 18 16 11 19
split_gain=8.03878 8.34861 8.98159 7.65368 7.26648 7.02222 6.24829 10.1208 5.96592 5.25276 4.38624 6.43197 4.4696 3.69743
threshold=0.4794302782817178 0.1218451749734764 0.150298919608402 -0.58724687112777063 0.53788656543350821 1.0000000180025095e-35 -0.3920602234696216 0.1782901522592828 -0.19488100225800395 0.1304347826086957 -0.75982487253839082 0.57066360050685161 -0.057020721309996962 -0.20272715772249086
decision_type=2 2 2 2 2 2 2 2 2 2 2 2 2 2
left_child=1 3 4 -1 5 6 13 -8 -7 -9 -5 12 -12 -3
right_child=-2 2 -4 10 -6 8 7 9 -10 -11 11 -13 -14 -15
leaf_value=-0.013264904542201932 0.0086060131708317143 0.009649436905443582 -0.0051719441332560333 0.0050864748291974005 0.010617359808740009 0.00078117557571419491 -0.011765138405027952 -0.0043410751327059224 0.013013496057383141 0.0076699298454626103 -0.0052328258295648066 -0.011596886184925045 0.0057168598499490377 -0.00092195862510450284
leaf_weight=70.887758150696754 81.771763890981674 54.08225953578949 163.0087887942791 52.284585520625114 83.81856632232666 75.035445392131805 87.187886029481888 64.781608954071999 64.993466347455978 57.003313273191452 69.07607114315033 65.96339638531208 56.3396325558424 58.433337017893791
leaf_count=284 328 217 654 210 339 302 350 260 262 229 277 265 226 235
internal_value=-0.000163376 -0.000902866 0.000907172 -0.00492934 0.00275479 0.00122834 -0.00122621 -0.00426208 0.00671164 0.00136163 -0.00228636 -0.00437883 -0.000283379 0.0043537
internal_weight=1104.67 1022.9 708.345 314.551 545.336 461.517 321.488 208.973 140.029 121.785 243.664 191.379 125.416 112.516
internal_count=4438 4110 2848 1262 2194 1855 1291 839 564 489 978 768 503 452
is_linear=0
shrinkage=0.03


Tree=31
num_leaves=15
num_cat=0
split_feature=8 13 6 1 18 7 4 15 15 11 1 14 11 0
split_gain=9.05507 5.86635 5.56373 5.17771 4.94318 5.1542 4.89331 4.8359 4.37808 9.8465 7.2483 4.9411 4.711 2.89374
threshold=0.16485981230234018 0.29999999999997229 0.27154587024162352 -1.0000000180025095e-35 0.84938436820741037 0.33333333333333337 0.99291544892801231 0.45519944386292005 0.3762046736300409 -0.26276248452307166 -1.0000000180025095e-35 0.37500000000000699 0.064446047945481227 0.28571428571424801
decision_type=2 2 2 2 2 2 2 2 2 2 2 2 2 2
left_child=1 8 3 -2 5 6 13 -5 10 -10 11 -1 -12 -3
right_child=2 4 -4 7 -6 -7 -8 -9 9 -11 12 -13 -14 -15
leaf_value=-0.011676057552345008 -0.013537501196849728 -0.00046572908378619582 0.0025732330136596896 0.0019534803047898536 0.012357824039120884 0.0088739932547809691 -0.0046035952676606682 -0.0097457891689267696 0.010435510263808678 -0.0035318980269549976 -0.0026790199323510756 -0.0009134226342689787 0.0066073094882742331 0.0091337925751759641
leaf_weight=95.348242282867432 77.946205466985703 55.646700575947762 58.674096822738647 65.059771940112114 49.717216834425926 75.869720354676247 102.75600439310074 54.742283299565315 78.408307433128357 95.745875045657158 120.21314243972301 63.65214304625988 76.105675965547562 51.479204282164574
leaf_count=382 313 224 235 261 200 306 414 220 316 385 482 255 305 208
internal_value=-0.000477983 0.000995501 -0.00537219 -0.00773501 0.00406904 0.00243918 -3.92803e-05 -0.00356865 -0.000971712 0.0028723 -0.00286951 -0.00752669 0.000995644 0.0043489
internal_weight=1121.36 864.942 256.422 197.748 335.469 285.752 209.882 119.802 529.473 174.154 355.319 159 196.319 107.126
internal_count=4506 3477 1029 794 1352 1152 846 481 2125 701 1424 637 787 432
is_linear=0
shrinkage=0.03


Tree=32
num_leaves=15
num_cat=0
split_feature=17 14 6 5 0 14 1 15 6 18 8 18 16 18
split_gain=10.5214 9.19565 7.41129 7.07794 6.75875 6.42701 6.59928 6.37883 6.07355 4.62795 4.52218 3.24205 2.84118 2.95778
threshold=0.46776322153849353 0.65058139534884896 0.44239605068973875 0.26692528882558708 0.22222222222219942 0.15384615384613198 1.0000000180025095e-35 -0.44693172669231457 0.05572591000648431 -0.027870486716427934 -0.12689502035747904 -0.45489277727847677 0.11146774232013339 -0.39935237755891179
decision_type=2 2 2 2 2 2 2 2 2 2 2 2 2 2
left_child=1 4 3 8 -1 7 12 10 -2 -8 -6 -9 13 -7
right_child=2 -3 -4 -5 5 6 9 11 -10 -11 -12 -13 -14 -15
leaf_value=0.0083911591557547377 0.0025319984433801934 -0.0098016797554339383 0.0027236647893944276 -0.013930922670487728 0.0047976716692530773 -0.013200230054157496 0.0080442272939772585 0.013211066592706468 -0.0084766210834140501 -0.0030154405423065533 -0.0066576625096992229 0.0042806003857529832 -0.00088930574520419724 -0.0028682521202603702
leaf_weight=145.01894809305668 81.457033902406693 52.099381253123283 93.224237591028214 83.701047390699387 58.624096006155014 52.659281358122826 74.214434504508972 67.191646903753281 91.304566487669945 56.100381970405579 55.609300702810287 89.268076628446579 76.042008116841316 50.160648763179779
leaf_count=584 327 209 374 336 235 211 298 273 366 225 223 361 305 201
internal_value=-0.000128894 0.00181553 -0.00441399 -0.007011 0.00271191 0.00123199 -0.00171377 0.00456661 -0.00336084 0.00334756 -0.000824171 0.00840614 -0.0053921 -0.00852654
internal_weight=1126.68 776.988 349.687 256.463 724.889 579.87 309.177 270.693 172.762 130.315 114.233 156.46 178.862 102.82
internal_count=4528 3125 1403 1029 2916 2332 1240 1092 693 523 458 634 717 412
is_linear=0
shrinkage=0.03


Tree=33
num_leaves=15
num_cat=0
split_feature=4 15 3 11 16 9 11 15 20 20 20 20 11 4
split_gain=6.2532 8.78386 12.9251 6.1846 5.94528 4.13762 4.06124 9.85444 6.62581 5.29901 7.24676 3.94598 3.58027 3.3282
threshold=1.0482902353534362 -0.49816006751329939 0.21739130434782608 -1.4014033561837131 0.87582991644053421 -0.040161592158096011 0.035711617094587221 0.3762046736300409 0.032484686474565899 -0.29575793118953858 0.51635701065300044 0.54701588480556806 -0.40051043845865769 0.93269762767773778
decision_type=2 2 2 2 2 2 2 2 2 2 2 2 2 2
left_child=3 -2 -3 -1 6 -6 7 8 12 13 -11 -10 -5 -8
right_child=1 2 -4 4 5 -7 9 -9 11 10 -12 -13 -14 -15
leaf_value=0.01119857233056298 -0.010198695974324634 0.0040461669141836284 -0.010832052682468229 -0.0030359936951979546 -0.009520147758146703 0.00093372571133070088 0.014850819551024436 0.0082459664961414825 0.0079197153028990001 -0.0038059105683022837 0.0093415833812753139 -0.0031671425885163021 -0.013516868388056423 0.004546286791749894
leaf_weight=55.841133132576942 97.487670511007309 195.89076198637486 66.166973918676376 69.680602371692657 65.240428850054741 64.600851953029633 55.891463160514832 91.645818918943405 50.996225953102112 92.841523393988609 56.542815625667572 55.542959496378899 51.042552173137665 64.666565299034119
leaf_count=225 391 788 266 280 262 259 225 370 205 373 227 223 205 260
internal_value=0.000493639 -0.00275216 0.000157094 0.00200836 0.00122186 -0.0044772 0.00250561 0.000198867 -0.00315386 0.00517761 0.00131186 0.00225684 -0.00782871 0.00972469
internal_weight=1134.08 359.545 262.058 774.533 718.692 129.841 588.851 318.908 227.262 269.942 149.384 106.539 120.723 120.558
internal_count=4559 1445 1054 3114 2889 521 2368 1283 913 1085 600 428 485 485
is_linear=0
shrinkage=0.03


Tree=34
num_leaves=15
num_cat=0
split_feature=1 16 16 5 18 17 11 5 11 3 11 13 18 18
split_gain=9.6901 7.41461 7.96147 6.26017 5.50184 5.67965 7.18299 5.66172 7.28943 6.51895 5.54053 4.69824 4.26123 2.80352
threshold=0.25000000000000006 0.8639220627867007 -0.2362399363526142 -0.27312314413251215 1.0628364902740537 -0.65126983488765477 -0.10554429128378838 0.34903052364812398 -0.18559062886127314 0.043478260869565195 -0.62250917483636148 0.29411764705880439 0.049292667362132593 1.5294487692929863
decision_type=2 2 2 2 2 2 2 2 2 2 2 2 2 2
left_child=4 2 3 -2 5 6 -1 8 10 -10 -7 -4 -11 -6
right_child=1 -3 11 -5 13 7 -8 -9 9 12 -12 -13 -14 -15
leaf_value=-0.0045063840719705775 0.00626258078432181 -0.0056299410957042894 0.005972717957081178 -0.006941123917214265 0.0084470534928134614 -0.0033427473255045605 0.0066593074633264412 -0.011825213213115358 -0.012429041380876762 0.0019864980700673215 0.0073766695389188321 0.017054775878163973 -0.0084945739710773193 -0.00072619249528434843
leaf_weight=95.752239286899567 66.615363329648972 54.027783498167992 96.069108411669731 53.903534904122353 57.092450171709061 90.137382209300995 102.11140894889832 79.374983191490173 94.388864725828171 83.873772114515305 75.162090912461281 58.040597602725029 53.094082102179527 56.576583683490753
leaf_count=385 268 217 386 217 229 362 411 319 379 337 302 235 213 227
internal_value=-0.000135147 0.00415433 0.00614544 0.000315811 -0.00194009 -0.00297164 0.001278 -0.00473293 -0.00318416 -0.00656738 0.00160487 0.0105512 -0.00223246 0.00404302
internal_weight=1116.22 328.656 274.629 120.519 787.564 673.895 197.864 476.031 396.656 231.357 165.299 154.11 136.968 113.669
internal_count=4487 1323 1106 485 3164 2708 796 1912 1593 929 664 621 550 456
is_linear=0
shrinkage=0.03


Tree=35
num_leaves=15
num_cat=0
split_feature=13 20 8 5 4 0 11 8 6 6 15 20 19 8
split_gain=8.31031 7.92127 6.11311 7.50599 6.10213 5.51728 4.70696 4.35655 4.61842 4.18241 3.62703 3.49108 6.91548 4.69995
threshold=0.1333333333333156 -0.42540890455036645 0.073929021187043212 0.33994509030621251 0.82741884347177874 0.076923076923073652 1.0952993429794593 0.20822809041465606 0.057550434816297631 -0.048865083105446454 -0.19231367408206484 0.039892753067651762 -0.2650873817878352 -0.067646039150605311
decision_type=2 2 2 2 2 2 2 2 2 2 2 2 2 2
left_child=1 9 -3 -4 -2 -6 7 8 11 -1 -10 12 -7 -14
right_child=4 2 3 -5 5 6 -8 -9 10 -11 -12 -13 13 -15
leaf_value=0.007976098370067148 0.0097853664862174016 -0.011323093343460459 0.0046916968340203853 -0.0086359832112767633 0.0085383873088077985 0.0061820172406976525 0.0074499719331698995 -0.0071533023564451905 0.00086918807696473863 -0.0032329082376984877 -0.0081060204439360791 0.0063761811661048311 -0.011365528491403435 0.0011293177433955757
leaf_weight=62.75712151825428 76.137050241231918 114.91015076637268 71.248723685741425 71.331064388155937 73.553307950496674 80.720615804195404 64.142374560236931 78.744517236948013 76.078344285488129 49.885642677545547 79.622533321380615 117.35344387590885 50.048082768917084 51.738002583384514
leaf_count=252 307 461 286 287 296 325 258 316 305 200 320 473 202 209
internal_value=0.000193665 -0.00345535 -0.00632105 -0.00204268 0.00200993 0.00106321 8.13293e-05 -0.000864131 0.00028882 0.00308559 -0.00382997 0.00245522 -0.000168789 -0.00525888
internal_weight=1118.27 370.133 257.49 142.58 748.138 672.001 598.448 534.306 455.561 112.643 155.701 299.86 182.507 101.786
internal_count=4497 1486 1034 573 3011 2704 2408 2150 1834 452 625 1209 736 411
is_linear=0
shrinkage=0.03


Tree=36
num_leaves=15
num_cat=0
split_feature=16 1 15 4 15 11 6 9 9 19 15 16 14 17
split_gain=5.63054 5.91962 8.13691 6.53586 5.03355 4.49185 3.54365 6.05898 5.84378 3.23002 5.34503 4.31508 3.21363 2.76669
threshold=1.0548830204303072 0.25000000000000006 1.1213608527974268 0.98139758526782583 0.53788656543350821 0.34016447154639079 0.15193652791265713 -0.049455746094234872 -0.13035059866740764 -0.8952853489680167 0.6485125812172523 -0.2362399363526142 0.35714285714281474 -0.65126983488765477
decision_type=2 2 2 2 2 2 2 2 2 2 2 2 2 2
left_child=1 2 3 6 5 12 7 8 13 -3 11 -11 -5 -1
right_child=-2 9 -4 4 -6 -7 -8 -9 -10 10 -12 -13 -14 -15
leaf_value=0.0030225154612012915 -0.0057319633862407326 -0.0022504146009356086 0.0099484770232560592 -0.013120442938905418 0.0031622410299468819 -0.0010976687157955582 0.0063913277189095695 -0.0068529082198446854 0.0096540997965910459 0.0019354976302793899 -0.0024653825674224778 0.011380970704541207 -0.0041780071709081055 -0.0062885655039446684
leaf_weight=53.529003635048866 133.91453896462917 54.168663069605827 53.032533824443817 93.896210715174675 53.371350541710854 85.719425395131111 80.238973677158356 87.347852975130081 61.447294309735298 70.82239356637001 54.241914138197899 118.78436812758446 67.36832632124424 51.971559852361679
leaf_count=216 538 218 214 377 215 344 322 351 247 285 219 479 270 209
internal_value=-7.59524e-05 0.000717317 -0.00081613 -0.00178601 -0.00496115 -0.00674447 0.0010958 -0.00066614 0.00267595 0.00421208 0.00566403 0.00799325 -0.00962272 -0.0016413
internal_weight=1119.85 985.94 687.923 634.89 300.355 246.984 334.535 254.296 166.948 298.017 243.849 189.607 161.265 105.501
internal_count=4504 3966 2765 2551 1206 991 1345 1023 672 1201 983 764 647 425
is_linear=0
shrinkage=0.03


Tree=37
num_leaves=15
num_cat=0
split_feature=16 13 3 11 15 4 18 18 17 20 4 20 4 13
split_gain=7.84035 6.60056 6.70993 6.77124 8.15365 5.95708 5.86124 4.82604 7.20161 8.06507 3.83376 3.17572 3.65386 3.03641
threshold=0.72029825464100727 0.29629629629630089 0.17391304347826089 0.3857543629450324 0.21925318465901034 0.98139758526782583 0.079367467931613297 1.0405668879032446 0.40370416171733309 0.49602038198374049 1.0482902353534362 -0.51774429961055801 0.89279271369545155 0.083333333333340101
decision_type=2 2 2 2 2 2 2 2 2 2 2 2 2 2
left_child=1 2 3 4 -1 11 -7 8 9 -2 13 -3 -13 -4
right_child=7 5 10 -5 -6 6 -8 -9 -10 -11 -12 12 -14 -15
leaf_value=-0.0050266000239836918 -0.0094328814546831043 0.014347559699935069 0.0030262471852328136 0.0086518494535294446 0.0054234193871759272 -0.0043816189452932719 0.0062085343783132218 0.002958899109295845 -0.015171952138602016 0.0054632511140360277 -0.012016752267320989 -0.00052710175200855231 0.010161896587379739 -0.0059589526225549156
leaf_weight=163.32800067961216 67.391834497451782 51.68342550098896 50.604080006480217 84.183608680963516 106.94482931494713 96.458246067166328 82.731785833835602 50.902286127209663 61.689337849617004 55.235695093870163 52.097424507141113 53.442168429493904 56.209601819515228 84.203384086489677
leaf_count=655 271 209 203 338 431 389 333 204 248 222 209 216 227 338
internal_value=-0.000189268 0.00111378 -0.0009459 0.00148171 -0.000868207 0.00435454 0.000543647 -0.00499618 -0.00721324 -0.00277198 -0.0054684 0.00844361 0.00515649 -0.00259848
internal_weight=1117.11 881.887 541.361 354.456 270.273 340.525 179.19 235.219 184.317 122.628 186.905 161.335 109.652 134.807
internal_count=4493 3548 2174 1424 1086 1374 722 945 741 493 750 652 443 541
is_linear=0
shrinkage=0.03


Tree=38
num_leaves=15
num_cat=0
split_feature=14 15 15 4 16 4 11 15 14 6 17 17 20 20
split_gain=8.43171 9.69785 6.03832 4.59848 4.50856 3.19152 2.79272 5.2722 4.24355 3.97739 3.17032 5.26032 2.48792 3.62436
threshold=0.14285714285714665 -0.2220920343106558 0.75637347406784017 1.050244386757069 0.223743210189321 0.95597506213689487 -0.91553881392950642 -0.10532745109413909 0.24000000000005686 -0.071697714572437718 -0.076836246946831915 0.85924206984111795 0.50701762004727613 -0.53968800347327706
decision_type=2 2 2 2 2 2 2 2 2 2 2 2 2 2
left_child=1 3 6 -1 5 -3 7 -2 -8 12 -11 -12 13 -10
right_child=2 4 -4 -5 -6 -7 8 -9 9 10 11 -13 -14 -15
leaf_value=0.00028320490312961543 -0.0040022447450763707 0.015679598141170918 -0.010291510847298723 -0.0099122432940606815 0.0019698947056645839 0.0051998434247563013 -0.0078288096818156794 0.0085717651768245501 -0.00034412382517053764 0.0072623065605844457 -0.0054216467843605518 0.0060934690748494641 0.0011862273947956781 -0.010365321306026966
leaf_weight=144.46076308190823 56.262849062681198 53.962879329919815 85.352697998285294 49.825071796774864 105.84556031227112 60.593367666006088 115.05042572319508 54.443182781338692 53.079852700233459 57.073064386844635 84.735735222697258 54.372789308428764 49.776257485151291 80.161236554384232
leaf_count=580 226 220 343 200 427 246 462 219 213 229 340 218 200 322
internal_value=-0.00102181 0.00234182 -0.00304475 -0.00251454 0.00658355 0.0105857 -0.00194633 0.00228462 -0.00290741 -0.00133178 0.00162075 -0.000865523 -0.00445562 -0.00652997
internal_weight=1105 414.688 690.308 194.286 220.402 114.556 604.955 110.706 494.249 379.199 196.182 139.109 183.017 133.241
internal_count=4445 1673 2772 780 893 466 2429 445 1984 1522 787 558 735 535
is_linear=0
shrinkage=0.03


Tree=39
num_leaves=15
num_cat=0
split_feature=9 17 15 14 11 20 3 17 14 0 14 3 16 16
split_gain=8.05172 9.53894 7.38855 8.84521 8.43713 6.63002 6.14468 4.91298 3.64564 8.21386 3.47137 3.42625 4.47116 3.40869
threshold=0.2112887573048908 0.078873693847630641 -0.61370699849413035 0.16666666666666527 0.20395752199566602 -0.53968800347327706 0.086956521739130446 -0.39742373507529999 0.1333333333333169 0.70152654363181421 0.33333333333332843 0.26086956521739135 -0.096967340649055697 0.58187802128032684
decision_type=2 2 2 2 2 2 2 2 2 2 2 2 2 2
left_child=1 2 4 7 -1 -3 10 -4 9 -7 -5 12 -2 -10
right_child=11 5 3 6 -6 8 -8 -9 13 -11 -12 -13 -14 -15
leaf_value=-0.01118747130602598 0.015006157716339378 0.0052856172979241917 0.0055433108274416526 -0.0010983456367109276 0.0036051200186467667 0.0067932533235451186 -0.0045486758575101153 0.017128655101217492 -0.0045322051861741612 -0.0088080784730871723 0.007827804694750664 -0.00011838710977171245 0.0039837511966966397 -0.012484708258415699
leaf_weight=63.830980405211449 57.024657502770424 57.506805539131165 96.994388446211815 60.201334401965141 66.288902521133423 56.528452381491661 105.3609107285738 51.985699117183685 138.25211173295975 55.047011896967888 101.82239517569542 51.852309688925743 82.205035269260406 79.19187505543232
leaf_count=256 229 231 395 242 266 228 423 211 555 221 409 208 330 319
internal_value=0.000957886 -0.00020243 0.00234097 0.00428145 -0.00379692 -0.00378236 0.000963987 0.0100109 -0.00542268 -0.00095149 0.00457762 0.00648415 0.00886194 -0.00764399
internal_weight=1124.09 933.011 546.485 416.365 130.12 386.526 267.385 148.98 329.019 111.575 162.024 191.082 139.23 217.444
internal_count=4523 3756 2202 1680 522 1554 1074 606 1323 449 651 767 559 874
is_linear=0
shrinkage=0.03


Tree=40
num_leaves=15
num_cat=0
split_feature=13 4 13 20 1 4 4 10 1 5 20 3 11 4
split_gain=10.1546 6.24981 4.83853 3.91386 3.76164 3.71801 8.09615 3.6049 7.87167 6.01083 6.2612 4.18243 3.74867 3.42949
threshold=0.1333333333333156 1.0521189635714259 0.083333333333340101 -0.41434775123311157 0.25000000000000006 1.0450993375666149 0.95597506213689487 -1.0000000180025095e-35 -0.41666666666666663 -0.15096254017847835 0.38856149483537111 -0.086956521739130418 0.1782901522592828 0.97557936688741864
decision_type=2 2 2 2 2 2 2 2 2 2 2 2 2 2
left_child=1 2 3 -1 7 6 -6 11 -9 -10 -11 13 -13 -2
right_child=4 -3 -4 -5 5 -7 -8 8 9 10 -12 12 -14 -15
leaf_value=0.0073224062351830493 -0.0015573279764559082 -0.010603433598088789 -0.0080828308482306498 -0.0020924145855571196 0.0011612195956687624 -0.00023135932234296335 0.015732437136508286 0.012459394349365223 0.0079018165204186967 -0.0086530942278007644 0.003704656228845124 -0.0039882863105390569 0.0049224555717156081 -0.012003917864013686
leaf_weight=50.995825231075287 60.494849368929863 105.92314173281193 77.432825714349747 132.16522425413132 78.143387541174889 86.024801969528198 57.433761015534401 51.819276854395866 53.7135319262743 81.687898546457291 60.399941012263298 74.725890442728996 86.152163654565811 51.1330935806036
leaf_count=205 243 426 311 531 316 347 232 209 217 330 243 300 346 205
internal_value=-0.000577378 -0.00462816 -0.0020455 0.000653789 0.00144186 0.00466776 0.00767396 3.60901e-05 0.00262862 -0.000218578 -0.00345259 -0.0023246 0.000788066 -0.00665204
internal_weight=1108.25 366.517 260.594 183.161 741.729 221.602 135.577 520.127 247.621 195.801 142.088 272.506 160.878 111.628
internal_count=4461 1473 1047 736 2988 895 548 2093 999 790 573 1094 646 448
is_linear=0
shrinkage=0.03


Tree=41
num_leaves=15
num_cat=0
split_feature=13 18 19 16 18 17 14 20 16 20 16 17 15 18
split_gain=10.7034 6.92761 6.11604 5.7638 5.94298 5.74845 5.4719 4.05256 4.60094 14.8735 5.18981 4.0305 3.82561 5.07502
threshold=0.60000000000001485 -0.71707239345528262 0.50112758165772897 0.6216819907957194 1.0405668879032446 -0.076836246946831915 1.0000000180025095e-35 0.86218645211989331 -0.28013670055633011 -0.27665731187312198 -0.79422194938473722 0.70598953847894996 0.096916793552776132 -1.249903762858642
decision_type=2 2 2 2 2 2 2 2 2 2 2 2 2 2
left_child=1 2 12 6 5 -5 -3 8 9 10 -8 -10 13 -1
right_child=-2 3 -4 4 -6 -7 7 -9 11 -11 -12 -13 -14 -15
leaf_value=-0.0093593480462830937 0.0087017384727982854 0.0065875623564946653 0.011273322786529165 -0.0010962723152753166 0.0021628801759823206 -0.013046451125280132 0.0061225090987691508 0.0052579002719029379 0.0023502100778011576 -0.014759638832278371 -0.0057305319388987058 -0.0067213911803848028 0.0059879045602190539 0.0033583740812961585
leaf_weight=51.80286879837513 104.72420202195644 71.765352413058281 59.370641812682152 53.997267171740532 51.370334222912788 111.52129386365414 68.924707755446434 56.274321153759956 168.93174460530281 93.386827781796455 55.492096990346909 54.04242242872715 62.274533644318581 52.301324620842934
leaf_count=208 424 290 240 217 206 449 277 226 679 375 223 217 252 210
internal_value=-0.000200903 -0.00116094 0.00342062 -0.00249062 -0.00659314 -0.00929439 -0.000882513 -0.00201592 -0.00299313 -0.0060421 0.000818694 5.23258e-05 0.000371312 -0.00310894
internal_weight=1116.18 1011.46 225.749 785.706 216.889 165.519 568.817 497.052 440.778 217.804 124.417 222.974 166.379 104.104
internal_count=4493 4069 910 3159 872 666 2287 1997 1771 875 500 896 670 418
is_linear=0
shrinkage=0.03


Tree=42
num_leaves=15
num_cat=0
split_feature=14 15 19 17 5 11 11 14 20 18 17 16 8 7
split_gain=7.54807 7.89656 5.25461 5.57212 4.57684 4.26977 4.14322 5.728 4.82302 4.06462 6.0224 4.03672 4.20564 2.89225
threshold=0.13636363636363716 -0.49816006751329939 0.5935447254763907 -0.045857287089594544 -0.10034326168690656 -0.26276248452307166 0.064446047945481227 0.24000000000005686 -0.098022601327403869 0.39023624237461668 -0.17642898461029585 -0.30486199928076502 -0.012046854096053392 1.0000000180025095e-35
decision_type=2 2 2 2 2 2 2 2 2 2 2 2 2 2
left_child=1 13 5 -4 -3 11 -7 -8 -9 10 -6 -2 -13 -1
right_child=2 4 3 -5 9 6 7 8 -10 -11 -12 12 -14 -15
leaf_value=0.0019366755725857519 -0.005004485458538867 0.012525778999165821 0.0089440305037023007 -0.0017165777813848101 0.0070330414113950997 -0.011043087314758226 -0.010075326044933875 0.005552030136535188 -0.0049054361713076 0.0094370016905937076 -0.0066159495739461904 0.0095248225429093829 -0.00080807015220104228 -0.0059016223539206051
leaf_weight=86.478445082902908 90.406201764941216 77.672434285283089 70.863142117857933 102.37901522219181 51.957860797643661 83.203438714146614 68.218740418553352 72.012667253613472 76.913495019078255 63.465281963348389 54.475093156099319 49.754868537187576 98.589652955532074 74.777888968586922
leaf_count=347 363 317 285 412 212 334 274 289 309 256 220 200 396 300
internal_value=0.000145331 0.00337119 -0.00171665 0.00277262 0.00668623 -0.00317152 -0.00552152 -0.00320488 0.000167322 0.0037348 6.37404e-05 -0.00016261 0.00285516 -0.00176628
internal_weight=1121.17 408.827 712.341 173.242 247.571 539.099 300.348 217.145 148.926 169.898 106.433 238.751 148.345 161.256
internal_count=4514 1652 2862 697 1005 2165 1206 872 598 688 432 959 596 647
is_linear=0
shrinkage=0.03


Tree=43
num_leaves=15
num_cat=0
split_feature=14 15 15 14 4 4 4 1 16 0 20 20 17 17
split_gain=8.11349 10.404 5.69751 5.15488 4.16743 4.00202 3.99873 6.03291 5.10089 5.07939 4.95836 7.73271 6.67593 2.60202
threshold=0.14285714285714665 -0.38261868877264399 0.73219564617015054 0.020833333333354059 0.93846745679015564 0.85464979446002576 0.96926547053491541 0.41666666666666674 0.5571143923380053 0.33333333333330034 -1.0000000180025095e-35 0.85255747060683518 -0.38139787134643988 -0.094853961658953365
decision_type=2 2 2 2 2 2 2 2 2 2 2 2 2 2
left_child=1 3 4 -1 -3 -2 8 10 9 -7 12 -12 -8 -4
right_child=5 2 13 -5 -6 6 7 -9 -10 -11 11 -13 -14 -15
leaf_value=-0.007683312146542119 -0.0067463307005021355 0.0050231496928244473 0.0080977779262529602 0.0025510539549227652 0.016946732061673953 0.011940977860189116 -0.0059044786798067234 0.0062745032745666765 -0.0040686853957120064 0.00087138370385941139 -0.012102209428091534 0.001076395467446617 0.0056544730102038301 -0.00059875555082704681
leaf_weight=68.533527746796608 97.755502581596375 49.094797283411026 49.23791828751564 107.09376372396946 71.260070160031319 64.433908507227898 83.725108817219734 60.610428974032402 61.150402680039406 82.482179552316666 103.96735453605652 62.171463176608086 86.186712846159935 70.688298046588898
leaf_count=275 393 200 201 430 290 259 336 244 246 331 418 250 346 285
internal_value=0.000693336 0.00398887 0.00798257 -0.00154475 0.0124773 -0.0012722 -0.000339231 -0.00209887 0.00298589 0.00595947 -0.00367894 -0.00728323 -4.72393e-05 0.00315296
internal_weight=1118.39 415.908 240.281 175.627 120.355 702.483 604.728 396.661 208.066 146.916 336.051 166.139 169.912 119.926
internal_count=4504 1681 976 705 490 2823 2430 1594 836 590 1350 668 682 486
is_linear=0
shrinkage=0.03


Tree=44
num_leaves=15
num_cat=0
split_feature=14 15 13 13 19 4 17 6 0 13 6 16 15 17
split_gain=9.64681 7.98938 5.33197 7.43532 4.93146 4.85779 3.31308 3.14907 5.43992 4.39874 3.38921 3.0644 3.02095 2.93081
threshold=0.14285714285714665 -0.62381340760398296 0.12499999999998657 0.47727272727271758 -0.90825158804875428 0.98033078863816181 0.51495063301176391 -0.15735635778721332 0.32653061224488372 0.28571428571421781 0.10945255203870026 -0.27166044840926923 0.8276725617898536 -0.094853961658953365
decision_type=2 2 2 2 2 2 2 2 2 2 2 2 2 2
left_child=1 5 13 4 -4 -1 11 8 -6 10 -9 -3 -13 -2
right_child=2 6 3 -5 7 -7 -8 9 -10 -11 -12 12 -14 -15
leaf_value=0.0021732666627202178 -0.0021328313118512635 0.0029723193399747308 0.009365388316945833 -0.0075908690292358361 0.0026080936617809865 -0.008860603285949481 0.0010529403599913814 0.010544714865867368 -0.0097653359794987373 -0.0026559281634713225 0.0002717417217448769 0.014698482958984236 0.004762768236686009 -0.0088496066751306817
leaf_weight=82.505352109670639 108.61559373140335 70.458982676267624 54.783651664853096 99.170848339796066 59.25006265938282 56.604232102632523 81.486800789833069 61.469499707221985 60.47154201567173 89.105194270610809 51.621161729097366 75.864765197038651 52.00679312646389 132.89068427681923
leaf_count=331 436 288 220 399 238 227 328 247 243 358 207 309 211 535
internal_value=-0.00024455 0.0033491 -0.00235179 -0.000491357 0.00145262 -0.00246811 0.00623366 -1.66091e-05 -0.00378268 0.00225078 0.00606558 0.00828399 0.0109888 -0.00593332
internal_weight=1136.31 418.927 717.378 475.872 376.701 139.11 279.817 321.917 119.722 202.196 113.091 198.331 127.872 241.506
internal_count=4577 1694 2883 1912 1513 558 1136 1293 481 812 454 808 520 971
is_linear=0
shrinkage=0.03


Tree=45
num_leaves=15
num_cat=0
split_feature=14 10 18 14 14 9 6 18 9 19 16 6 8 7
split_gain=7.17556 4.29114 5.33095 4.27322 5.9954 5.58032 5.71755 4.74996 4.1952 3.76564 5.45998 6.20509 5.32731 3.24066
threshold=0.13487525987526452 -1.0000000180025095e-35 -0.45489277727847677 0.69098143236069565 0.40778533635679354 0.2112887573048908 -0.41339777146050793 -0.33117585331996319 -0.037457330688671027 -0.58724687112777063 0.77239115082279064 0.05572591000648431 -0.062702889265608436 1.0000000180025095e-35
decision_type=2 2 2 2 2 2 2 2 2 2 2 2 2 2
left_child=1 2 -1 4 5 6 -2 -6 -9 -8 11 12 -11 -4
right_child=3 -3 13 -5 7 -7 9 8 -10 10 -12 -13 -14 -15
leaf_value=-0.0064513611308679112 0.0043839666279603846 0.0063277038293059083 0.0079747238573899329 -0.0096095716113320986 0.0084181053255908567 0.004266358823029069 -0.0117843535750376 -0.0066304407264653519 0.0034610841456637524 -0.0054676060455161679 -0.011858684139010787 -0.009961855803068893 0.0062751456205721234 -0.0011137001671945048
leaf_weight=67.34399451315403 51.805352330207825 199.92206473648548 67.64410924911499 51.791990056633949 82.274299025535583 74.042639553546906 74.387449204921722 54.96817809343338 92.170346885919571 51.507033854722977 56.521798372268677 50.846762850880623 86.201230734586716 66.611782059073448
leaf_count=271 208 814 272 208 331 297 299 221 370 207 228 204 347 268
internal_value=7.53138e-05 0.0032705 0.000158981 -0.00170085 -0.00102755 -0.00304641 -0.00454211 0.00287264 -0.000402927 -0.00603485 -0.00408899 -0.00151375 0.00184532 0.00358737
internal_weight=1128.04 401.522 201.6 726.517 674.725 445.312 371.27 229.413 147.139 319.464 245.077 188.555 137.708 134.256
internal_count=4545 1625 811 2920 2712 1790 1493 922 591 1285 986 758 554 540
is_linear=0
shrinkage=0.03


Tree=46
num_leaves=15
num_cat=0
split_feature=20 15 4 6 20 8 15 20 1 1 19 19 19 17
split_gain=8.61218 3.87818 5.19365 6.07926 4.99364 7.29865 4.80855 3.91182 3.78236 4.29485 3.79662 5.63561 5.58164 3.25039
threshold=-1.0466435724256018 -0.032409092914497124 0.82444101803852099 0.062015785408222508 0.64606110849985598 1.0000000180025095e-35 0.15196956454146071 -0.31402917121971091 -1.0000000180025095e-35 -0.24999999999999997 0.2857064783287438 -0.2955470770853138 -0.96457911119829953 -0.14750440617913599
decision_type=2 2 2 2 2 2 2 2 2 2 2 2 2 2
left_child=-1 8 -3 6 5 -5 -4 -8 9 13 11 12 -10 -2
right_child=1 2 3 4 -6 -7 7 -9 10 -11 -12 -13 -14 -15
leaf_value=0.0072762887272231468 0.0023723256646852454 0.0091432176196951983 0.0094970430651076763 -0.00053013199111951403 0.0022457406971106743 -0.016309657683739039 0.0061587191649294911 -0.0019049921688818298 -0.0056146133181387602 -0.011909844244532963 0.0058688015389586215 -0.0090494287035487331 0.0065034334848775481 -0.0063856186833194774
leaf_weight=128.15129494667053 62.433530807495117 56.159712210297585 60.447237685322762 51.428690209984779 55.218683391809464 49.929628893733025 70.486713051795959 186.63944663107395 55.284014686942101 64.477164894342422 61.575817286968231 68.197570666670799 74.395457312464714 85.325307667255402
leaf_count=517 251 227 244 207 222 201 286 755 222 259 248 274 299 343
internal_value=0.00010641 -0.000842162 0.000915393 -0.000144375 -0.00489279 -0.00870452 0.00223634 0.000380846 -0.00280702 -0.00572774 -0.000354711 -0.00238827 0.0013207 -0.00272854
internal_weight=1130.15 1002 530.31 474.15 156.577 101.358 317.573 257.126 471.689 212.236 259.453 197.877 129.679 147.759
internal_count=4555 4038 2142 1915 630 408 1285 1041 1896 853 1043 795 521 594
is_linear=0
shrinkage=0.03


Tree=47
num_leaves=15
num_cat=0
split_feature=17 14 15 5 5 6 9 6 5 15 5 14 6 9
split_gain=4.79515 5.18955 6.72905 4.89563 5.56572 4.8466 4.68718 4.14261 4.0885 4.07967 3.86238 3.4168 5.65019 3.73167
threshold=-0.10434638759108582 0.56250000000003053 -0.54686473654459034 0.35937436859622773 -0.08891813828318422 0.074309988850776568 0.0023046429793173221 -0.21950341237018833 -0.011730204797240488 0.38530867609057579 -0.33945884267237275 0.24999999999996728 -0.0004562894251838589 -0.05668922887675009
decision_type=2 2 2 2 2 2 2 2 2 2 2 2 2 2
left_child=1 2 10 4 -2 7 -5 9 -9 -4 -1 12 -6 -13
right_child=3 -3 5 6 11 -7 -8 8 -10 -11 -12 13 -14 -15
leaf_value=0.0035435036082454353 -0.004065181586716698 -0.0056533719341211788 0.0084095836581867169 -0.012824565731052518 0.005624875612022821 -0.0022509980371354598 -0.00085564279449993176 0.017073287092912191 0.0051247942558105058 -0.0012012433492500643 -0.0066343632476299937 -0.00091761514983119388 -0.0055095862143860154 0.0090533389537205654
leaf_weight=55.077820509672165 199.33082684874535 59.028390869498253 81.731618389487267 55.949961394071579 67.240929692983627 53.581197917461395 58.45690806210041 57.613176673650742 54.135760396718979 71.348051890730858 72.252082914113998 50.479395598173141 90.009539633989334 92.152977824211121
leaf_count=221 802 237 330 226 272 216 235 234 219 290 290 203 362 370
internal_value=0.00023251 0.00238591 0.00350144 -0.00154386 -0.000236227 0.00580647 -0.00700088 0.00744819 0.0117523 0.00403382 -0.00226428 0.00233379 -0.000721828 0.00561293
internal_weight=1118.39 504.768 445.74 613.621 499.214 318.41 114.407 264.829 111.749 153.08 127.33 299.883 157.25 142.632
internal_count=4507 2037 1800 2470 2009 1289 461 1073 453 620 511 1207 634 573
is_linear=0
shrinkage=0.03


Tree=48
num_leaves=15
num_cat=0
split_feature=18 9 8 9 16 11 20 5 0 0 0 15 6 5
split_gain=4.43337 4.22747 5.84364 5.38295 3.97741 7.85098 3.88449 3.83579 5.94534 4.81005 8.60089 6.62245 4.79187 5.76621
threshold=-1.6177403225060987 0.49165775992372723 0.17646376555471763 0.096289984982916521 -0.84823325163135121 0.028834010482815395 0.97219136734645517 -0.35158019118554157 0.8268693596905935 0.71428571428574761 0.60996279454322411 0.079989194868221689 -1.0000000180025095e-35 -0.074906084785037477
decision_type=2 2 2 2 2 2 2 2 2 2 2 2 2 2
left_child=-1 2 4 6 5 -2 -4 -6 9 10 11 12 13 -9
right_child=1 -3 3 -5 7 -7 -8 8 -10 -11 -12 -13 -14 -15
leaf_value=0.0065705645513342041 -0.011641867485744823 0.0062066943565203302 0.0016411308008656624 -0.013686945593343448 0.0086958452850286663 0.0014954359496189146 -0.0075837256522302571 -0.0089791098349086239 0.0089485013106771795 -0.0084472946793311045 0.010681630589782673 -0.0058939280758171682 0.0074624120752404405 0.0033543859196190763
leaf_weight=78.140243396162987 65.540370091795921 70.7029879540205 85.983389765024185 49.802136972546577 50.717466041445732 95.228109866380692 71.240165501832962 50.652818605303764 60.154622733592987 57.860026374459267 58.106056779623032 156.53175181150436 84.576556593179703 83.608864843845367
leaf_count=316 264 284 347 200 204 384 287 204 243 233 235 632 340 337
internal_value=-9.75176e-05 -0.000627206 -0.0011546 -0.00556038 6.92787e-05 -0.00404985 -0.00264369 0.00119323 0.00043133 -0.000691075 0.000428739 -0.00127792 0.00208174 -0.00145399
internal_weight=1118.85 1040.71 970.002 207.026 762.977 160.768 157.224 602.208 551.491 491.336 433.476 375.37 218.838 134.262
internal_count=4510 4194 3910 834 3076 648 634 2428 2224 1981 1748 1513 881 541
is_linear=0
shrinkage=0.03


Tree=49
num_leaves=15
num_cat=0
split_feature=11 15 13 1 3 11 11 11 16 14 15 5 3 11
split_gain=6.4783 9.14846 8.75545 8.2808 7.60597 5.94736 5.78002 7.56239 5.26733 4.98224 4.24122 6.25947 4.1758 3.78531
threshold=0.020157827793846273 0.27142011607999267 0.1333333333333156 -1.0000000180025095e-35 0.21739130434782608 -0.91553881392950642 0.36456628946030262 1.0077066578987728 -0.49592557271151189 0.40778533635679354 -0.54686473654459034 0.0091464912778617697 0.086956521739130446 0.18476999524287602
decision_type=2 2 2 2 2 2 2 2 2 2 2 2 2 2
left_child=1 3 8 10 -3 -5 13 -8 -2 -7 -1 -12 -10 -4
right_child=2 4 6 5 -6 9 7 -9 12 -11 11 -13 -14 -15
leaf_value=-0.016836992158867206 0.0050002007056853242 0.0063733549412366792 0.004376359795778874 0.0052682583434787269 -0.0064635065933032858 -0.0085486903556611007 -0.0017736703563213446 0.0091033016995449162 -0.00020781817416304075 0.0026472765246903286 0.00093288692527763659 -0.013194834126610506 -0.01079190151795071 0.015848593773013661
leaf_weight=51.768564984202385 50.06071811914444 148.13370101153851 54.060711905360222 79.266820758581161 52.488381385803223 96.435619190335274 148.17963960766792 87.730345979332924 61.100796699523926 52.283000990748405 55.432046324014664 51.235131129622459 69.943138316273689 56.029565125703812
leaf_count=208 201 600 218 320 212 388 597 354 246 210 223 206 282 226
internal_value=-5.15068e-05 -0.00221033 0.00235097 -0.00488734 0.00293937 -0.00116556 0.00512298 0.00237625 -0.00294029 -0.00465459 -0.0100434 -0.00614 -0.00604596 0.0106499
internal_weight=1114.15 587.043 527.105 386.421 200.622 227.985 346 235.91 181.105 148.719 158.436 106.667 131.044 110.09
internal_count=4491 2367 2124 1555 812 918 1395 951 729 598 637 429 528 444
is_linear=0
shrinkage=0.03


Tree=50
num_leaves=15
num_cat=0
split_feature=6 13 17 20 12 8 16 16 20 3 20 20 5 17
split_gain=9.65261 6.08774 5.46779 7.23291 5.78907 5.01707 4.50695 6.13549 8.12012 4.8668 5.32765 8.31163 4.64722 4.33003
threshold=0.4794302782817178 0.30801282051287182 0.39712781253884194 -0.55089650058336737 1.0000000180025095e-35 0.055484836865783795 1.0548830204303072 -0.32579009281864763 -0.7644268642301969 -0.30434782608695649 1.0000000180025095e-35 0.35551247422143784 -0.30025404749711943 0.79239729416685989
decision_type=2 2 2 2 2 2 2 2 2 2 2 2 2 2
left_child=1 6 3 -3 5 -5 7 8 -1 -9 -11 -12 -10 -4
right_child=-2 2 13 4 -6 -7 -8 9 12 10 11 -13 -14 -15
leaf_value=0.001164530488836084 0.0089473139203459246 -0.0033017012282246139 -0.0094908352851715422 0.008285935542987061 0.013782775017991111 -0.0034680108935677282 -0.0100871970849589 0.0062111832404213229 -0.0044014580670633675 0.0026548899442623399 -0.015084328607629828 -0.00070343480111749305 -0.015476825375235039 0.0020789418117608516
leaf_weight=81.530594319105148 76.348060831427574 92.758608445525169 59.684931740164757 63.45919243991375 63.537381589412689 58.500769227743149 77.957233399152756 79.516213357448578 68.488975048065186 122.41487281024456 49.696670159697533 108.34407745301723 75.779158920049667 50.215704739093781
leaf_count=328 307 376 240 257 259 236 315 320 275 493 200 436 305 202
internal_value=-0.00101803 -0.00178024 0.00119486 0.00342056 0.00678047 0.00273336 -0.00351604 -0.00256355 -0.00638173 -0.000113912 -0.00198462 -0.00554949 -0.0105425 -0.00434396
internal_weight=1128.23 1051.88 388.157 278.256 185.497 121.96 663.728 585.771 225.799 359.972 280.456 158.041 144.268 109.901
internal_count=4549 4242 1570 1128 752 493 2672 2357 908 1449 1129 636 580 442
is_linear=0
shrinkage=0.03


Tree=51
num_leaves=15
num_cat=0
split_feature=13 9 20 16 7 4 6 5 0 11 13 13 10 16
split_gain=9.02737 5.46018 5.30471 7.05439 7.92669 4.95406 5.35664 4.265 4.3965 5.36299 6.01061 6.28239 3.88448 3.35097
threshold=0.1333333333333156 -0.21860151582873474 0.36716787982206678 1.0245806120200662 1.0000000180025095e-35 1.0679115302656874 0.18248730865125398 0.15753957668651355 0.52173913043481279 -0.73128206776847426 0.31428571428572455 0.47727272727271758 1.0000000180025095e-35 0.34403206151934113
decision_type=2 2 2 2 2 2 2 2 2 2 2 2 2 2
left_child=1 -1 7 4 -4 6 12 8 9 -2 -11 -12 -3 -14
right_child=2 5 3 -5 -6 -7 -8 -9 -10 10 11 -13 13 -15
leaf_value=0.0049308700269240094 0.0067069911859467977 -0.00066346126815041893 0.014034749537552205 -0.0034222567307097369 0.0019131903089479954 -0.011729427719283505 0.0040601558277647831 -0.0050980883121011858 0.0060896026815388977 -0.010342790142744175 0.0078788563740232707 -0.0045683778571784022 -0.0036629482834627295 -0.014705526803744894
leaf_weight=50.585694134235382 61.912242695689201 80.180746451020241 93.98538638651371 60.989507704973221 98.896148085594177 77.157245501875877 65.001019448041916 110.52840669453144 120.61042223870754 63.5200115442276 56.149970233440399 85.551433220505714 53.294544443488121 49.675614580512047
leaf_count=204 250 322 379 245 399 311 261 446 488 255 226 347 215 201
internal_value=-0.000117476 -0.0038841 0.00177817 0.00526198 0.00802504 -0.00530872 -0.00312011 -3.14861e-05 0.00145929 -0.000704763 -0.00304712 0.000464336 -0.0057086 -0.00942449
internal_weight=1128.04 375.895 752.144 253.871 192.882 325.309 248.152 498.272 387.744 267.134 205.221 141.701 183.151 102.97
internal_count=4549 1514 3035 1023 778 1310 999 2012 1566 1078 828 573 738 416
is_linear=0
shrinkage=0.03


Tree=52
num_leaves=15
num_cat=0
split_feature=17 9 17 19 17 17 13 15 19 3 4 3 15 19
split_gain=6.25662 7.39912 5.3773 5.09764 8.5514 5.98079 7.0861 4.90517 8.98673 5.88024 4.3086 4.28652 4.16902 3.41051
threshold=0.46776322153849353 0.018824529361556659 0.84543701414658334 0.29448487499638509 0.10902248837573582 -0.58565012535210614 0.14285714285714612 0.47499674780817674 -0.03198322550475572 0.3043478260869566 0.99418195359672457 0.21739130434782608 -0.54686473654459034 -0.69465741697177819
decision_type=2 2 2 2 2 2 2 2 2 2 2 2 2 2
left_child=3 -2 -3 4 7 -5 -7 8 9 12 -6 -4 -1 -14
right_child=1 2 11 5 10 6 -8 -9 -10 -11 -12 -13 13 -15
leaf_value=-0.0082370809115624131 -0.0094403673084065189 -0.0059960568105548945 0.007441683820301177 0.010103171860511439 0.00050879915388263904 -0.0062082011360958195 0.0057681444721815476 0.0044123408709256387 -0.013522888425699237 0.0070526423163590687 0.012564641939519299 -0.0033412346333676086 -0.0055371572058501512 0.0043954509741923817
leaf_weight=97.592506155371666 126.16459232568741 87.559449911117554 81.58682245016098 96.316952407360077 52.102290034294128 70.14792238175869 104.05971491336823 67.210382714867592 68.547230824828148 51.343268483877182 50.642427429556847 50.042709976434708 50.284012958407402 66.160196721553802
leaf_count=392 509 352 328 391 210 283 421 273 276 207 204 201 203 267
internal_value=-0.000476042 -0.00380414 -0.000421745 0.00102303 -0.000764032 0.0043051 0.000906986 -0.00275026 -0.00423572 -0.00163115 0.00675839 0.00337 -0.00382766 5.48802e-05
internal_weight=1119.76 345.354 219.189 774.407 503.882 270.525 174.208 401.138 333.927 265.38 102.745 131.63 214.037 116.444
internal_count=4517 1390 881 3127 2032 1095 704 1618 1345 1069 414 529 862 470
is_linear=0
shrinkage=0.03


Tree=53
num_leaves=15
num_cat=0
split_feature=13 0 0 15 7 0 15 0 9 9 15 6 14 13
split_gain=6.04082 4.76537 4.92551 7.10721 5.60003 6.77399 6.19255 5.43333 5.52602 7.48553 4.71355 3.41835 3.0667 5.28311
threshold=0.62933094384704902 0.85798319327734107 0.76923076923079237 -0.99200212279731537 0.33333333333333337 0.33333333333326143 0.32309714747934754 0.30952380952380326 -0.15902937607417292 -0.050721035732255892 0.66186330491334788 0.1559772492357536 0.4145242803779316 0.23809523809522351
decision_type=2 2 2 2 2 2 2 2 2 2 2 2 2 2
left_child=1 2 3 -1 7 -6 -7 11 -9 -10 -11 12 -5 -14
right_child=-2 -3 -4 4 5 6 -8 8 9 10 -12 -13 13 -15
leaf_value=0.0081799637019610658 0.0071991245299047211 0.0057391558301593997 -0.0077101151470259938 -0.014795038621786024 0.0098182275102452927 -0.0072061415437152769 0.0054459752551763779 -0.0078984957792675881 0.0076904190002181272 0.00099024209503133231 -0.0087108645779013678 -0.0001117608274625229 -0.011680732380360787 0.0014224573247200128
leaf_weight=69.194607481360435 87.022611603140831 85.97934889793396 96.141039043664932 51.696774780750275 71.269367173314095 70.29081879556179 59.969384983181953 73.068768322467804 96.515354290604591 129.77229487895966 63.367432206869125 51.324500307440758 54.225511893630028 50.190570950508118
leaf_count=278 354 347 387 208 287 283 243 296 391 522 256 206 218 202
internal_value=-0.000165563 -0.000824012 -0.0014535 -0.000696814 -0.0015403 0.00271194 -0.00139534 -0.0030538 -0.000810425 0.00108131 -0.0023321 -0.00686516 -0.00901307 -0.00560513
internal_weight=1110.03 1023.01 937.026 840.885 771.691 201.53 130.26 570.161 362.724 289.655 193.14 207.437 156.113 104.416
internal_count=4478 4124 3777 3390 3112 813 526 2299 1465 1169 778 834 628 420
is_linear=0
shrinkage=0.03


Tree=54
num_leaves=15
num_cat=0
split_feature=16 14 6 6 8 8 14 6 16 16 0 13 11 9
split_gain=6.3155 8.68163 4.71069 5.25825 4.45323 7.22125 5.49589 6.16293 7.18378 6.81875 5.3825 5.17754 2.76914 3.96752
threshold=1.0548830204303072 0.24999999999999137 0.44239605068973875 0.057550434816297631 -0.15226074808877191 -0.2114566592935945 0.076923076923068615 -0.065440425060663401 0.074066735613103354 0.41567068549480413 0.4000000000001111 0.28692493946742825 0.42575189027154275 0.27759019144799002
decision_type=2 2 2 2 2 2 2 2 2 2 2 2 2 2
left_child=2 -2 3 4 5 10 -6 8 11 -10 -1 -8 13 -5
right_child=1 -3 -4 12 6 -7 7 -9 9 -11 -12 -13 -14 -15
leaf_value=0.0080128012516191439 0.00017664207281534375 -0.014965870954916159 0.0068213109033352197 -0.0088454584838673633 0.0051495651375293413 0.013916620695516772 -0.014864364014522451 0.0040886336192044164 0.0071940344057620301 -0.0053918369014767584 -0.0040977124188044606 -0.0022166036962825118 0.00085270058882526184 0.00047485804725893314
leaf_weight=50.881671413779259 73.565582051873207 58.295832768082619 79.753882646560669 129.52572265267372 107.81439331173897 50.240046113729477 71.531115710735321 93.245915994048119 60.743684947490692 89.337759137153625 75.921430170536041 50.287928327918053 71.373012199997902 58.486108243465424
leaf_count=206 296 236 321 521 440 203 288 376 245 360 306 203 287 235
internal_value=-0.000779926 -0.00682003 5.55244e-05 -0.000571894 0.000872877 0.0048611 -0.000655268 -0.00241563 -0.00467977 -0.000230147 0.000881436 -0.0099365 -0.00414045 -0.00600893
internal_weight=1121 131.861 989.143 909.389 650.004 177.043 472.961 365.146 271.9 150.081 126.803 121.819 259.385 188.012
internal_count=4523 532 3991 3670 2627 715 1912 1472 1096 605 512 491 1043 756
is_linear=0
shrinkage=0.03


Tree=55
num_leaves=15
num_cat=0
split_feature=8 6 8 9 13 6 11 15 14 14 13 13 13 0
split_gain=9.92568 8.26412 4.97086 5.56747 4.74838 5.08265 6.27712 4.86084 4.13801 6.01132 5.15956 3.94247 5.17753 3.87109
threshold=0.16485981230234018 0.26795081982430824 0.28438155795380571 -0.071896405791676207 0.1333333333333156 -0.054854281192923786 -0.17515379535686429 0.53788656543350821 0.12499999999997399 0.40000000000000452 0.27272727272728425 0.42462121212121445 0.55575291099275359 0.14285714285715295
decision_type=2 2 2 2 2 2 2 2 2 2 2 2 2 2
left_child=4 2 3 -2 5 7 -7 -1 -6 10 -10 -12 -13 -11
right_child=1 -3 -4 -5 8 6 -8 -9 9 13 11 12 -14 -15
leaf_value=-0.0024932317336284955 0.0012998757720440557 0.003550827073454511 -0.014833975523058134 -0.011304797632502575 0.005846397982900875 0.00048542226827313927 -0.012220393055457716 0.0086860497873052986 0.0038157306425595497 0.011052268099632594 -0.0100632868849946 0.0056044166901745756 -0.0071471367381499198 0.00066523700342475251
leaf_weight=92.334630534052849 64.147155672311783 61.056231871247292 72.651877135038376 55.343757644295692 198.04116083681583 63.925671607255936 71.350613161921501 49.902584254741669 87.30939382314682 59.639420315623283 72.131151795387268 50.192604139447212 54.753457486629486 65.893696680665016
leaf_count=371 259 245 294 223 807 257 287 202 351 240 290 202 221 265
internal_value=-0.000683532 -0.00584674 -0.00884728 -0.00475771 0.000851899 -0.00235517 -0.00641289 0.00159069 0.00237271 0.000556732 -0.0020109 -0.00490966 -0.00107092 0.00583433
internal_weight=1118.67 253.199 192.143 119.491 865.474 277.513 135.276 142.237 587.961 389.92 264.387 177.077 104.946 125.533
internal_count=4514 1021 776 482 3493 1117 544 573 2376 1569 1064 713 423 505
is_linear=0
shrinkage=0.03


Tree=56
num_leaves=15
num_cat=0
split_feature=17 15 3 14 16 15 4 17 17 17 11 16 19 17
split_gain=5.48171 8.92445 7.99668 5.14696 4.19553 5.00818 3.75628 4.24625 5.8511 3.62663 4.13542 3.54007 5.96291 5.63817
threshold=0.44755523330613461 0.47499674780817674 0.3043478260869566 0.20000000000000892 -0.40807926571037562 -0.49816006751329939 1.1179112633096868 0.84543701414658334 1.4341475270376154 -0.1366275733361639 0.11520410827049919 1.0000000180025095e-35 0.37054932371976385 -0.33653296862065424
decision_type=2 2 2 2 2 2 2 2 2 2 2 2 2 2
left_child=1 2 4 -4 5 -1 7 -2 -9 10 -3 -6 13 -13
right_child=6 9 3 -5 11 -7 -8 8 -10 -11 -12 12 -14 -15
leaf_value=-0.011537564084579349 -0.0059068239327822363 0.013745165627455116 0.012678987386771408 0.00021531871290626694 0.0043992267911564468 -0.001497070775246452 -0.0098253044248636356 0.0055566995295352611 -0.0064090603102692325 0.0010871684959760197 0.0024142220204496148 -0.014014070612858044 0.0038388886488427069 -0.00099939538098363866
leaf_weight=82.882081672549248 130.01943612098694 72.156024858355522 49.381462007761002 66.412473022937775 85.864144891500473 94.533787846565247 65.802093312144279 99.374066740274429 51.943420961499214 78.508114337921143 50.473127439618111 49.60701359808445 72.482166767120361 68.222831159830093
leaf_count=333 524 294 200 267 346 382 265 400 209 318 205 200 293 275
internal_value=-0.000527564 0.000884423 -0.00104345 0.00583538 -0.00284397 -0.00637529 -0.00362972 -0.00203437 0.00137554 0.00623485 0.00935873 -0.000502417 -0.00276993 -0.00682607
internal_weight=1117.66 770.523 569.386 115.794 453.592 177.416 347.139 281.337 151.317 201.137 122.629 276.176 190.312 117.83
internal_count=4511 3113 2296 467 1829 715 1398 1133 609 817 499 1114 768 475
is_linear=0
shrinkage=0.03


Tree=57
num_leaves=15
num_cat=0
split_feature=18 5 9 4 4 19 15 13 0 19 19 14 20 14
split_gain=5.65612 4.69136 4.37074 4.55346 5.20662 4.14472 5.91344 5.53018 4.21477 4.1085 3.65819 3.72146 3.24733 3.11577
threshold=0.94168717251320844 -0.39158223255685359 0.11882001018985351 1.1539729396240856 1.094935194079018 0.60224958501080272 -0.13760135479834182 0.14814814814818064 0.62857142857143222 0.095257677244164965 -0.33070533673198449 0.25000000000000394 -0.75412649883794691 0.40000000000000452
decision_type=2 2 2 2 2 2 2 2 2 2 2 2 2 2
left_child=1 12 3 4 5 6 8 -7 -3 -4 -2 -12 -1 -8
right_child=10 2 9 -5 -6 7 13 -9 -10 -11 11 -13 -14 -15
leaf_value=0.010074123135215539 -0.0015096211787247976 -0.0096292851574995252 -0.0015260033057004603 -0.0074613436333995373 0.0077992048405344499 -0.0027172278605762674 -0.0014875243110177986 0.0085119598476566163 -3.9532936125394697e-05 -0.012438838430496195 0.01217267430397043 0.0017057562654053796 0.00020573671293314238 0.0060763793643325214
leaf_weight=49.847893357276917 53.719643756747246 116.63785527646542 67.165830835700035 74.426432386040688 66.301823139190674 70.065554887056351 151.17968951165676 80.192336276173592 62.474585741758347 55.441274896264076 67.745039880275726 55.965038076043129 66.744340375065804 66.580566301941872
leaf_count=201 216 470 270 301 268 284 614 325 251 223 273 225 269 268
internal_value=0.000107742 -0.000838263 -0.0016538 -0.000702409 0.000171333 -0.000815278 -0.00241699 0.00335689 -0.00637628 -0.00675468 0.00493806 0.00768777 0.00466563 0.000909631
internal_weight=1104.49 927.058 810.466 687.859 613.432 547.131 396.873 150.258 179.112 122.607 177.43 123.71 116.592 217.76
internal_count=4458 3744 3274 2781 2480 2212 1603 609 721 493 714 498 470 882
is_linear=0
shrinkage=0.03


Tree=58
num_leaves=15
num_cat=0
split_feature=6 16 15 16 17 18 20 18 16 3 0 4 0 18
split_gain=5.86537 8.71721 5.4248 7.39714 6.27472 7.21782 5.51986 5.50574 5.11277 6.31182 4.84529 4.64609 5.19283 4.53638
threshold=0.44239605068973875 -1.4991168933588817 -0.75721185348512232 -0.40807926571037562 0.40370416171733309 -1.1424765512928792 0.35551247422143784 -1.4945003306929274 0.18174550620355021 0.17391304347826089 0.27777777777776069 0.93961772235762342 0.42307692307693295 -0.22942708823294786
decision_type=2 2 2 2 2 2 2 2 2 2 2 2 2 2
left_child=1 -1 3 -3 5 7 8 -4 9 10 -7 -6 -13 -8
right_child=-2 2 4 -5 11 6 13 -9 -10 -11 -12 12 -14 -15
leaf_value=0.011006252769105286 0.0069270425400782439 -0.013376451506771319 0.0010101774818210201 -0.00056942432218500298 -0.010243242933013983 0.00022448712794629093 0.01442152510745298 -0.012106258370989074 -0.0039984237557137616 -0.0030094995712176167 0.012075762249728408 0.0033010876457661752 -0.0072727369577849886 0.003382016681575558
leaf_weight=50.118175283074379 97.360998287796974 67.669862568378448 58.371512368321419 93.003073245286942 74.72785659134388 49.694508835673332 53.666255384683609 50.530406281352043 117.85668833553791 76.131520345807076 78.607327684760094 91.397386491298676 69.04448963701725 88.06770147383213
leaf_count=202 392 272 237 374 301 201 217 205 476 308 319 368 279 356
internal_value=8.02125e-05 -0.000604677 -0.00125879 -0.00620421 -0.000243385 0.00145186 0.0030858 -0.00534011 0.000875377 0.00371352 0.00766606 -0.00431762 -0.00133152 0.00791101
internal_weight=1116.25 1018.89 968.769 160.673 808.096 572.926 464.024 108.902 322.29 204.433 128.302 235.17 160.442 141.734
internal_count=4507 4115 3913 646 3267 2319 1877 442 1304 828 520 948 647 573
is_linear=0
shrinkage=0.03


Tree=59
num_leaves=15
num_cat=0
split_feature=14 9 18 1 6 6 6 11 6 17 14 18 13 5
split_gain=10.1279 5.4839 4.38159 7.13311 3.56191 3.38521 9.87697 5.36379 4.37067 7.02079 3.87774 2.90374 2.6569 4.47157
threshold=0.21428571428568599 0.2112887573048908 0.37189239386274059 0.25000000000000006 0.023675448314510298 -0.079759774799967334 -0.23366116741255108 0.80993269949825375 0.27154587024162352 0.3859461104431941 0.071428571428565207 0.011408901802355742 0.39571886446886501 0.089148279366531316
decision_type=2 2 2 2 2 2 2 2 2 2 2 2 2 2
left_child=5 2 3 12 -4 6 10 8 9 -7 -1 -8 13 -2
right_child=1 -3 4 -5 -6 7 11 -9 -10 -11 -12 -13 -14 -15
leaf_value=0.0051123373553401824 -0.009898889295142559 0.003955813739179837 -0.01374406485814313 0.0050187232786743216 -0.00329773037488237 0.00091453200399399331 0.0072204558772440948 0.0094237337581185056 0.0050826857868457509 -0.011818488517527051 -0.0042686813095523576 0.017615790102717261 0.0015332295690005161 -0.00080548678260501693
leaf_weight=78.478611782193184 110.50395487248898 100.58302779495716 55.234520941972733 94.027534261345863 65.616867929697037 112.32537369430065 65.619443386793137 52.30058479309082 73.921147465705872 54.162952557206154 70.636265963315964 49.781924605369568 50.291119024157524 85.760682716965675
leaf_count=320 444 404 223 380 264 455 267 211 298 218 286 202 202 346
internal_value=0.000578394 -0.00225351 -0.0036349 -0.00183661 -0.00842853 0.00342928 0.00585803 0.00117295 -0.000777425 -0.00345166 0.000674196 0.0122501 -0.00449878 -0.00604412
internal_weight=1119.24 562.018 461.435 340.583 120.851 557.226 264.516 292.71 240.409 166.488 149.115 115.401 246.556 196.265
internal_count=4520 2263 1859 1372 487 2257 1075 1182 971 673 606 469 992 790
is_linear=0
shrinkage=0.03


Tree=60
num_leaves=15
num_cat=0
split_feature=12 9 5 4 4 4 4 15 20 9 15 15 13 7
split_gain=4.20064 6.43743 6.76801 6.07595 10.5542 6.47584 5.01772 5.96844 4.24476 4.24092 3.91919 3.31832 4.2045 2.91236
threshold=1.0000000180025095e-35 -0.10158319374597609 -0.28600674191971664 0.95992886481237072 1.0129807468978294 0.99026833908567558 1.0596124831748108 -0.54686473654459034 0.30753146484227284 -0.073117422852642153 0.42938634698685457 0.29938890424115661 0.33333333333329934 1.0000000180025095e-35
decision_type=2 2 2 2 2 2 2 2 2 2 2 2 2 2
left_child=3 -2 -3 8 5 -5 -6 -8 11 -10 -4 12 -1 -9
right_child=1 2 10 4 6 -7 7 13 9 -11 -12 -13 -14 -15
leaf_value=-0.0075428865491151617 0.0095548301729445027 0.0089536662880207053 0.00053585360926184712 -0.004683205503421748 0.0049425335540735334 -0.018963380862316102 -0.011385338380037833 0.0036790273617874976 2.8041323509037316e-05 0.010365215794877591 -0.0082542845558368962 0.0038976050966067857 0.0022924882938738164 -0.004452785181163682
leaf_weight=93.097227036952972 81.653993472456932 54.042744293808937 125.80446016788483 67.677319511771202 88.245028644800186 50.934708461165428 55.366493910551071 78.319497108459473 69.332613363862038 68.734942734241486 66.15607351064682 72.803149297833443 61.945975139737129 70.617293044924736
leaf_count=374 332 218 508 273 356 205 223 316 280 277 268 296 251 285
internal_value=-0.000302023 0.00252321 4.54121e-05 -0.00150181 -0.00398326 -0.0113344 -0.000862378 -0.00342788 0.00130258 0.00535665 -0.00262616 -0.00121633 -0.00366441 -0.000196008
internal_weight=1104.73 327.657 246.003 777.074 411.16 118.612 292.548 204.303 365.914 138.068 191.961 227.846 155.043 148.937
internal_count=4462 1326 994 3136 1658 478 1180 824 1478 557 776 921 625 601
is_linear=0
shrinkage=0.03


Tree=61
num_leaves=15
num_cat=0
split_feature=6 9 4 5 3 4 8 14 20 18 20 4 0 17
split_gain=5.61551 4.75153 5.30578 4.72643 4.36167 8.56779 4.50351 5.55336 8.14611 5.36645 4.92616 4.04105 3.80543 3.41423
threshold=-0.30144281457503086 -0.33938220870477004 0.93846745679015564 0.35368795877770398 0.1304347826086957 1.1133472835272402 -0.28452568724563282 0.11428571428570343 0.50701762004727613 0.18828048326281557 -0.29575793118953858 0.9971390739407201 0.74074074074075202 -0.21796287234925546
decision_type=2 2 2 2 2 2 2 2 2 2 2 2 2 2
left_child=1 -1 -3 4 6 12 -2 9 10 -8 -9 -5 13 -6
right_child=3 2 -4 11 5 -7 7 8 -10 -11 -12 -13 -14 -15
leaf_value=0.0036499381037338931 0.012049208661335083 -0.00023773534944387874 -0.010494643259408546 0.00033240808940479283 -0.0019669347320370721 -0.010566433805517769 0.0007055240203218936 0.0027182578468651825 0.0082778644972474769 0.013374027474356009 -0.0066897906856556166 -0.0099879946052705594 -0.0051216709252986164 0.0065287456032130835
leaf_weight=54.079494148492813 51.05506032705307 78.465153828263283 103.45500177145004 85.165278106927872 59.591835826635361 57.080615058541298 52.15354822576046 82.443184465169907 80.184623703360558 68.084887936711311 114.62942330539227 51.657105922698975 49.713116332888603 128.97639991343021
leaf_count=219 206 318 418 344 241 230 213 332 323 276 462 209 200 520
internal_value=0.000150535 -0.00391039 -0.00619537 0.00125462 0.00219943 -0.000627721 0.00404745 0.00288278 0.000505015 0.0081266 -0.00278416 -0.00377881 0.00192134 0.00386246
internal_weight=1116.73 236 181.92 880.735 743.913 295.362 448.551 397.496 277.257 120.238 197.073 136.822 238.281 188.568
internal_count=4511 955 736 3556 3003 1191 1812 1606 1117 489 794 553 961 761
is_linear=0
shrinkage=0.03


Tree=62
num_leaves=15
num_cat=0
split_feature=14 15 17 8 16 11 6 13 13 11 15 5 5 6
split_gain=4.94407 8.43589 4.05118 3.74058 5.81423 3.45148 4.95845 4.197 4.76296 3.68887 3.50093 3.32423 4.13526 3.26528
threshold=0.071428571428565207 -0.36687870398085876 -1.482378790043011 -0.3047932857061536 -0.31423860827306965 -0.96744343247417608 -0.13868220837283501 0.24999999999999012 0.14285714285713269 0.33153243056198939 0.070953760263541651 -0.33626829455795509 -0.17556275163999546 -0.093966934417080358
decision_type=2 2 2 2 2 2 2 2 2 2 2 2 2 2
left_child=1 13 -2 -4 11 -6 9 8 -8 -7 -9 -5 -13 -1
right_child=2 -3 3 4 5 6 7 10 -10 -11 -12 12 -14 -15
leaf_value=0.0036082279201680441 0.0071574203927373473 0.0092248864108914995 0.0063068141694195608 -0.00041128933427290109 0.0055454508606386007 -0.0080166277473267822 0.00079623123519012486 0.001731781464567182 0.011368297428980181 0.00070411055861032898 -0.0083939285281137317 -0.012102484825942617 -0.0017304987905525098 -0.005988192681371996
leaf_weight=54.722288534045219 52.761852249503136 133.96990178525448 52.829234197735786 73.801322847604752 82.22623685002327 111.70702268183231 108.78427964448929 67.065076485276222 54.948988944292068 68.536606460809708 49.659827947616577 88.792423695325851 57.82561656832695 64.149118572473526
leaf_count=220 213 549 213 297 332 451 439 270 221 277 200 358 233 258
internal_value=0.000553156 0.00420179 -0.000526479 -0.00106376 -0.00161158 6.93463e-05 -0.000957076 0.00153475 0.00457596 -0.00477112 -0.00274397 -0.00566168 -0.00820378 -0.00160317
internal_weight=1121.78 252.841 868.938 816.177 763.347 542.928 460.702 280.458 163.733 180.244 116.725 220.419 146.618 118.871
internal_count=4531 1027 3504 3291 3078 2190 1858 1130 660 728 470 888 591 478
is_linear=0
shrinkage=0.03


Tree=63
num_leaves=15
num_cat=0
split_feature=13 18 11 4 8 4 6 6 14 13 14 14 19 18
split_gain=3.82757 6.38014 4.5263 3.80197 4.75369 6.37554 5.2063 5.79838 12.2672 6.14516 5.56846 4.30805 3.77679 3.73224
threshold=0.1218451749734764 0.94168717251320844 0.65189489500862075 0.82444101803852099 0.28438155795380571 0.86767870930564595 -0.21950341237018833 -0.08822998053737606 0.22222222222223045 0.34375000000001038 0.27027027027024603 0.24000000000005686 -0.2955470770853138 0.17818432678224416
decision_type=2 2 2 2 2 2 2 2 2 2 2 2 2 2
left_child=1 2 12 -2 5 -5 11 8 -8 10 -9 -7 -1 -11
right_child=3 -3 -4 4 -6 6 7 9 -10 13 -12 -13 -14 -15
leaf_value=-0.007522889092030389 0.0072066993668747602 0.0059767377009936349 -0.011717137788485005 -0.0081520349387998493 -0.0070568333669210198 -0.0067881194070581402 0.018678639561925475 2.2533065267754545e-05 -0.00082513877975042612 -0.007955699110185838 0.011230027366115931 0.0028266233920688113 0.00036494104955739457 0.0013719045617259389
leaf_weight=81.722363635897636 75.235261216759682 57.871053636074066 58.364116817712784 55.524413481354713 66.006326630711555 87.230186328291893 56.904456362128258 78.09435573220253 53.878608956933022 62.454955905675888 76.620255544781685 72.993451818823814 146.47155752778053 87.437418475747108
leaf_count=329 305 233 236 225 266 355 232 315 217 253 308 294 592 353
internal_value=-0.000150936 -0.00275823 -0.00459452 0.001022 0.00030799 0.00112764 0.00208526 0.00384486 0.0095671 0.00164284 0.0057507 -0.00245492 -0.00256064 -0.00264594
internal_weight=1116.81 344.429 286.558 772.38 697.144 631.138 575.614 415.39 110.783 304.607 154.715 160.224 228.194 149.892
internal_count=4513 1390 1157 3123 2818 2552 2327 1678 449 1229 623 649 921 606
is_linear=0
shrinkage=0.03


Tree=64
num_leaves=15
num_cat=0
split_feature=20 6 4 14 8 16 9 9 3 3 18 16 6 8
split_gain=5.78448 6.81247 5.87316 5.28784 5.27044 7.61785 4.17876 4.04696 3.44209 3.30055 3.22708 5.80881 4.27276 3.82628
threshold=-0.29575793118953858 0.26795081982430824 0.86451771337053718 0.28571428571428831 0.29413205771700124 -0.062558691053893722 -0.12488258006932516 0.029502366833656885 -0.2608695652173913 0.17391304347826089 -0.45489277727847677 -0.21937652898896132 0.20324458386571723 -0.25278869911393526
decision_type=2 2 2 2 2 2 2 2 2 2 2 2 2 2
left_child=2 4 -1 -3 5 7 -7 -2 -8 -10 11 13 -12 -4
right_child=1 3 10 -5 -6 6 8 -9 9 -11 12 -13 -14 -15
leaf_value=-0.0047768500632827532 -0.008988609457242348 0.008945607417183336 0.0031602865272090351 -0.0027819496150892605 -0.010032629123486026 0.0061537420473979122 -0.007227976382891816 0.00075116244084241746 0.0048771557687631271 -0.0038679316058378515 0.010269292822793916 0.0090690781429957051 0.00023977442001743763 -0.0079934227930501655
leaf_weight=64.459324896335602 131.73414832353592 87.367676913738251 49.730897963047028 52.265477150678635 71.269256010651588 102.63866917788982 54.687480181455612 52.371909469366074 88.107051029801369 61.940328121185303 131.75366154313087 54.269349500536919 53.399455949664116 52.126531183719635
leaf_count=261 533 352 201 210 289 416 221 211 356 250 532 220 215 211
internal_value=0.000433371 -0.00121295 0.00326342 0.0046115 -0.00268604 -0.00153041 0.00136419 -0.00627137 -0.00112639 0.00125882 0.00482908 0.00157545 0.00745907 -0.00265467
internal_weight=1108.12 702.382 405.739 139.633 562.749 491.48 307.374 184.106 204.735 150.047 341.28 156.127 185.153 101.857
internal_count=4478 2838 1640 562 2276 1987 1243 744 827 606 1379 632 747 412
is_linear=0
shrinkage=0.03


Tree=65
num_leaves=15
num_cat=0
split_feature=13 16 12 20 20 15 16 15 20 4 4 3 20 18
split_gain=4.71828 5.54232 4.35547 6.31555 5.37816 8.43034 4.34076 4.30409 5.85382 6.83043 5.74669 3.51937 3.42534 2.23906
threshold=0.60869565217393629 0.87582991644053421 1.0000000180025095e-35 0.40572113260563269 -0.022885281712760403 -0.11374534182986414 -0.17838239723989821 -0.49816006751329939 0.083070765226376561 0.95839111090271112 0.87644439824972664 0.1304347826086957 -0.67717505028292291 0.49640584807322102
decision_type=2 2 2 2 2 2 2 2 2 2 2 2 2 2
left_child=1 2 7 4 5 -4 -2 13 10 -10 -9 -3 -12 -1
right_child=6 11 3 -5 -6 -7 -8 8 9 -11 12 -13 -14 -15
leaf_value=-0.0058563068462176215 9.6831267936599663e-06 -0.0074901094914038352 0.011820791089788991 0.011218681737377953 -0.006761383034651243 -0.0034073233203214936 0.011906246829659215 -0.003943466013757938 0.0034919461981917825 -0.0084842826469644708 0.0023707095428693063 0.0015584083142584286 0.010836873769749971 0.0013527651238362708
leaf_weight=141.71042664349079 50.238895356655121 120.80268226563931 61.744158148765564 76.716855943202972 50.542757615447044 60.766356647014618 56.287951231002808 52.393633648753166 77.553870588541031 85.33369180560112 82.405123814940453 53.692178443074226 93.847687661647797 50.483494237065315
leaf_count=570 205 488 249 310 204 247 229 212 313 344 333 217 379 203
internal_value=0.000692565 4.45173e-05 0.00106846 0.00434153 0.00106337 0.00443008 0.0065477 -0.000357017 0.00144739 -0.00284799 0.00450288 -0.00474002 0.0070532 -0.00397642
internal_weight=1114.52 1007.99 833.498 249.77 173.053 122.511 106.527 583.728 391.534 162.888 228.646 174.495 176.253 192.194
internal_count=4503 4069 3364 1010 700 496 434 2354 1581 657 924 705 712 773
is_linear=0
shrinkage=0.03


Tree=66
num_leaves=15
num_cat=0
split_feature=4 17 17 15 13 5 5 13 13 9 20 14 20 15
split_gain=6.06682 5.66489 5.77038 4.31409 4.95802 3.2219 5.08056 4.40789 4.53951 3.94193 3.9556 3.63973 3.50693 5.41215
threshold=1.0732814914690536 0.57836040754539797 -0.21796287234925546 -0.83794477690771019 0.13461538461538239 -0.021464911598382732 -0.29770139255077599 0.5242809995285288 0.088235294117636989 -0.050270770549575079 0.28901175693957765 0.19999999999999368 0.055549824516852746 -0.032409092914497124
decision_type=2 2 2 2 2 2 2 2 2 2 2 2 2 2
left_child=3 2 -2 4 -1 6 -5 8 11 -10 -11 -7 13 -8
right_child=1 -3 -4 5 -6 7 12 -9 9 10 -12 -13 -14 -15
leaf_value=0.00074430332769604096 -0.0052000597995422899 -0.010014885416800656 0.0046933185596382968 -0.0019234896366000214 0.012265125611061222 0.0083386566411733608 0.016085714295581189 0.0060530654267949534 -0.00091861529191894281 -0.014270231738144642 -0.0031228028657927496 -0.002366673270016452 -0.00028053428650077615 0.0031858315236551822
leaf_weight=68.698567479848862 112.62847398221493 79.334216549992561 91.752646014094353 109.65854109823704 62.158535480499268 49.348406136035919 49.540389358997345 61.70146356523037 133.15619291365147 51.619888290762901 65.444484427571297 56.730445131659508 52.135734051465988 70.073022902011871
leaf_count=276 455 320 371 444 250 200 200 251 539 208 264 229 211 285
internal_value=0.000279065 -0.00347118 -0.000752619 0.00157369 0.00646681 0.0006188 0.00307226 -0.00104971 -0.00234647 -0.00452501 -0.00842148 0.00276467 0.00622613 0.00895964
internal_weight=1113.98 283.715 204.381 830.266 130.857 699.409 281.408 418.001 356.299 250.221 117.064 106.079 171.749 119.613
internal_count=4503 1146 826 3357 526 2831 1140 1691 1440 1011 472 429 696 485
is_linear=0
shrinkage=0.03


Tree=67
num_leaves=15
num_cat=0
split_feature=13 16 3 8 16 13 5 16 16 19 14 0 11 13
split_gain=5.49298 4.29919 3.59036 4.34996 5.86811 4.44245 5.65913 4.39526 5.54852 6.70106 3.40598 6.07384 2.65685 5.96784
threshold=0.61538461538466482 -0.17048144081342367 -0.21739130434782605 0.20187461300609885 -0.3432014956656127 0.11466871584698297 0.11002744065030558 -0.61524380058355421 -0.84823325163135121 -0.62558249087027351 0.39758158508156932 0.47368421052634818 0.13131152808204982 0.19047619047618358
decision_type=2 2 2 2 2 2 2 2 2 2 2 2 2 2
left_child=2 -2 12 4 7 6 -6 8 9 -4 11 -7 13 -1
right_child=1 -3 3 -5 5 10 -8 -9 -10 -11 -12 -13 -14 -15
leaf_value=-0.0014041888315437687 -0.0004329920178721592 0.011423417893290776 0.0018777698861974293 -0.0069236762885309562 -0.0093668435790730236 -0.0046409228730613641 0.0037401872942234792 -0.01039390840007672 0.005959833445538386 -0.011899218918703932 0.0094778306891833246 0.0064903482683510115 -0.0020419995630794711 0.00880052860876414
leaf_weight=98.329517737030983 48.924140617251396 56.907701849937439 59.699986562132835 127.51581464707851 57.816028997302055 74.845101207494736 52.21576826274395 71.638298228383064 53.718024253845215 60.178915500640869 65.546226188540459 94.080271333456039 100.09159785509109 100.78697364032269
leaf_count=397 200 232 241 516 233 302 211 289 217 243 264 381 404 408
internal_value=-0.000174152 0.00617015 -0.000861676 -0.00200962 -0.000897811 0.00162157 -0.00325467 -0.00439869 -0.00170292 -0.00523777 0.00393005 0.00156682 0.00187796 0.00385019
internal_weight=1122.29 105.832 1016.46 717.254 589.739 344.503 110.032 245.235 173.597 119.879 234.472 168.925 299.208 199.116
internal_count=4538 432 4106 2897 2381 1391 444 990 701 484 947 683 1209 805
is_linear=0
shrinkage=0.03


Tree=68
num_leaves=15
num_cat=0
split_feature=13 13 3 13 19 5 11 19 3 7 15 11 16 8
split_gain=7.23191 5.2593 9.68552 7.78709 5.68255 4.80625 8.98609 2.85733 2.85534 3.77963 6.11602 3.85618 3.69108 6.71801
threshold=0.66666666666667795 0.44827586206896092 0.17391304347826089 0.38583959899749798 -0.6580544463801159 -0.45629405822748087 -0.20341117771558107 -0.41648346960594379 0.34782608695652178 1.0000000180025095e-35 0.21925318465901034 -0.17515379535686429 0.24088645031224248 0.15882521436157379
decision_type=2 2 2 2 2 2 2 2 2 2 2 2 2 2
left_child=1 3 -3 4 5 -1 -7 -6 9 12 -11 -12 -9 -14
right_child=-2 2 -4 -5 7 6 -8 8 -10 10 11 -13 13 -15
leaf_value=0.0023561177976692523 0.0095869336114995096 -0.010485017164666221 0.0045863269449434099 0.0095321917460577839 0.0062990447788654116 0.001396997760606153 -0.014923682418684098 -0.00011968354450741081 -0.0044019060784169688 -0.0066774003855213371 0.0080324151473702039 -0.0019531855048755299 0.015128745758520523 0.0011635265575690478
leaf_weight=51.969907328486443 64.9315495043993 104.80562342703342 55.419510588049889 73.946834281086922 74.422910749912262 49.920119196176529 69.481509476900101 112.13548035919666 94.577608346939087 105.98573008179665 61.109514057636261 70.238181471824646 50.953933402895927 71.573021173477173
leaf_count=209 266 424 224 300 300 201 280 453 382 427 248 285 206 289
internal_value=0.000246027 -0.00037635 -0.00529102 0.000536806 -0.000335312 -0.00510619 -0.00831834 0.000969842 0.000220839 0.00118357 -0.00147331 0.00281681 0.00384536 0.00733655
internal_weight=1111.47 1046.54 160.225 886.315 812.368 171.372 119.402 640.996 566.573 471.996 237.333 131.348 234.662 122.527
internal_count=4494 4228 648 3580 3280 690 481 2590 2290 1908 960 533 948 495
is_linear=0
shrinkage=0.03


Tree=69
num_leaves=15
num_cat=0
split_feature=11 8 15 11 13 9 13 3 9 11 0 15 20 13
split_gain=8.20892 5.18291 4.04097 3.89441 4.64642 7.38731 7.53587 6.12486 5.31385 4.77225 4.43542 8.18401 7.09 3.74974
threshold=-0.92806741851132213 -0.36892593455817313 -0.38261868877264399 -0.61391464463338508 0.28692493946742825 -0.08462604859815144 0.45725359911406921 0.39130434782608697 0.2112887573048908 -0.18559062886127314 0.60996279454322411 -0.63272353176673957 0.49602038198374049 0.43534002229657504
decision_type=2 2 2 2 2 2 2 2 2 2 2 2 2 2
left_child=2 -2 -1 -3 7 6 -6 9 13 -5 12 -12 -11 -7
right_child=1 3 -4 4 5 8 -8 -9 -10 10 11 -13 -14 -15
leaf_value=-0.0014544223397849952 0.0077608382919909244 -0.0068645613111272636 0.0083549216025100258 0.0042420532241129703 0.014896966804961071 0.00097413583521873857 -0.00016380801521221716 -0.011512552706584812 0.0059767694275774576 -0.011475108855915093 -0.0073842660775676932 0.0056287767278328793 0.0018789564333290603 -0.0088409802961643292
leaf_weight=50.427522286772728 49.793205589056015 111.7435811907053 131.53543867170811 95.873655185103416 57.83632118999958 58.223398372530937 56.840902999043465 58.514515921473503 53.004783347249031 98.029175043106079 70.31616647541523 97.955816298723221 52.90207813680172 79.635925531387329
leaf_count=203 201 452 535 387 235 235 232 236 214 395 283 397 214 322
internal_value=-7.4046e-05 -0.00120933 0.00567026 -0.00175121 -0.000978753 0.00188685 0.00773698 -0.00282792 -0.00173587 -0.00148117 -0.00323906 0.000134821 -0.00688429 -0.00480666
internal_weight=1122.63 940.67 181.963 890.876 779.133 305.541 114.677 473.591 190.864 415.077 319.203 168.272 150.931 137.859
internal_count=4541 3803 738 3602 3150 1238 467 1912 771 1676 1289 680 609 557
is_linear=0
shrinkage=0.03


Tree=70
num_leaves=15
num_cat=0
split_feature=8 8 4 17 17 0 6 17 17 4 4 13 13 6
split_gain=3.01821 8.7273 3.84638 4.54686 4.14715 5.11354 6.85149 4.28052 4.05245 6.23535 4.2332 3.00639 6.05819 2.82091
threshold=0.18008258317188539 0.12116879149905892 0.84855737257407748 -0.16765787992942582 0.1281900954032936 0.63157894736841502 -0.17237585040940165 -0.91442380914103627 0.41204113637476109 1.0732814914690536 0.95705550032240427 0.20000000000026649 0.45725359911406921 0.27154587024162352
decision_type=2 2 2 2 2 2 2 2 2 2 2 2 2 2
left_child=1 2 3 -1 5 7 -7 -4 -6 10 -10 -9 -13 -2
right_child=13 -3 4 -5 8 6 -8 11 9 -11 -12 12 -14 -15
leaf_value=0.0004591836115824379 -0.0046077963088347459 0.0096475018474577266 0.0023373714996852923 -0.011392987709342538 0.0093362290622450942 0.011041562126080665 -0.0025767349878585131 -0.010547050060211328 -0.0013920939649876335 -0.0072025893137100819 0.0092646698163472117 0.0021826875894639668 -0.0099097467636528307 0.002883074887134109
leaf_weight=61.079463288187981 183.62279014289379 87.477250412106514 86.595042139291763 50.054456889629364 75.627165272831917 58.130143582820892 67.058866009116173 66.041283756494522 57.154197946190834 51.396675691008568 72.441200077533722 86.742479935288429 58.590410500764847 55.746896728873253
leaf_count=248 744 354 351 202 306 236 271 266 230 207 292 351 239 224
internal_value=0.000111381 0.00092717 -9.18734e-05 -0.00513969 0.000764875 -0.00105971 0.00392797 -0.00318549 0.00373632 0.00120833 0.0046877 -0.0054498 -0.00285978 -0.00283995
internal_weight=1117.76 878.389 790.911 111.134 679.777 423.158 125.189 297.969 256.619 180.992 129.595 211.374 145.333 239.37
internal_count=4521 3553 3199 450 2749 1714 507 1207 1035 729 522 856 590 968
is_linear=0
shrinkage=0.03


Tree=71
num_leaves=15
num_cat=0
split_feature=16 9 1 15 0 15 17 5 7 6 8 16 15 7
split_gain=5.36894 5.35793 3.0487 4.71681 4.50376 6.99682 3.66359 4.40815 3.1048 2.82216 2.56412 4.19407 3.33965 5.4828
threshold=1.2127552336616383 0.47276239307695783 0.25000000000000006 0.45519944386292005 0.49999999999992834 -0.19874494479032187 0.1281900954032936 0.065165641297103463 1.0000000180025095e-35 -0.01575163435154572 -0.3047932857061536 -0.6874273852567242 0.17856706370205636 1.0000000180025095e-35
decision_type=2 2 2 2 2 2 2 2 2 2 2 2 2 2
left_child=1 2 3 10 5 -4 7 -5 -6 -7 -1 -12 13 -13
right_child=-2 -3 4 6 8 9 -8 -9 -10 -11 11 12 -14 -15
leaf_value=0.0033684619246432501 -0.0064768257583721206 0.0090658784103847066 0.014148988832291232 0.00034077461165256666 0.0028962522836859374 0.0060607947391063868 -0.0023837990265078062 0.011906844529826106 -0.0059742017770339547 -0.0035199367629206394 -0.0094417647869117546 0.0037738461336472707 -0.0078966998614086511 -0.004447030752668198
leaf_weight=55.148352429270744 95.774295479059219 60.746709957718849 55.836892634630203 58.040312424302101 71.057603165507317 49.134538382291794 65.719705581665039 56.30032442510128 61.985322937369347 51.921596139669418 76.131127536296844 139.52315190434456 60.870415344834328 142.61051651835442
leaf_count=222 388 245 226 237 288 201 266 229 251 210 307 562 246 575
internal_value=0.000126761 0.000784999 0.000207334 -0.00092789 0.00274167 0.006106 0.00314921 0.00629606 -0.00130323 0.00120444 -0.00249246 -0.00329423 -0.00181371 -0.00038665
internal_weight=1100.8 1005.03 944.28 654.344 289.936 156.893 180.06 114.341 133.043 101.056 474.284 419.135 343.004 282.134
internal_count=4453 4065 3820 2644 1176 637 732 466 539 411 1912 1690 1383 1137
is_linear=0
shrinkage=0.03


Tree=72
num_leaves=15
num_cat=0
split_feature=14 15 20 20 3 4 0 0 5 13 4 6 11 15
split_gain=4.80797 6.13607 4.95011 8.56904 6.16976 3.82723 5.55505 5.65927 5.6998 3.81052 3.73627 3.4499 4.98927 3.7033
threshold=0.076923076923068615 -0.63272353176673957 -0.30473982942506345 0.50701762004727613 0.17391304347826089 0.87485791411843916 0.19999999999996007 0.39999999999994823 0.085554989404385953 0.2173913043478177 1.0100494716611121 0.27154587024162352 0.26203418451508792 -0.098067536752178774
decision_type=2 2 2 2 2 2 2 2 2 2 2 2 2 2
left_child=1 -1 4 5 -2 -4 -7 -8 -9 -6 -3 12 13 -5
right_child=2 10 3 11 9 6 7 8 -10 -11 -12 -13 -14 -15
leaf_value=-0.0027611275453534516 0.0046710512989854014 0.0030761624836770944 1.050698166913669e-05 -0.0036467829300403602 0.0018303239531741369 -0.00045936610885116469 -0.01778234411492571 -0.012367236708135195 0.0011254453710270421 -0.0089682604253267569 0.012581727712777296 0.0067012771875526959 -0.0074460432238244792 0.0066272213111277867
leaf_weight=98.232073426246643 196.00074374675751 109.17307253181934 61.719480633735657 49.569497019052505 52.010991111397743 60.24223367869854 65.431762337684631 57.464405938982964 49.93432129919529 58.671653062105179 55.452473357319832 62.145636737346649 67.415254473686218 71.484944269061089
leaf_count=395 791 448 249 200 209 243 264 232 202 237 227 250 274 289
internal_value=-0.00042393 0.00308662 -0.00151857 -0.00322264 0.00151503 -0.00664593 -0.00837181 -0.0110393 -0.00632291 -0.0040341 0.0065545 0.000855324 -0.00119568 0.00244243
internal_weight=1114.95 262.858 852.091 545.408 306.683 294.792 233.073 172.83 107.399 110.683 164.626 250.615 188.47 121.054
internal_count=4510 1070 3440 2203 1237 1190 941 698 434 446 675 1013 763 489
is_linear=0
shrinkage=0.03


Tree=73
num_leaves=15
num_cat=0
split_feature=1 14 6 7 18 20 3 18 20 0 18 15 11 9
split_gain=4.61042 7.15865 5.97342 4.0717 6.04868 3.539 3.19766 5.06335 5.60123 7.33692 7.41482 6.6703 4.80443 3.63036
threshold=0.25000000000000006 0.65058139534884896 0.057550434816297631 -0.33333333333333331 -0.54176898582172195 0.26234760651072292 -0.39130434782608686 1.0405668879032446 0.083070765226376561 0.69488409770687498 -0.079399177505786803 0.44116875665614647 0.1782901522592828 -0.083094929881613447
decision_type=2 2 2 2 2 2 2 2 2 2 2 2 2 2
left_child=1 6 3 -2 -5 -6 -1 8 11 10 -10 12 -8 -14
right_child=2 -3 -4 4 5 -7 7 -9 9 -11 -12 -13 13 -15
leaf_value=-0.006562284928432415 -0.0018140023993424195 -0.012548527711992073 -0.003162386856654373 0.015450971754490372 -0.0024350318105930361 0.0082844809906822865 -0.0054943645570753579 0.0055783351990167191 0.0047523681255093745 -0.013710808401114147 -0.0078295517598291411 0.0078119102781881583 0.0082907485872957872 -0.002646406474436056
leaf_weight=89.282245352864265 55.501681685447693 51.10662479698658 123.71522688865662 50.984969541430473 51.917676284909248 50.461181670427322 132.71941389143467 94.954466834664345 76.685725525021553 62.065421268343925 82.538288488984108 83.560763210058212 51.029778555035591 49.701867312192917
leaf_count=361 226 206 499 208 211 205 535 383 310 251 334 341 206 200
internal_value=-0.000951994 -0.00221793 0.00198203 0.00503187 0.00748841 0.00298821 -0.001406 -0.000633309 -0.00177027 -0.00537677 -0.00180963 0.000791628 -0.00183231 0.00302431
internal_weight=1106.23 773.645 332.581 208.866 153.364 102.379 722.538 633.256 538.301 221.289 159.224 317.012 233.451 100.732
internal_count=4476 3127 1349 850 624 416 2921 2560 2177 895 644 1282 941 406
is_linear=0
shrinkage=0.03


Tree=74
num_leaves=15
num_cat=0
split_feature=16 19 18 18 9 9 0 1 15 18 13 18 3 1
split_gain=4.93127 5.68388 5.40504 7.89456 5.03332 5.39064 4.89926 4.53683 9.48569 5.0918 6.46486 5.73411 4.46453 3.88374
threshold=0.57066360050685161 -0.6580544463801159 -0.44521479870634423 0.23367168003634206 -0.00843628208620501 -0.14837573288525283 0.80993431855501019 0.25000000000000006 -0.17502323112999288 0.25420752075948699 0.32797220792588844 -0.54176898582172195 1.0000000180025095e-35 1.0000000180025095e-35
decision_type=2 2 2 2 2 2 2 2 2 2 2 2 2 2
left_child=1 4 -2 -4 5 -1 7 9 -9 11 -11 -3 -13 -5
right_child=2 6 3 13 -6 -7 -8 8 -10 10 -12 12 -14 -15
leaf_value=0.00099074592508810564 0.0033241063807497198 -0.0025758139105826897 -0.01297105669572042 0.003401032375798317 0.0023334417631833094 -0.011210272753831239 0.009738108775541857 0.015244423902184751 -8.3883698389185834e-05 -0.010623425915630862 0.0028922456186223295 0.012967638786615455 0.0015526770500568154 -0.0065152156392254499
leaf_weight=50.688251256942749 72.080171629786491 116.30734930932522 82.459926590323448 70.726907223463058 89.272409871220589 82.609360173344612 68.423473030328751 53.610299631953239 95.459636375308037 73.459040924906731 50.674705594778061 50.442546173930168 73.049285471439362 62.293872877955437
leaf_count=205 292 471 334 286 360 334 278 217 389 296 205 204 295 252
internal_value=-0.000283453 0.000924957 -0.00362013 -0.00596575 -0.00310662 -0.00670259 0.00248157 0.00142905 0.00574449 -0.000392483 -0.00520762 0.00215556 0.0065385 -0.00131056
internal_weight=1091.56 803.996 287.561 215.481 222.57 133.298 581.426 513.003 149.07 363.933 124.134 239.799 123.492 133.021
internal_count=4418 3254 1164 872 899 539 2355 2077 606 1471 501 970 499 538
is_linear=0
shrinkage=0.03


Tree=75
num_leaves=15
num_cat=0
split_feature=20 20 20 18 0 4 0 9 12 11 6 18 0 14
split_gain=4.07623 8.5051 4.69334 5.78525 4.55344 5.18909 4.26377 5.91968 4.81815 3.84634 5.58245 3.76311 3.66447 3.13237
threshold=1.1041763642241518 0.38856149483537111 -0.27665731187312198 -0.80168040105058591 0.19999999999996007 0.99166586907318022 0.70900537634411009 0.12164591470313831 1.0000000180025095e-35 0.028834010482815395 -0.26494168862278128 -0.61987668550332997 0.41421362489489677 0.16666666666664717
decision_type=2 2 2 2 2 2 2 2 2 2 2 2 2 2
left_child=1 2 9 -4 -5 -6 7 8 -3 11 -11 -1 -12 -13
right_child=-2 6 3 4 5 -7 -8 -9 -10 10 12 13 -14 -15
leaf_value=-0.0067831526313829778 -0.0052993606231817774 0.0055369021063328269 0.0038225962206837657 0.0018980306972689912 -0.0035177096739571266 -0.013379044293477771 -0.0013926929349591739 -0.0012753529679620391 0.017108507364153282 0.011156303720101289 0.0058716875212201838 -0.0038940062895381142 -0.0037808908335639447 0.0047698475499840494
leaf_weight=80.011630922555923 118.59495431184769 89.393963038921356 64.947298139333725 50.551637277007103 112.79502412676811 85.673868224024773 67.313536539673805 52.769640922546387 53.790734097361565 59.890558183193207 57.538382843136787 60.228949189186096 76.609897077083588 84.000137090682983
leaf_count=325 480 362 264 204 456 347 272 213 219 243 233 245 310 338
internal_value=-0.000160051 0.000475615 -0.00119122 -0.00393356 -0.00599188 -0.00799876 0.00504751 0.00723943 0.0103146 0.000889376 0.00393183 -0.00177164 0.000421477 0.00114264
internal_weight=1114.11 995.515 732.247 313.968 249.021 198.469 263.268 195.954 143.185 418.28 194.039 224.241 134.148 144.229
internal_count=4511 4031 2965 1271 1007 803 1066 794 581 1694 786 908 543 583
is_linear=0
shrinkage=0.03


Tree=76
num_leaves=15
num_cat=0
split_feature=11 9 17 13 19 19 3 9 9 9 0 17 6 17
split_gain=5.00829 4.57196 7.59516 8.54254 8.44313 9.71929 6.53187 5.14346 5.73788 7.33568 5.01682 4.27048 4.21484 4.12932
threshold=-1.3744497693275448 0.51209861186456607 0.44755523330613461 0.15624999999998104 0.29448487499638509 -0.054117048035231062 0.34782608695652178 -0.20913255171477316 -0.12032529039875497 0.020146481601936092 0.64248120300750511 0.82080196637832292 -0.066411126568087828 -0.43649970264497268
decision_type=2 2 2 2 2 2 2 2 2 2 2 2 2 2
left_child=-1 2 3 7 5 13 10 -2 -9 -10 11 -4 -6 -5
right_child=1 -3 6 4 12 -7 -8 8 9 -11 -12 -13 -14 -15
leaf_value=0.0073820686334579227 0.0048720988907951642 0.007312351124666913 -0.01026711437976905 -0.0004338373907254918 0.0050923732546225651 -0.0086772922168644167 -0.013983609729329789 -0.013817364845629765 0.0031109868283201846 -0.009529581517722702 0.0040029424022493282 -0.00057084884616422668 0.01610776649198439 0.0076048469206002854
leaf_weight=79.031992554664612 50.950627252459526 62.671351462602615 77.099451839923859 112.32614000141621 90.806439906358719 71.834155589342117 51.9604472219944 49.641056105494499 90.773473471403122 68.231424048542976 69.308160901069641 82.667004585266113 49.616195291280746 111.76308198273182
leaf_count=321 206 253 312 455 371 291 210 201 367 275 280 334 201 453
internal_value=0.000337109 -0.000231204 -0.000749879 0.000935407 0.00348475 0.000566099 -0.00486664 -0.00333456 -0.00540572 -0.00243843 -0.00254414 -0.0054196 0.0094045 0.00365388
internal_weight=1118.68 1039.65 976.978 695.943 436.346 295.923 281.035 259.597 208.646 159.005 229.075 159.766 140.423 224.089
internal_count=4530 4209 3956 2820 1771 1199 1136 1049 843 642 926 646 572 908
is_linear=0
shrinkage=0.03


Tree=77
num_leaves=15
num_cat=0
split_feature=9 11 8 19 5 18 8 14 5 5 8 8 16 8
split_gain=3.44643 3.17349 4.65245 5.85331 4.67945 9.3729 6.15911 5.23316 4.63508 5.47781 3.47705 3.34067 3.96882 3.26389
threshold=0.47276239307695783 -0.91553881392950642 -0.15043776427752723 -0.64710928093020281 0.33994509030621251 -0.079399177505786803 0.12116879149905892 0.062499999999992416 0.18441629889827441 -0.1247193917028941 -0.23496805974298834 0.0062085404958370565 -0.26053043863567776 -0.29434840443113169
decision_type=2 2 2 2 2 2 2 2 2 2 2 2 2 2
left_child=1 8 10 -4 6 -6 7 -5 9 -1 13 12 -9 -3
right_child=-2 2 3 4 5 -7 -8 11 -10 -11 -12 -13 -14 -15
leaf_value=0.0063542308366810029 0.0066770721818932765 0.0038054078506597772 -0.0087976895167176539 0.0063393050591767581 0.0035414160055823596 -0.011038544989070325 0.0072521701573536376 -0.0051374536451284725 0.011101223994647155 -0.0054249217626882 0.0078084662527700289 -0.0073396967817391601 0.0049354068001162118 -0.0054700134560354691
leaf_weight=68.618635952472687 75.090775638818741 80.813985928893089 88.386741116642952 60.646386414766312 65.03340095281601 89.649154469370842 101.87679086625576 65.160964220762253 49.703351557254791 63.743166863918304 83.290016755461693 96.637271508574486 65.660200476646423 51.707982420921326
leaf_count=278 303 327 357 249 264 364 412 263 202 259 337 390 265 209
internal_value=0.000682136 0.000215357 -0.000561031 -0.00185693 -0.00066082 -0.00498972 0.00109763 -0.00116527 0.00375344 0.000690611 0.00319626 -0.0032595 -8.62301e-05 0.00011899
internal_weight=1106.02 1030.93 848.863 633.051 544.664 154.683 389.982 288.105 182.065 132.362 215.812 227.458 130.821 132.522
internal_count=4479 4176 3437 2564 2207 628 1579 1167 739 537 873 918 528 536
is_linear=0
shrinkage=0.03


Tree=78
num_leaves=15
num_cat=0
split_feature=4 5 19 20 20 20 4 4 4 20 8 11 0 7
split_gain=3.46989 5.78116 5.54901 4.70181 4.61198 4.09638 4.02704 5.45503 5.92121 4.14876 6.25432 4.55259 3.97371 4.3991
threshold=0.82444101803852099 0.28855053208793896 0.21649289361107688 0.29935032815106838 0.13994409520834067 0.097871405036750944 0.88624045757488867 0.98139758526782583 0.95270793165256396 -0.57208852374636243 -0.21499927064325322 -0.26276248452307166 0.33333333333330034 1.0000000180025095e-35
decision_type=2 2 2 2 2 2 2 2 2 2 2 2 2 2
left_child=2 3 -1 4 6 -3 -2 8 -8 10 -9 -11 -5 -14
right_child=1 5 -4 12 -6 -7 7 9 -10 11 -12 -13 13 -15
leaf_value=-0.0013945344452359885 -0.0069005178195393905 0.0021160688923849463 0.011480472424048529 0.0088865133304442661 -0.0092326826727608391 -0.0074308826594082795 0.00095678724123277005 0.00085916589818960619 0.012976228178547922 0.0080980130221199841 -0.010878072288337577 -0.0027545083356012145 0.0057383446093276832 -0.004374124049525324
leaf_weight=64.28069132566452 66.426089957356453 50.534366458654404 50.167934626340866 83.297273874282837 52.6561678647995 165.68580465018749 107.96545638144016 81.946104198694229 51.74325256049633 58.476512610912323 75.172985821962357 72.948234394192696 73.673692867159843 71.342201516032219
leaf_count=260 269 205 204 337 213 672 438 331 210 237 304 295 298 288
internal_value=-0.00034545 -0.000912166 0.00449348 0.000278873 -0.0011862 -0.0052022 -0.000282062 0.000764023 0.00512661 -0.00169686 -0.00491877 0.00219406 0.00386683 0.000783427
internal_weight=1126.32 1011.87 114.449 795.648 567.335 216.22 514.679 448.253 159.709 288.544 157.119 131.425 228.313 145.016
internal_count=4561 4097 464 3220 2297 877 2084 1815 648 1167 635 532 923 586
is_linear=0
shrinkage=0.03


Tree=79
num_leaves=15
num_cat=0
split_feature=13 15 19 19 3 13 15 19 6 15 9 20 20 17
split_gain=4.26806 4.93928 8.18459 5.42429 6.25485 4.07034 3.85149 3.50505 3.62677 4.31272 4.17103 2.55079 5.45001 2.68463
threshold=0.1333333333333156 0.28242766358367172 0.79221261073843541 0.35050979791084153 -0.086956521739130418 0.090909090909075632 0.6485125812172523 0.069874939807259881 -0.012943929137178038 -0.088556827202496968 0.089705342516748707 0.84100343724854842 -0.25721458238065925 0.23469623712977897
decision_type=2 2 2 2 2 2 2 2 2 2 2 2 2 2
left_child=5 3 6 7 -5 11 -3 8 9 -2 -10 12 -1 -14
right_child=1 2 -4 4 -6 -7 -8 -9 10 -11 -12 -13 13 -15
leaf_value=-0.0047781720458466397 -0.0012710536458747043 0.012100696128217696 -0.0043042911985969653 -0.0029288987368796845 0.0099037025036173426 -0.0082757951492834821 0.0024799307091256488 -0.0084284071676197087 -0.010812480945081812 0.0087310230769379847 -0.00045583099023282294 -0.0069537080934527372 -0.00013021330356633527 0.008559847824563406
leaf_weight=102.07026176154613 131.52472744882107 88.780883133411407 63.645056426525116 57.192385911941528 73.758190810680389 95.593681752681732 67.620388403534889 69.320183247327805 54.521714240312576 49.45235738158226 86.073467940092087 50.550010353326797 61.213321849703789 61.693604856729507
leaf_count=412 531 361 259 232 299 387 277 280 220 201 347 205 248 250
internal_value=-0.000501268 0.00081362 0.00452991 -0.000781552 0.0043975 -0.00310567 0.00814682 -0.00255018 -0.00117339 0.00162329 -0.00470545 -0.00119637 0.000220305 0.00439589
internal_weight=1113.01 741.889 220.046 521.843 130.951 371.121 156.401 390.892 321.572 180.977 140.595 275.527 224.977 122.907
internal_count=4509 3007 897 2110 531 1502 638 1579 1299 732 567 1115 910 498
is_linear=0
shrinkage=0.03


Tree=80
num_leaves=15
num_cat=0
split_feature=17 13 13 17 5 17 0 17 14 11 3 11 11 1
split_gain=5.2926 3.50822 5.16385 7.90792 5.05788 4.63086 6.05575 5.36142 5.57402 5.59391 6.17128 6.57471 6.16318 4.65176
threshold=-1.6789032846750895 0.44444444444440639 0.64285714285715712 0.41204113637476109 -0.33945884267237275 0.84543701414658334 0.59090909090905663 0.57836040754539797 0.61814556331008508 0.29158733955728394 0.043478260869565195 -0.67162791104327457 0.76695657710404752 1.0000000180025095e-35
decision_type=2 2 2 2 2 2 2 2 2 2 2 2 2 2
left_child=-1 4 3 -3 -2 7 -7 8 9 10 11 -6 -11 -12
right_child=1 2 -4 -5 5 6 -8 -9 -10 12 13 -13 -14 -15
leaf_value=0.0091837266466702917 0.0060953612818315768 -0.00096720192926977441 0.0025465761684878904 -0.015005316385582878 0.00047698589437818856 0.010341139065182678 -0.0021843472991143857 -0.0086383984582933272 -0.0088192882137713823 -0.0092590150415859176 -0.0076672176804077558 0.011648097909814652 0.0031471052715140247 0.0040517819336818185
leaf_weight=51.228334799408913 124.32244691252708 87.734787374734879 78.370106026530266 57.284858882427216 89.847432464361191 70.133896574378014 61.906044900417328 76.984506025910378 56.420117080211639 79.954584762454033 61.278135180473328 96.465879574418068 59.16689358651638 52.105462074279785
leaf_count=208 501 356 321 231 365 283 250 312 228 323 248 391 240 211
internal_value=0.000215909 -0.000262177 -0.00355528 -0.00682775 0.000641655 -0.000357262 0.00460321 -0.00153185 -0.000351836 0.00082394 0.00311895 0.00641422 -0.00405669 -0.00233808
internal_weight=1103.2 1051.98 223.39 145.02 828.585 704.263 132.04 572.223 495.239 438.818 299.697 186.313 139.121 113.384
internal_count=4468 4260 908 587 3352 2851 533 2318 2006 1778 1215 756 563 459
is_linear=0
shrinkage=0.03


Tree=81
num_leaves=15
num_cat=0
split_feature=9 9 13 0 15 13 0 13 8 20 0 3 3 19
split_gain=6.04386 6.93441 7.31277 4.66486 6.58329 4.12824 4.83865 5.59822 4.67385 5.3045 4.55809 3.99821 5.63283 3.03086
threshold=-0.33938220870477004 -0.14592673940986187 0.62115563839704313 0.4347826086956344 -0.15666350449618582 0.49999999999987516 0.7586206896551474 0.07692307692306545 0.081949580250728515 0.31727897011349304 0.50000000000005873 -0.34782608695652167 0.17391304347826089 -0.34095525855896763
decision_type=2 2 2 2 2 2 2 2 2 2 2 2 2 2
left_child=-1 3 5 -2 -5 6 8 -8 11 -10 -11 -3 -13 -14
right_child=1 2 -4 4 -6 -7 7 -9 9 10 -12 12 13 -15
leaf_value=0.010199072532215398 -0.00933295609972065 -0.0020445621057515405 0.010114322032527429 -0.007490163306454448 0.0066222077980782786 -0.005773141103437387 0.0015449398906285409 -0.0098346343317975444 -0.0089170696732475806 -0.0026972463186698504 0.0071345917575340347 0.0097306901382757573 0.0065510591458425088 -0.0025240668930728198
leaf_weight=52.606442302465439 95.695328682661057 63.741515085101128 73.823667481541634 53.766109570860863 55.26493975520134 78.888652309775352 86.756990194320679 63.900645434856415 51.215481281280518 90.471270158886909 71.891720458865166 162.09031921625137 51.768389403820038 75.072083175182343
leaf_count=214 388 258 302 217 226 319 351 258 207 366 292 656 209 303
internal_value=0.000732104 0.000223445 0.00139722 -0.00467688 -0.00036026 0.000530463 0.00125929 -0.00344251 0.00252945 -0.000961649 0.00173922 0.00462754 0.00610923 0.00128781
internal_weight=1126.95 1074.35 869.621 204.726 109.031 795.797 716.908 150.658 566.251 213.578 162.363 352.672 288.931 126.84
internal_count=4566 4352 3521 831 443 3219 2900 609 2291 865 658 1426 1168 512
is_linear=0
shrinkage=0.03


Tree=82
num_leaves=15
num_cat=0
split_feature=6 8 16 8 18 1 15 13 5 15 1 8 5 11
split_gain=5.08882 6.88839 4.58619 6.5712 4.30179 4.51579 3.9994 5.9582 5.73597 4.92372 3.84613 3.38608 7.1134 1.99831
threshold=1.0000000180025095e-35 0.28438155795380571 -0.029185347337764324 -0.10193897354407359 0.25420752075948699 1.0000000180025095e-35 0.47499674780817674 0.061920098151989116 1.0000000180025095e-35 -0.67120610651848633 -0.24999999999999997 -0.082943879094787204 0.18803305658964706 -0.23738053453736838
decision_type=2 2 2 2 2 2 2 2 2 2 2 2 2 2
left_child=1 6 3 13 -4 -6 7 -1 -8 -9 -11 -12 -13 -2
right_child=2 -3 4 -5 5 -7 8 9 -10 10 11 12 -14 -15
leaf_value=-0.008002006986311436 -0.0078977168076176801 -0.0083956621732001607 -0.011860668069384487 0.0061758926120623302 0.0017574711361228016 -0.0077392861060956416 -0.00073240069054065723 0.0080685696776373987 0.011145534981992502 0.0059442992738088264 0.0029637922234316467 -0.010649948458905463 0.0030484435193259122 -0.00049766394277575674
leaf_weight=54.271536245942116 58.03688907623291 54.211050167679787 65.961727619171143 94.342073634266853 88.509381473064423 83.743359372019768 59.11660547554493 91.771594658493996 88.597342029213905 72.416515648365021 78.098124250769615 73.294398456811905 57.311080634593964 70.072635054588318
leaf_count=219 234 221 267 381 357 338 243 370 362 293 317 298 233 283
internal_value=-0.000381436 0.00136925 -0.00276122 0.000344326 -0.00560873 -0.0029476 0.00235454 0.000854099 0.00652353 0.00223186 0.000218765 -0.00186049 -0.00474818 -0.00402081
internal_weight=1089.75 629.088 460.666 222.452 238.214 172.253 574.877 427.163 147.714 372.892 281.12 208.704 130.605 128.11
internal_count=4416 2556 1860 898 962 695 2335 1730 605 1511 1141 848 531 517
is_linear=0
shrinkage=0.03


Tree=83
num_leaves=15
num_cat=0
split_feature=1 15 9 7 9 6 11 4 17 5 4 7 16 0
split_gain=3.04629 4.87501 4.78937 6.01401 8.59614 3.4061 3.2855 4.9788 5.74982 2.95147 2.98098 2.83189 2.92253 2.98763
threshold=0.25000000000000006 0.45519944386292005 0.17640041889815319 0.33333333333333337 -0.12488258006932516 0.17059596346283343 -0.41604305473687381 1.0129807468978294 -0.020983225730168521 0.33994509030621251 1.0407317384870856 -0.33333333333333331 -0.2362399363526142 0.41421362489489677
decision_type=2 2 2 2 2 2 2 2 2 2 2 2 2 2
left_child=1 2 3 6 -5 11 -1 8 -8 10 -3 -2 -13 -14
right_child=5 9 -4 4 -6 -7 7 -9 -10 -11 -12 12 13 -15
leaf_value=0.0027218498498505338 -0.0013894170774564508 0.0020289196369269692 0.0031454623968371598 -1.3224772461312945e-05 -0.016384163516719914 -0.0033056082315254388 -0.0019771473579489052 0.0020126029651880853 -0.014206278442225141 -0.0021521121628156124 0.010794847174975869 0.00093153265618546577 0.013722244100097678 0.0040860832149609049
leaf_weight=103.82070416212082 60.743737801909447 103.60714028775692 110.92304147779942 49.719763085246086 63.854001507163048 65.360874935984612 87.907113045454025 86.338345155119896 54.233817830681801 69.565812185406685 50.157528936862946 70.436815783381462 53.140567466616631 70.248302891850471
leaf_count=419 247 423 447 201 258 264 355 349 219 283 204 286 217 286
internal_value=0.000178778 -0.000833076 -0.00233068 -0.00371279 -0.00952014 0.00262096 -0.00161625 -0.00360355 -0.00696736 0.00286996 0.00513825 0.00417698 0.00591252 0.00860892
internal_weight=1100.06 780.127 556.797 445.874 113.574 319.93 332.3 228.479 142.141 223.33 153.765 254.569 193.826 123.389
internal_count=4458 3158 2248 1801 459 1300 1342 923 574 910 627 1036 789 503
is_linear=0
shrinkage=0.03


Tree=84
num_leaves=15
num_cat=0
split_feature=9 17 18 12 0 9 14 13 4 9 16 16 14 9
split_gain=5.38533 4.72042 7.21722 5.62697 7.69798 7.50417 5.19039 9.20895 6.12959 10.9806 5.84412 4.46032 4.03743 3.74542
threshold=0.2112887573048908 0.7458789816327015 0.49640584807322102 1.0000000180025095e-35 0.53703703703704353 0.11099202325956499 0.13487525987526452 0.42105263157892742 0.92822712283080133 -0.099606852910657351 -0.020103902481425868 -0.32579009281864763 0.37500000000000699 0.39498759230748642
decision_type=2 2 2 2 2 2 2 2 2 2 2 2 2 2
left_child=1 3 -3 5 -5 6 7 11 -8 10 -10 -1 -11 -2
right_child=13 2 -4 4 -6 -7 8 -9 9 12 -12 -13 -14 -15
leaf_value=0.0015242177446856697 0.0099470360072024203 -0.013235970919793019 0.00050924664144382198 0.009030987486173812 -0.0020208641681200893 -0.011602939907427785 -0.0075110242826439445 -0.005714640232605434 -0.012350445450736065 0.0016386613363516414 0.0013526579812837905 0.012941058136382596 0.013507597011724324 0.0013212406520347099
leaf_weight=52.820765838027 79.312632188200951 55.31211493909359 79.137969344854355 132.58279021084309 93.888032600283623 49.777170822024345 117.42768530547619 56.195663377642632 52.415002480149269 51.952946215867996 52.957470506429672 74.222433313727379 49.512536510825157 101.80857810378075
leaf_count=215 320 224 320 541 382 201 474 231 211 210 214 303 200 411
internal_value=0.000610756 -0.000330706 -0.0054173 0.000570691 0.00450454 -0.00105381 8.39813e-05 0.00405677 -0.00218851 0.000939188 -0.00571433 0.00843174 0.00779276 0.00526421
internal_weight=1099.32 918.203 134.45 783.752 226.471 557.282 507.505 183.239 324.266 206.838 105.372 127.043 101.465 181.121
internal_count=4457 3726 544 3182 923 2259 2058 749 1309 835 425 518 410 731
is_linear=0
shrinkage=0.03


Tree=85
num_leaves=15
num_cat=0
split_feature=13 11 11 14 15 19 6 13 4 3 9 8 16 16
split_gain=4.84364 5.06647 4.15481 3.97443 5.8459 5.57001 3.65469 3.37726 3.69782 3.26836 5.54285 3.50306 3.17182 6.88912
threshold=0.227272727272717 -0.94162627725779957 0.42575189027154275 0.21680376028202772 0.49607725906409866 -0.03198322550475572 -0.075708669216512217 0.044543650793655867 0.95705550032240427 0.043478260869565195 0.10029941142137576 0.0062085404958370565 -0.40807926571037562 0.30808254763177906
decision_type=2 2 2 2 2 2 2 2 2 2 2 2 2 2
left_child=2 -2 9 4 -3 -5 -7 -4 -9 10 12 -11 -1 -14
right_child=1 3 7 5 -6 6 -8 8 -10 11 -12 -13 13 -15
leaf_value=-0.0042490296894936901 0.0091535116168579775 0.0012583702868497594 -0.0038942104054348224 0.0030565080161953947 0.01194717848993446 -0.011841676590721247 -0.00085058449294779178 -0.00081693749517624029 0.0092517502059552593 -0.0018768304677549712 -0.0078252550256851777 -0.011056982740213763 0.011196391010292078 -0.0021371907014430713
leaf_weight=50.20278337597847 84.202584698796272 191.29049085080624 50.077384173870087 108.63648375868797 56.271256670355797 50.587852478027344 55.007330477237701 55.935163080692291 71.959457233548164 78.77715939283371 68.731882497668266 70.794326737523079 61.876331299543381 70.101406082510948
leaf_count=203 344 778 203 438 232 204 222 226 291 318 277 287 251 284
internal_value=0.000586807 0.00260179 -0.00132111 0.00132191 0.00387638 -0.00165106 -0.00641343 0.00244708 0.00498312 -0.00300518 -0.000872414 -0.00643904 0.00188967 0.00429462
internal_weight=1124.45 545.996 578.456 461.793 247.562 214.232 105.595 177.972 127.895 400.484 250.912 149.571 182.181 131.978
internal_count=4558 2218 2340 1874 1010 864 426 720 517 1620 1015 605 738 535
is_linear=0
shrinkage=0.03


Tree=86
num_leaves=15
num_cat=0
split_feature=13 16 17 0 5 0 13 4 4 4 16 16 20 20
split_gain=5.56316 4.19421 3.41953 3.32511 8.15638 5.47077 2.55726 3.32722 8.40299 7.94754 4.63678 9.78434 4.40108 2.88368
threshold=0.61538461538466482 -0.1266956415121038 -1.3499958287963962 0.81955828779598017 -0.011730204797240488 0.76568627450979965 0.47727272727271758 0.92380294487820735 0.98139758526782583 1.0129807468978294 -0.72434007113373078 -0.24420712270351766 0.17373196186025527 0.047984083418157915
decision_type=2 2 2 2 2 2 2 2 2 2 2 2 2 2
left_child=2 -2 -1 5 -5 6 7 12 -9 -10 -11 -12 -4 -13
right_child=1 -3 3 4 -6 -7 -8 8 9 10 11 13 -14 -15
leaf_value=0.0057524223300140006 0.00077457351213012767 0.012821600016422097 -0.0067718423530441461 -0.0041000015998305236 0.010904655875420189 -0.01014020433342646 -0.0049780328007416781 0.0086350585994345967 -0.010106876580381771 0.0084212626736991716 -0.011571478415269581 0.0078626217050689982 0.0019126125054028317 -8.4318626571541899e-05
leaf_weight=79.352688640356064 49.765823945403099 51.101061522960663 115.35874007642269 57.47135354578495 64.685022354125977 52.959263741970062 97.549472317099571 108.34790147840977 61.549552381038666 60.423515930771828 50.95679172873497 59.769533812999725 90.039954200387001 112.14365443587303
leaf_count=322 204 210 467 232 263 214 395 439 249 244 206 242 365 455
internal_value=0.000652242 0.00719513 -3.2999e-05 -0.000554065 0.00396172 -0.001256 -0.000571231 0.000114089 0.00154736 -0.00077115 0.00139728 -0.000650028 -0.00300988 0.00282275
internal_weight=1111.47 100.867 1010.61 931.255 122.156 809.098 756.139 658.59 453.191 344.843 283.293 222.87 205.399 171.913
internal_count=4507 414 4093 3771 495 3276 3062 2667 1835 1396 1147 903 832 697
is_linear=0
shrinkage=0.03


Tree=87
num_leaves=15
num_cat=0
split_feature=15 15 0 18 9 17 6 20 20 17 18 4 19 19
split_gain=4.62718 8.60065 3.68864 2.78313 5.05236 5.27258 4.50886 3.81745 3.71593 6.29793 4.02848 4.27717 5.14205 7.50267
threshold=1.131078039793312 0.75637347406784017 0.75000000000004052 1.6069975486373653 0.024945384705179596 0.75868914526923181 0.25072621905152243 -0.098022601327403869 0.49602038198374049 0.31131029518556003 0.34110759647716427 1.1082555138922052 0.42269238185406599 -0.32380245109366546
decision_type=2 2 2 2 2 2 2 2 2 2 2 2 2 2
left_child=1 2 3 4 8 6 7 -6 10 -10 11 12 13 -1
right_child=-2 -3 -4 -5 5 -7 -8 -9 9 -11 -12 -13 -14 -15
leaf_value=0.00029148069230663736 0.0054816562865398089 -0.0095902903200902109 -0.0051924786372835137 -0.0059287090228660024 0.01005724875108752 0.01115888458956866 -0.0044443064070516418 -0.0005757910402619667 0.0085474387217751493 -0.0042403714944859606 -0.0098097485593924127 0.0056191162773823267 0.0047374647888699531 -0.011380608007581214
leaf_weight=106.78915369510651 100.30927699804306 92.649608165025711 112.37481082975864 51.5098916888237 59.812295332551003 69.109792053699493 65.993314951658249 56.24671770632267 80.238585397601128 54.399623259902 50.232798397541046 64.444468721747398 58.530660435557365 87.099614411592484
leaf_count=433 409 378 453 208 242 279 266 228 326 221 204 261 239 353
internal_value=-0.000507006 -0.0011262 -0.000223438 0.000498519 0.000974454 0.0044036 0.00160945 0.00509312 -0.000768645 0.00341379 -0.00232787 -0.0010078 -0.00277598 -0.0051062
internal_weight=1109.74 1009.43 916.782 804.407 752.897 251.162 182.052 116.059 501.735 134.638 367.097 316.864 252.419 193.889
internal_count=4500 4091 3713 3260 3052 1015 736 470 2037 547 1490 1286 1025 786
is_linear=0
shrinkage=0.03


Tree=88
num_leaves=15
num_cat=0
split_feature=6 17 17 4 4 20 6 9 17 17 3 7 20 7
split_gain=5.06857 4.1601 5.47016 5.32954 4.91894 7.92449 4.06044 6.84655 3.14697 3.62003 7.24036 5.35888 4.62429 3.42193
threshold=0.4794302782817178 0.41204113637476109 0.22581360381399132 0.93961772235762342 0.9971390739407201 0.47160485837596855 0.071502032169646804 0.15742884852073272 0.090869610531622236 -0.36994329521600749 -0.17391304347826084 1.0000000180025095e-35 -0.16949667972452134 1.0000000180025095e-35
decision_type=2 2 2 2 2 2 2 2 2 2 2 2 2 2
left_child=1 2 6 -3 -5 -6 8 -8 9 11 -11 -1 -13 -12
right_child=-2 3 -4 4 5 -7 7 -9 -10 10 13 12 -14 -15
leaf_value=-0.0048553428271852486 0.0063654560206318463 -0.0099591520815203935 0.0067958809749946066 0.0061626699371429639 -0.011229132148207486 0.0021719613225967467 -0.012294734987579815 0.0018809295143979838 -0.0068686984888865071 -0.0048245704126284447 0.01333413971145425 0.006833481379619046 -0.0030935824593455461 0.0027332119556476714
leaf_weight=162.71120898425579 76.700653031468391 96.705107808113098 84.159236654639244 51.184839457273483 70.207951620221138 81.30922557413578 64.069088101387024 53.051944553852081 49.110241264104843 49.904959738254547 57.036513179540634 95.711327582597733 68.814082607626915 54.879289537668228
leaf_count=661 310 391 341 207 284 330 259 214 200 203 232 390 280 223
internal_value=-0.000836955 -0.00139667 -0.00018028 -0.00434848 -0.00149643 -0.004198 -0.00112091 -0.00605952 -2.39038e-07 0.000752012 0.00435182 -0.00106682 0.00271263 0.00847504
internal_weight=1115.56 1038.86 739.448 299.407 202.702 151.517 655.289 117.121 538.168 489.057 161.821 327.237 164.525 111.916
internal_count=4525 4215 3003 1212 821 614 2662 473 2189 1989 658 1331 670 455
is_linear=0
shrinkage=0.03


Tree=89
num_leaves=15
num_cat=0
split_feature=14 18 19 15 8 19 19 0 20 15 8 17 18 18
split_gain=6.3389 4.44222 3.82722 6.00786 5.92413 4.80764 6.53122 6.06187 3.82258 3.81668 3.49245 3.44033 4.7587 9.92028
threshold=0.68688725490191194 -1.4340908392176901 0.5935447254763907 0.78312844550793048 0.15258170479580216 -0.155047313522826 -0.67151524674348273 0.27777777777776069 -0.20896543653561264 -0.56672407769469435 -0.050420565778232666 -0.56944892159199234 0.487697223371022 -0.25940874688045407
decision_type=2 2 2 2 2 2 2 2 2 2 2 2 2 2
left_child=1 -1 5 4 -4 6 7 -3 -9 -8 -11 -7 13 -13
right_child=-2 2 3 -5 -6 11 9 8 -10 10 -12 12 -14 -15
leaf_value=0.006212559785650244 -0.010149728090519073 0.0052650400812198688 0.011757599350150114 -0.0033125374015348097 9.1322203016195561e-05 0.00089482933032503824 0.009940035385659643 -0.0015251383692765417 -0.010645271733454191 0.0062721906857334947 -0.0029473090565953174 0.00036396344752521542 -0.00077189437008014293 -0.015676756642688357
leaf_weight=88.919547513127327 53.666889488697052 53.168414533138275 77.070836141705513 92.822756260633469 75.100738003849983 77.806586235761642 64.447456866502762 86.907592132687569 77.486872345209122 62.845485746860504 76.731403782963753 55.399653658270836 88.191282764077187 86.875360280275345
leaf_count=362 217 216 314 378 305 316 260 351 313 255 311 225 357 352
internal_value=-0.000549649 -2.01126e-05 -0.000617415 0.00259298 0.00618605 -0.00170537 0.000381995 -0.00319913 -0.00601122 0.00418593 0.00127719 -0.00452053 -0.00632897 -0.00963045
internal_weight=1117.44 1063.77 974.854 244.994 152.172 729.86 421.587 217.563 164.394 204.024 139.577 308.273 230.466 142.275
internal_count=4532 4315 3953 997 619 2956 1706 880 664 826 566 1250 934 577
is_linear=0
shrinkage=0.03


Tree=90
num_leaves=15
num_cat=0
split_feature=14 14 20 9 20 20 4 18 16 9 0 18 17 17
split_gain=4.10247 7.46872 5.89177 9.49708 5.73751 5.56138 3.65818 5.37307 3.54261 3.46785 6.00361 5.91801 5.38698 5.00339
threshold=0.15384615384613198 0.30940108001962735 -0.27665731187312198 -0.070549412280860993 0.36716787982206678 1.0000000180025095e-35 1.0087595190923526 0.090333466014469607 0.42531595097090086 -0.090069977374973353 0.75000000000004052 0.3069300695296901 0.53395941634281241 -0.12040056157488739
decision_type=2 2 2 2 2 2 2 2 2 2 2 2 2 2
left_child=9 6 3 -3 5 -4 8 -8 -2 10 -1 13 -13 -11
right_child=1 2 4 -5 -6 -7 7 -9 -10 11 -12 12 -14 -15
leaf_value=0.010775692620273144 -0.0039844407684169851 -0.0018719498973044778 0.0014585294432433273 0.013143258971540641 0.0028676237716366323 -0.011367494059622365 -0.0062479217457654477 0.0063662791800104101 -0.013723867511516833 0.0018300584989362865 -0.00049608572528034842 0.012037258010203064 8.2328124051347416e-05 -0.0096272764953434457
leaf_weight=99.274303495883942 97.351178780198097 66.854537233710289 52.205438569188118 79.355827182531357 151.81223461031914 64.668954029679298 62.368365615606308 50.402566492557526 52.095723807811737 68.009337559342384 71.103100627660751 53.016251012682915 81.853338211774826 61.588368251919746
leaf_count=411 393 270 211 320 615 262 252 204 211 277 289 216 331 250
internal_value=0.000662238 -0.000797864 0.00170364 0.0064427 -0.000945779 -0.00581357 -0.00471372 -0.000579125 -0.00771389 0.00291905 0.00619164 0.000734983 0.00504403 -0.00377015
internal_weight=1111.96 677.115 414.897 146.21 268.687 116.874 262.218 112.771 149.447 434.845 170.377 264.467 134.87 129.598
internal_count=4512 2738 1678 590 1088 473 1060 456 604 1774 700 1074 547 527
is_linear=0
shrinkage=0.03


Tree=91
num_leaves=15
num_cat=0
split_feature=14 15 9 12 6 0 16 6 6 13 20 6 20 5
split_gain=5.40517 7.13392 6.78129 6.32759 4.91072 4.47765 5.69197 7.26838 9.53539 4.64567 5.38892 4.24421 3.7449 3.19324
threshold=0.21680376028202772 -0.62381340760398296 -0.090069977374973353 1.0000000180025095e-35 0.027651044536629591 0.24217986314759371 0.90064582101822255 -0.065440425060663401 0.10945255203870026 0.20895522388058937 -0.11380550582032403 -0.30835185151853389 -0.31402917121971091 0.059509108166436571
decision_type=2 2 2 2 2 2 2 2 2 2 2 2 2 2
left_child=1 3 11 12 -4 -2 7 9 -9 10 -7 -3 -1 -6
right_child=5 2 4 -5 13 6 -8 8 -10 -11 -12 -13 -14 -15
leaf_value=-0.00054199536150497383 0.0013882084252810198 0.0042622500070825884 -0.0042409708903489735 0.0059342019935508241 0.0096501142730129885 0.0040163617857739402 -0.01265141660789636 0.011307314609983127 -0.00398781602186712 -0.013798334687386966 -0.0093650203424888723 0.014775303237514905 -0.010582103893565965 0.00072616270748485383
leaf_weight=61.426913172006607 215.51529912650585 77.204143524169922 86.516208991408348 51.023174926638603 59.132941976189613 49.807687535881996 53.440629422664642 58.502857595682144 82.602366775274277 50.614932239055634 49.357561230659485 67.437783643603325 69.891248181462288 84.566747233271599
leaf_count=247 871 318 354 206 241 201 219 236 333 204 200 279 282 342
internal_value=8.87346e-05 0.0021708 0.00451874 -0.00264788 0.00125762 -0.00198437 -0.00408495 -0.00232394 0.00252356 -0.00682468 -0.00277379 0.00949376 -0.00607777 0.00459941
internal_weight=1117.04 557.199 374.858 182.341 230.216 559.841 344.326 290.885 141.105 149.78 99.1652 144.642 131.318 143.7
internal_count=4533 2269 1534 735 937 2264 1393 1174 569 605 401 597 529 583
is_linear=0
shrinkage=0.03


Tree=92
num_leaves=15
num_cat=0
split_feature=20 20 20 6 9 17 18 0 9 11 5 15 20 18
split_gain=6.31933 5.19854 7.24692 5.9008 5.1401 4.4651 4.09762 4.29851 5.3502 3.98636 3.62436 3.26128 3.24197 3.2219
threshold=-1.4638302109074233 0.36716787982206678 -0.071152344120424621 0.26795081982430824 0.21746023640038389 0.17650770215155911 -0.74541524020194949 0.74074074074075202 0.07575565858007012 0.41596310049785162 0.33994509030621251 -0.051972909116689975 -0.63217652111450373 -0.25223699947365058
decision_type=2 2 2 2 2 2 2 2 2 2 2 2 2 2
left_child=-1 2 3 6 5 11 12 8 13 -4 -7 -3 -2 -8
right_child=1 4 9 -5 -6 10 7 -9 -10 -11 -12 -13 -14 -15
leaf_value=0.010018109993462095 0.0016479457381515131 -0.0012811149179494507 -0.0040878986806471796 -0.0079231920172782595 0.0086824107759661921 0.00042568694208488351 0.0069667230769892815 -0.0040594715971712233 0.013323032202937818 -0.013696921227459039 -0.0085118349911505534 0.008139175139608653 -0.007885281469068247 -0.0012008310544216923
leaf_weight=49.165773406624794 63.198084577918053 52.391648024320602 163.14952078461647 65.624236986041069 82.26301583647728 115.03762851655483 74.936836585402489 50.628155410289764 51.704606458544731 49.489251583814621 57.932754442095757 79.44323804974556 57.412409722805023 92.58257283270359
leaf_count=200 257 212 663 265 332 466 304 205 209 201 237 324 234 376
internal_value=2.32702e-05 -0.000487191 -0.00208343 6.51763e-05 0.00226198 0.00041703 0.00149097 0.00352689 0.00533036 -0.00658758 -0.00272278 0.0044855 -0.00302326 0.0025488
internal_weight=1104.96 1055.79 668.726 456.087 387.068 304.805 390.463 269.852 219.224 212.639 172.97 131.835 120.61 167.519
internal_count=4485 4285 2714 1850 1571 1239 1585 1094 889 864 703 536 491 680
is_linear=0
shrinkage=0.03


Tree=93
num_leaves=15
num_cat=0
split_feature=9 18 4 13 13 8 14 4 6 9 15 16 4 4
split_gain=5.44192 3.64819 3.58922 4.90688 4.1392 3.26119 3.15777 3.74574 3.62826 6.62087 3.3781 2.15156 2.07989 4.77336
threshold=-0.25069236528836714 -1.1196221220873015 1.0521189635714259 0.083333333333320506 0.23333333333335865 -0.044661176812283251 0.15686274509804396 1.0129807468978294 -0.23366116741255108 -0.044526358010275748 -0.7461116738139556 0.10240014494808027 0.96669374490189652 0.94120398588672105
decision_type=2 2 2 2 2 2 2 2 2 2 2 2 2 2
left_child=1 -1 6 -4 -5 -6 8 12 -2 -10 -11 -12 13 -8
right_child=2 -3 3 4 5 -7 7 -9 9 10 11 -13 -14 -15
leaf_value=0.00078321261185155557 -0.003301699786056963 0.011981777006366361 -0.010145684856108726 0.0041039344549996699 0.00067879209276324945 -0.007856928344142906 -0.0029780951786177201 0.0051687397150155714 0.011481021832700774 -0.0050268665931924913 0.0083007234534779907 3.5242854691267769e-07 -0.0063849506769349659 0.0069658078651162183
leaf_weight=50.588912948966026 60.27523510158062 50.982086807489395 64.397277563810349 85.206635609269142 73.504381939768791 82.206105276942253 203.59585317969322 68.724394425749779 79.920640826225281 50.626718387007713 49.477536872029305 58.061815202236176 79.362763166427612 49.943251371383667
leaf_count=206 247 208 262 345 298 334 823 278 328 204 203 235 321 202
internal_value=0.000255881 0.0067026 -0.000425412 -0.00311221 -0.00106411 -0.00393182 0.000760253 -0.000974074 0.00307241 0.00472084 0.0010578 0.00401837 -0.00229992 -0.000922468
internal_weight=1106.87 101.571 1005.3 305.314 240.917 155.71 699.988 401.626 298.362 238.087 158.166 107.539 332.902 253.539
internal_count=4494 414 4080 1239 977 632 2841 1624 1217 970 642 438 1346 1025
is_linear=0
shrinkage=0.03


Tree=94
num_leaves=15
num_cat=0
split_feature=14 15 15 9 6 6 3 11 5 18 16 8 9 11
split_gain=4.3151 7.04493 7.98925 4.17731 4.11855 6.61764 5.13065 4.4955 3.72943 3.66756 3.86501 4.11851 3.26793 3.25998
threshold=0.19292803970224567 -0.26944859482157796 -0.70820785062805747 -0.14745012049976544 0.0046567754103912793 -0.22472498700727392 0.086956521739130446 -0.32001757321017155 -0.021464911598382732 -0.49620850750571183 0.48752631473928504 -0.10669597313591288 -0.073835296674365544 -0.25488820419117691
decision_type=2 2 2 2 2 2 2 2 2 2 2 2 2 2
left_child=4 2 -2 -3 5 -1 7 -6 -4 -5 11 -11 -7 -13
right_child=1 3 8 9 6 12 -8 -9 -10 10 -12 13 -14 -15
leaf_value=-0.00080106262746905323 -0.0054318630496161795 -0.0097597968188465282 0.012115871132650674 0.0035298635689321105 -0.0041039705386738271 0.012403662758727419 -0.006663865100145475 0.0072570902892792992 0.0011906773369128388 -0.0071495452399248979 -0.0089116463387730691 0.0074254922150605879 0.0035761298601490765 -0.0024742446560494617
leaf_weight=144.64386296272278 62.64807653427124 90.018534481525421 62.984962716698647 66.930692985653877 49.944681435823441 74.293466001749039 93.179025426506996 69.282223805785179 49.999351844191551 65.010413631796837 92.751250669360161 49.804671317338943 83.063811764121056 61.999071061611176
leaf_count=592 254 364 254 271 203 306 377 281 202 262 377 201 339 250
internal_value=-0.000396149 -0.00211187 0.00288834 -0.00418049 0.00161321 0.00383902 -0.00156698 0.00252426 0.00753646 -0.00256689 -0.00411737 -0.00142653 0.00799753 0.00206483
internal_weight=1116.55 602.147 175.632 426.515 514.407 302.001 212.406 119.227 112.984 336.496 269.565 176.814 157.357 111.804
internal_count=4533 2435 710 1725 2098 1237 861 484 456 1361 1090 713 645 451
is_linear=0
shrinkage=0.03


Tree=95
num_leaves=15
num_cat=0
split_feature=17 15 9 11 6 6 18 18 13 13 20 20 17 18
split_gain=5.52161 5.42428 4.06158 6.16209 3.57994 5.68326 7.05425 6.71114 10.248 4.75382 3.1508 2.82628 2.87244 2.54306
threshold=0.41204113637476109 -0.99200212279731537 0.49917158537326678 0.75513524840755342 0.074309988850776568 0.027651044536629591 -1.1424765512928792 -0.25940874688045407 0.28692493946742825 0.36666666666670006 1.0000000180025095e-35 0.49602038198374049 0.80790348624801356 0.079367467931613297
decision_type=2 2 2 2 2 2 2 2 2 2 2 2 2 2
left_child=1 -1 3 10 5 6 -3 9 -9 -8 -2 -12 -13 -6
right_child=2 4 -4 -5 13 -7 7 8 -10 -11 11 12 -14 -15
leaf_value=-0.005430566930932447 -0.0019839652649276136 -0.0047963183258858209 0.0036215010761624896 0.0032638027667594707 -0.0072984759636841425 0.01234633448189431 0.010807036932719314 -0.0066307508941314316 0.0077649684542342159 0.00093684900510270766 -0.014381467288996501 -0.010508268459529711 -0.00057717237667294276 0.0011682773696573574
leaf_weight=94.393965482711792 82.714077666401863 100.41996994614601 58.928625106811523 65.172894597053528 50.131912007927895 49.807319313287735 134.10181006789207 97.253849014639854 73.815507858991623 65.666564106941223 59.379220753908157 50.468709126114845 50.861892729997635 73.125488817691803
leaf_count=381 334 410 238 265 203 202 545 395 303 268 241 205 206 296
internal_value=-0.000387703 0.00110745 -0.00336746 -0.00473851 0.00209972 0.00318307 0.00209516 0.0040003 -0.000374965 0.00766467 -0.00690357 -0.00929933 -0.005785 -0.00242564
internal_weight=1106.24 738.716 367.525 308.597 644.322 521.065 471.258 370.838 171.069 199.768 243.424 160.71 101.331 123.257
internal_count=4492 3003 1489 1251 2622 2123 1921 1511 698 813 986 652 411 499
is_linear=0
shrinkage=0.03


Tree=96
num_leaves=15
num_cat=0
split_feature=3 13 15 14 19 13 13 13 15 19 3 18 3 14
split_gain=5.31708 5.74949 5.5964 4.80689 4.67662 4.1794 3.65359 7.56421 5.45329 6.06071 6.53561 3.40781 2.96205 2.84656
threshold=0.17391304347826089 0.29166666666664631 -0.56672407769469435 0.65058139534884896 -0.35119837321853542 0.099999999999981506 0.47727272727271758 0.60000000000001485 -0.70820785062805747 0.10658419166956574 -0.13043478260869562 -0.11868985361788796 -0.21739130434782605 0.27777777777774926
decision_type=2 2 2 2 2 2 2 2 2 2 2 2 2 2
left_child=3 2 -2 6 -3 -4 8 -8 11 12 -11 -1 -10 -12
right_child=1 4 5 -5 -6 -7 7 -9 9 10 13 -13 -14 -15
leaf_value=0.0033242664879408663 0.0016737058416173654 0.0086881033041499422 -0.0025116808835389365 -0.0067977238129249768 -0.0020491976483190573 -0.012554864732962898 -0.0092109606743515718 0.0046043577764767743 0.013762072627763992 -0.0025745442824859164 0.011312458641032178 -0.0057330550194806063 0.0054747358296388981 0.0016171380748894412
leaf_weight=66.147111609578133 66.210252836346626 53.214562237262726 65.716993674635887 49.466778099536896 94.10949644446373 91.55080634355545 62.099539756774902 71.569135248661041 77.67931641638279 125.04654896259308 61.380299523472786 74.38248910009861 94.687451794743538 49.499143943190575
leaf_count=267 267 217 267 200 382 370 252 294 315 510 251 301 384 201
internal_value=0.000330008 -0.00257566 -0.00556122 0.00180947 0.00198707 -0.00856486 0.00247822 -0.00191463 0.00355575 0.0052937 0.00209295 -0.00150205 0.0094922 0.00724078
internal_weight=1102.76 370.802 223.478 731.958 147.324 157.268 682.491 133.669 548.822 408.293 235.926 140.53 172.367 110.879
internal_count=4478 1503 904 2975 599 637 2775 546 2229 1661 962 568 699 452
is_linear=0
shrinkage=0.03


Tree=97
num_leaves=15
num_cat=0
split_feature=16 4 1 0 15 4 4 4 3 17 3 20 4 13
split_gain=4.07475 5.09868 6.41596 5.07525 4.81589 4.68832 4.52846 10.1938 6.9031 5.88805 4.42562 4.30592 3.93649 3.44924
threshold=0.97589556197606708 0.78062450262475791 0.25000000000000006 0.21322404371585577 0.7442822351038284 0.84855737257407748 0.98139758526782583 1.0129807468978294 0.086956521739130446 -0.39742373507529999 -0.086956521739130418 0.10921302978151939 1.1052480873722941 0.21428571428579926
decision_type=2 2 2 2 2 2 2 2 2 2 2 2 2 2
left_child=1 -1 5 -4 -5 -3 8 -8 -7 12 -11 -12 -9 -10
right_child=-2 2 3 4 -6 6 7 9 13 10 11 -13 -14 -15
leaf_value=0.0091881445801082571 -0.0050656371864561843 -0.009026422234340227 -0.0038364480774915701 0.008161930768146938 -0.002310082246195889 0.006411478524246006 -0.014118255012384184 -0.00012356953186965695 -0.0087033652848387179 -0.0039870367354500925 0.012411701303225588 0.0004128372521757977 -0.011538810116557835 0.0016777253649696065
leaf_weight=49.327947288751602 144.42041717469692 69.172919675707817 61.29722398519516 161.6587105691433 49.342187464237213 137.2685334533453 58.363118126988411 52.701392874121666 52.461120128631592 50.642230421304703 49.625301510095596 53.768192291259766 51.403738781809807 55.057809442281723
leaf_count=201 587 281 251 657 202 557 236 214 212 205 201 218 208 224
internal_value=-0.000459552 0.000261948 -0.000273711 0.00353546 0.00571628 -0.00193377 -0.000987698 -0.00333474 0.00205297 -0.000674753 0.00302075 0.00647875 -0.00603053 -0.00354913
internal_weight=1096.51 952.09 902.762 272.298 211.001 630.464 561.291 316.504 244.787 258.141 154.036 103.393 104.105 107.519
internal_count=4454 3867 3666 1110 859 2556 2275 1282 993 1046 624 419 422 436
is_linear=0
shrinkage=0.03


Tree=98
num_leaves=15
num_cat=0
split_feature=18 19 15 9 15 0 15 4 14 5 5 7 18 4
split_gain=3.97742 4.72141 4.10848 4.54415 4.50782 3.92646 4.96228 8.57457 7.05941 4.67257 4.04168 3.78135 3.52929 2.82316
threshold=-1.7607264530832054 1.1867768631195672 0.75637347406784017 -0.08491950529480724 0.41941908260767052 0.11111111111109841 -0.39471724823241922 1.0521189635714259 0.25000000000000394 0.059509108166436571 -0.26044638799196634 1.0000000180025095e-35 -0.43765329561215954 0.96796387261445782
decision_type=2 2 2 2 2 2 2 2 2 2 2 2 2 2
left_child=-1 2 4 -4 5 -2 7 8 12 10 -8 -11 -7 -6
right_child=1 -3 3 -5 13 6 9 -9 -10 11 -12 -13 -14 -15
leaf_value=0.0073676304946740569 0.0041979552240927363 0.00571307789083069 0.0013267486932316678 -0.0097679920030331324 0.00034068369586293795 -0.0054069306922236169 -0.002207188938461219 -0.0067142351220344796 0.012866849979453868 -0.0057462494948999788 -0.012199899741676613 0.0043914797107889687 0.0035480575774436062 0.0099389044113991111
leaf_weight=59.516588404774666 104.70703868567944 100.58860772848129 51.008402988314629 84.842243865132332 52.271466866135597 53.285934939980507 63.177728995680809 96.354565843939781 52.487650260329247 58.458337277173996 90.406837344169617 64.294792741537094 118.90690392255783 54.268626302480698
leaf_count=243 425 410 210 345 214 215 256 390 212 237 367 261 480 221
internal_value=0.000138156 -0.000306687 -0.000974518 -0.00570299 -0.000149955 -0.00103324 -0.00197739 0.000563275 0.00376247 -0.00488657 -0.00828854 -0.000472323 0.000702516 0.00545612
internal_weight=1104.58 1045.06 944.471 135.851 808.62 702.08 597.373 321.035 224.68 276.338 153.585 122.753 172.193 106.54
internal_count=4486 4243 3833 555 3278 2843 2418 1297 907 1121 623 498 695 435
is_linear=0
shrinkage=0.03


Tree=99
num_leaves=15
num_cat=0
split_feature=19 14 17 18 4 9 19 19 16 3 17 8 17 18
split_gain=5.05007 5.73234 5.78416 7.97208 4.83961 13.0421 4.19255 4.4949 6.73398 6.14076 5.80871 5.87689 3.83804 3.3537
threshold=0.2857064783287438 1.0000000180025095e-35 -0.10434638759108582 0.49640584807322102 0.86451771337053718 -0.041661584764175065 -1.0928373971718457 0.11500431973705084 0.46717698341569608 0.26086956521739135 0.1281900954032936 -0.15964028131243216 0.84543701414658334 -0.22942708823294786
decision_type=2 2 2 2 2 2 2 2 2 2 2 2 2 2
left_child=4 -2 -3 -4 5 -1 13 8 9 10 11 -8 -5 -6
right_child=1 2 3 12 6 -7 7 -9 -10 -11 -12 -13 -14 -15
leaf_value=0.0033939757124120565 0.012449600356250945 0.0068280581793705494 -0.0066543316318119347 -0.0016503907844932671 0.00087360478287188813 -0.015869768340334506 0.0057910758100244196 -0.0052501529613718087 0.0095393003129698884 -0.0060613797855242867 0.0087095499155756314 -0.0063799809815077426 0.0091864260237505008 -0.0095184737827448893
leaf_weight=62.021143943071365 50.939977630972862 135.21984362602234 107.15724624693394 49.656381234526634 50.103743121027946 56.636212438344955 60.875798374414444 67.538320988416672 97.308203592896461 83.914559230208397 94.231214433908463 73.070457831025124 62.756607457995415 56.07410740852356
leaf_count=252 211 551 437 202 203 229 247 274 394 340 382 297 254 227
internal_value=0.000862664 0.00350538 0.00206602 -0.000953354 -0.000679211 -0.00607068 0.000460174 0.00166791 0.00285875 0.000658225 0.00320641 -0.000839147 0.00453303 -0.00479586
internal_weight=1107.5 405.73 354.79 219.57 701.774 118.657 583.116 476.939 409.4 312.092 228.177 133.946 112.413 106.178
internal_count=4500 1655 1444 893 2845 481 2364 1934 1660 1266 926 544 456 430
is_linear=0
shrinkage=0.03


Tree=100
num_leaves=15
num_cat=0
split_feature=17 11 9 9 9 14 14 17 1 1 11 4 4 11
split_gain=8.36126 5.2246 4.68885 7.38995 5.7912 6.28416 5.71405 4.45292 4.37899 7.63129 5.94615 4.20722 4.11711 4.94382
threshold=-1.0578132812615031 -1.429250517109762 0.49165775992372723 0.12164591470313831 0.0023046429793173221 0.15384615384613198 0.1666666666666711 0.52426685752615787 0.25000000000000006 -0.24999999999999997 -0.097395636097565894 0.94225674259763659 0.87485791411843916 -0.097395636097565894
decision_type=2 2 2 2 2 2 2 2 2 2 2 2 2 2
left_child=11 -2 3 4 5 12 -6 -5 9 -7 -11 -1 -3 -14
right_child=1 2 -4 7 6 8 -8 -9 -10 10 -12 -13 13 -15
leaf_value=0.0015233396354714288 0.0077059129564187095 0.0092241245784044027 0.0059479928821299863 -0.0023496425907916004 -0.0026267237773172948 -0.00026415762089811612 0.0087492840514596781 -0.011723353130129038 0.00066826284974144516 -0.0038136008232793942 -0.017256571675220485 0.01224863399737942 0.0058133011114458646 -0.0049740781424005252
leaf_weight=64.258040770888329 56.933181509375572 49.327440679073334 69.270962759852409 93.232231825590134 61.263996601104736 90.329426243901253 99.045444622635841 90.605643540620804 96.416132971644402 55.38093675673008 68.876451686024666 66.165804877877235 61.226586699485779 85.511131569743156
leaf_count=262 233 202 280 377 249 367 401 366 392 224 279 269 252 350
internal_value=0.000228437 -0.00073591 -0.00129686 -0.00191773 -0.000431837 -0.00200486 0.00445386 -0.00715762 -0.00462822 -0.00696902 -0.0116444 0.00721577 0.002168 -0.000429783
internal_weight=1107.84 977.42 920.486 851.215 667.378 507.068 160.309 183.838 311.003 214.587 124.257 130.424 196.065 146.738
internal_count=4503 3972 3739 3459 2716 2066 650 743 1262 870 503 531 804 602
is_linear=0
shrinkage=0.03


Tree=101
num_leaves=15
num_cat=0
split_feature=4 9 15 1 15 9 17 6 13 14 5 6 9 5
split_gain=5.8424 8.15494 3.74724 5.91681 6.07806 5.16939 5.29263 4.609 6.49611 4.25534 4.27107 3.79711 5.59771 3.66192
threshold=0.82444101803852099 -0.041661584764175065 0.75637347406784017 0.25000000000000006 -0.62381340760398296 -0.00843628208620501 -0.054483584238927192 -0.090269545952090538 0.35767590618341277 0.18749999999997727 0.29181287501480196 -0.25614571000360548 -0.21860151582873474 -0.029224310746587292
decision_type=2 2 2 2 2 2 2 2 2 2 2 2 2 2
left_child=1 -1 3 4 -2 11 -7 -5 -9 10 -4 12 -6 -13
right_child=2 -3 9 7 5 6 -8 8 -10 -11 -12 13 -14 -15
leaf_value=0.013970891134576566 -0.0061199834225044167 -0.0014670924417633535 0.0039594355540045869 0.0096431473517504702 -0.0042426323400079312 -0.0031806461618671912 0.0082559658682178193 0.0055621481009919659 -0.0065773491849556815 -0.010640304813740254 -0.007168898227355577 0.00018890592063748441 0.0081562914697508523 -0.010244805698156771
leaf_weight=58.973028913140297 157.69111451506615 57.718659117817879 66.875101089477539 87.256369173526764 64.873289853334427 49.405152887105942 113.3448588848114 104.59237094223499 57.29986010491848 57.315180644392967 49.728147268295288 52.799574956297874 57.0179333537817 65.406588241457939
leaf_count=241 637 234 276 357 264 200 458 423 234 233 202 215 232 266
internal_value=0.00038698 0.00658834 -0.000378329 0.000487046 -0.00122477 0.00074296 0.00479289 0.00428664 0.00119719 -0.00430815 -0.000886125 -0.00204406 0.00165015 -0.00576581
internal_weight=1100.3 116.692 983.606 809.687 560.539 402.847 162.75 249.149 161.892 173.918 116.603 240.097 121.891 118.206
internal_count=4472 475 3997 3286 2272 1635 658 1014 657 711 478 977 496 481
is_linear=0
shrinkage=0.03


Tree=102
num_leaves=15
num_cat=0
split_feature=14 0 4 13 4 8 12 8 4 15 11 3 17 17
split_gain=4.04309 5.32972 4.76211 4.80352 3.95443 2.93123 2.8495 7.42932 7.24195 3.11684 2.73903 3.40316 5.35025 5.00391
threshold=0.10000000000007958 0.7058823529411794 1.0521189635714259 0.22222222222222396 0.94370225182603318 -0.3047932857061536 1.0000000180025095e-35 -0.17051625560357356 0.95839111090271112 -0.16652792366732588 -0.94162627725779957 -0.17391304347826084 -0.36994329521600749 0.16880707797904121
decision_type=2 2 2 2 2 2 2 2 2 2 2 2 2 2
left_child=2 5 3 -1 -5 -2 7 -7 -8 -10 -9 -12 -13 -14
right_child=1 -3 -4 4 -6 6 8 10 9 -11 11 12 13 -15
leaf_value=0.00093851101519495201 0.0068160373494252358 -0.0076082758263621647 -0.0030244277549185072 0.0040578586740991161 0.015170648837958533 -0.010939683955978871 -0.0051318276511377178 0.0056841344764189576 0.011962428715958127 0.0026371510716797805 -0.0058323409933919304 -0.0060361405532486046 0.011036142692579434 2.4018025134956554e-05
leaf_weight=118.53272154927254 49.430209755897522 85.50720626115799 78.898499831557274 66.896861776709557 53.526750668883324 62.685494646430016 70.592612504959106 56.112385496497154 50.637113124132156 86.002863615751266 95.619558572769165 67.708247020840645 50.90652123093605 110.68306908011436
leaf_count=481 200 346 323 277 221 253 287 227 205 350 388 274 206 449
internal_value=0.000399369 -0.000757419 0.00322692 0.00531068 0.00940522 0.000126985 -0.000429037 -0.00178073 0.0024389 0.00639327 -0.000151758 -0.00123047 0.000772067 0.00372035
internal_weight=1103.74 785.885 317.855 238.956 120.424 700.378 650.948 443.715 207.233 136.64 381.03 324.917 229.298 161.59
internal_count=4487 3185 1302 979 498 2839 2639 1797 842 555 1544 1317 929 655
is_linear=0
shrinkage=0.03


Tree=103
num_leaves=15
num_cat=0
split_feature=15 9 13 17 7 13 13 4 9 4 10 9 6 3
split_gain=3.406 3.49269 2.80554 3.59264 6.72504 5.17278 5.53304 5.56779 6.61317 4.6074 6.35504 5.51214 3.25795 2.95459
threshold=1.131078039793312 -0.32700092832851052 0.033898305084742578 -0.92828782992407088 1.0000000180025095e-35 0.62933094384704902 0.47727272727271758 0.86451771337053718 -0.14837573288525283 1.1398160372058002 -1.0000000180025095e-35 0.07919301341825298 -0.11873663725446872 -0.043478260869565209
decision_type=2 2 2 2 2 2 2 2 2 2 2 2 2 2
left_child=1 -1 12 4 -4 6 7 -5 -9 10 13 -12 -3 -10
right_child=-2 2 3 5 -6 -7 -8 8 9 -11 11 -13 -14 -15
leaf_value=0.006655588095435221 0.0050146442963723446 -0.010595944033436881 -0.0031225690654543073 -0.0075695730780586234 0.010462722973597884 0.0061777136880186261 -0.0084393781290080551 -0.0081962888770667087 0.0027286707907784829 -0.0048468648599322151 0.0034212043192795084 -0.0080893016680927757 -0.00060431526703140037 0.010508215374487134
leaf_weight=51.696833252906799 103.19885167479515 50.910966023802757 57.821444883942604 87.835378214716911 65.684180289506912 71.530859664082527 98.459795951843262 62.804616123437881 84.72966431081295 69.631200939416885 88.460574701428413 57.626934215426445 63.233373150229454 98.026504784822464
leaf_count=211 423 207 235 356 268 295 399 255 343 282 361 233 256 396
internal_value=-4.50374e-05 -0.000585 -0.0010088 -0.000397065 0.00422849 -0.00121521 -0.00207291 -0.000865508 0.00047854 0.00193043 0.00341659 -0.00123677 -0.00531846 0.00707017
internal_weight=1111.65 1008.45 956.755 842.611 123.506 719.106 647.575 549.115 461.279 398.475 328.844 146.088 114.144 182.756
internal_count=4520 4097 3886 3423 503 2920 2625 2226 1870 1615 1333 594 463 739
is_linear=0
shrinkage=0.03


Tree=104
num_leaves=15
num_cat=0
split_feature=6 15 9 6 11 4 4 15 0 9 15 0 11 0
split_gain=5.84823 4.13775 6.23845 4.5148 2.83228 3.96952 4.12462 5.24485 9.0638 5.19998 3.93449 3.61831 3.33173 4.51653
threshold=0.4794302782817178 -0.65096892887255875 -0.036631587656059915 -0.26794091280426569 1.1551078393801328 0.79963438020327848 0.88462752687924928 0.99071601395791331 0.57142857142858849 -0.09570717876985789 -0.26944859482157796 0.12208672086720838 -0.8716770210310153 0.36363636363633312
decision_type=2 2 2 2 2 2 2 2 2 2 2 2 2 2
left_child=1 2 3 -1 5 -3 9 8 10 -7 -8 -12 -13 -14
right_child=-2 4 -4 -5 -6 6 7 -9 -10 -11 11 12 13 -15
leaf_value=-0.0059225855762381511 0.0080607531674514836 0.0074113013993276772 -0.0094796632166684151 0.0054690995190046767 0.0065046056946159361 0.0015648058017490732 0.0050949720370597074 -0.0062453535862033093 0.010606063992682286 -0.011169282296436486 0.0032607405755723262 0.0029451316413382387 -0.0091561048692440257 0.0003805954124735995
leaf_weight=49.687474623322487 74.329841256141663 55.871694341301918 96.938374221324921 68.332861974835396 61.990855038166046 48.710878685116768 93.29862155020237 84.470353096723557 79.400146156549454 62.126865908503532 89.494582667946815 50.141609787940979 112.22820827364922 71.610380262136459
leaf_count=201 301 228 392 277 254 200 378 346 324 252 364 205 456 291
internal_value=0.000212933 -0.000392944 -0.00404243 0.000627323 0.000595214 6.5076e-05 -0.000577443 0.000449989 0.00164076 -0.00574693 -0.000172713 -0.00174648 -0.00368983 -0.00552957
internal_weight=1098.63 1024.3 214.959 118.02 809.344 747.353 691.482 580.644 496.174 110.838 416.773 323.475 233.98 183.839
internal_count=4469 4168 870 478 3298 3044 2816 2364 2018 452 1694 1316 952 747
is_linear=0
shrinkage=0.03


Tree=105
num_leaves=15
num_cat=0
split_feature=9 15 20 0 11 20 9 15 9 0 14 14 14 15
split_gain=4.26763 4.89705 6.06255 4.10123 4.86306 5.23489 5.003 3.6383 4.17188 2.8342 2.69065 6.29326 3.82011 5.1934
threshold=0.2112887573048908 -0.41887818096514101 0.32826663821201046 0.083683473389351046 -0.40051043845865769 0.71344643836832322 -0.25069236528836714 -0.38261868877264399 -0.034502060784056987 0.46926177878559144 0.37766439909296551 0.50629822075263031 0.13487525987526452 -0.24298316697643269
decision_type=2 2 2 2 2 2 2 2 2 2 2 2 2 2
left_child=3 -2 -3 -1 5 7 -6 -5 9 -9 12 -12 -8 -14
right_child=1 2 -4 4 6 -7 10 8 -10 -11 11 -13 13 -15
leaf_value=0.0047137460466371737 0.010311016841777479 -0.0059074914423203288 0.0066312795549133769 -0.0025265313842057109 0.0033326951836488805 -0.00740970255306443 -0.0030178101105530174 -0.0027941000013716006 0.011312350983229132 0.0065351242312210291 0.0050740691234494152 -0.0082100073609768232 -0.0032168823150996706 -0.013694524808720849
leaf_weight=80.660163953900337 56.789285510778427 68.174165770411491 61.013194680213928 76.975122615695 72.287907987833023 50.822923436760902 178.42850695550442 59.240297809243202 58.534156635403633 49.342981189489365 65.6085454672575 53.938802495598793 78.181528091430664 100.03696548938751
leaf_count=328 229 276 247 311 295 207 729 242 238 204 266 219 317 406
internal_value=-0.0007243 0.00336474 4.081e-05 -0.00156094 -0.00218528 0.000912327 -0.00384404 0.00275902 0.00519625 0.00154639 -0.0049568 -0.00100858 -0.006248 -0.00931138
internal_weight=1110.03 185.977 129.187 924.058 843.398 294.915 548.482 244.093 167.117 108.583 476.194 119.547 356.647 178.218
internal_count=4514 752 523 3762 3434 1202 2232 995 684 446 1937 485 1452 723
is_linear=0
shrinkage=0.03


Tree=106
num_leaves=15
num_cat=0
split_feature=4 4 13 13 0 19 13 13 18 4 18 4 4 0
split_gain=2.63253 6.92314 3.78626 3.51577 12.4088 3.95626 5.46422 4.60538 7.65573 5.61878 5.5663 4.66366 3.32416 5.59036
threshold=0.82444101803852099 0.86451771337053718 0.15624999999998104 0.33333333333339948 0.42857142857143238 0.75612226627391699 0.088235294117636989 0.041841736694673996 -1.1196221220873015 0.91438959640037953 0.43075350451430344 1.0260410981573422 1.1011526771147 0.1249999999999844
decision_type=2 2 2 2 2 2 2 2 2 2 2 2 2 2
left_child=2 -2 -1 5 12 7 -7 -3 -9 -10 11 -11 13 -5
right_child=1 3 -4 4 -6 6 -8 8 9 10 -12 -13 -14 -15
leaf_value=-0.0022427818530685638 -0.0086996940053877172 -0.0030160052779086926 0.0083278951480325273 0.0060839538939498209 -0.013936408847591527 0.0038326011271385164 -0.0084006320580189611 -0.0057815899311252578 0.014538019826473915 0.0019062641685959039 -0.0015641382692991798 0.011973153480202614 0.0064094298951598259 -0.004851313692039623
leaf_weight=49.322472378611565 83.282198280096054 96.398040890693665 68.174630224704742 56.849204406142235 61.858913257718086 53.699129521846771 71.382470428943634 54.556549981236458 52.864103838801384 79.963144972920418 98.244485229253769 86.219496980309486 61.153013050556183 127.39122487604618
leaf_count=200 339 391 278 232 253 219 291 222 214 324 397 350 249 520
internal_value=-0.000169182 -0.000682333 0.00398015 0.000103023 -0.00247798 0.00144912 -0.0032033 0.00271263 0.00421803 0.00600044 0.00405549 0.00732637 0.000631085 -0.00140553
internal_weight=1101.36 983.862 117.497 900.58 307.252 593.327 125.082 468.246 371.848 317.291 264.427 166.183 245.393 184.24
internal_count=4479 4001 478 3662 1254 2408 510 1898 1507 1285 1071 674 1001 752
is_linear=0
shrinkage=0.03


Tree=107
num_leaves=15
num_cat=0
split_feature=17 17 19 19 20 20 9 1 20 0 17 20 11 19
split_gain=4.39285 8.99018 5.95117 5.04276 3.50266 3.7585 4.62771 5.27285 4.04463 3.38362 3.02243 5.16035 3.0068 2.86669
threshold=-0.10434638759108582 -0.35837791494765781 0.30531848254644334 -0.40389858176992743 -0.67717505028292291 -0.27665731187312198 0.2112887573048908 -1.0000000180025095e-35 0.33696517517647179 0.43792808219182366 0.30369282987848922 0.69270886404589149 -0.21781914021323551 -0.88100312053596574
decision_type=2 2 2 2 2 2 2 2 2 2 2 2 2 2
left_child=1 2 3 13 -2 -6 8 -8 12 -5 -10 -12 -7 -1
right_child=4 -3 -4 9 5 6 7 -9 10 -11 11 -13 -14 -15
leaf_value=-0.0030980024811604217 -0.008404891732592519 0.0087257130237177825 0.0043528818231545509 -0.011966821545426786 0.0042204213846347817 -0.0028752649673523143 0.0090855990898905635 -0.0034706536814276311 0.0036047025145396669 -0.0022942347696849469 0.0036613211213295787 -0.0078099552956250101 -0.012537461610895856 0.005427118302058935
leaf_weight=75.183159008622169 74.439899608492851 108.02371467649937 127.64167879521847 66.842965304851532 79.396395653486252 53.27301786839962 52.023311883211136 59.623537197709084 60.922461047768593 64.862265527248383 49.087957635521889 101.8211999386549 70.234944209456444 58.808814227581024
leaf_count=305 302 440 523 271 322 217 210 241 248 264 200 415 286 239
internal_value=-0.000799899 0.00126681 -0.000865465 -0.00340647 -0.00252071 -0.00161732 -0.00268947 0.00251876 -0.00443501 -0.0074614 -0.00183831 -0.00408081 -0.00864387 0.000704288
internal_weight=1102.19 501.363 393.339 265.697 600.823 526.383 446.986 111.647 335.34 131.705 211.832 150.909 123.508 133.992
internal_count=4483 2042 1602 1079 2441 2139 1817 451 1366 535 863 615 503 544
is_linear=0
shrinkage=0.03


Tree=108
num_leaves=15
num_cat=0
split_feature=14 15 8 9 9 6 4 13 15 13 16 11 11 8
split_gain=6.18788 8.72865 5.43775 4.774 4.88973 4.52407 4.04179 5.74899 7.21792 4.83476 4.65904 3.80456 4.52653 3.74843
threshold=0.22222222222220625 -0.70820785062805747 0.28977853261116154 -0.072612927748987546 -0.015053169483728651 -0.22472498700727392 1.0521189635714259 0.30801282051287182 -0.34949198191660336 0.083333333333320506 0.10240014494808027 -0.29127253963628602 0.42575189027154275 -0.054340756522974223
decision_type=2 2 2 2 2 2 2 2 2 2 2 2 2 2
left_child=1 -1 3 5 -5 -3 7 8 -2 -10 -11 -8 -13 -6
right_child=6 2 -4 4 13 -7 11 -9 9 10 -12 12 -14 -15
leaf_value=-0.003498388494047623 0.004740343172552861 0.0053939750714536794 -0.0043485017229000448 -0.0049909244135834339 0.011484698850065915 0.016346691419248022 -0.00025368839066161988 0.0049888768784447151 0.00074163600994827902 -0.015512692343350933 -0.0034456922741194665 -0.014658907256785174 -0.0028414907891039154 0.0014620266194791524
leaf_weight=167.66578389704227 72.974235519766808 94.772796660661697 49.531255915760994 50.547512590885162 52.322062417864799 56.024922236800194 70.790871530771255 114.67361119389534 59.659483641386032 56.223190426826477 61.364628612995148 57.868719309568405 60.009148970246315 85.278244853019714
leaf_count=677 295 393 201 206 214 233 287 464 242 227 249 235 244 346
internal_value=-7.32941e-05 0.00215209 0.00460429 0.00595679 0.00265642 0.00985719 -0.00230829 -0.00044281 -0.00298106 -0.00620286 -0.00961277 -0.00581166 -0.00900333 0.00554217
internal_weight=1109.71 556.143 388.477 338.946 188.148 150.798 553.564 364.895 250.222 177.247 117.588 188.669 117.878 137.6
internal_count=4513 2270 1593 1392 766 626 2243 1477 1013 718 476 766 479 560
is_linear=0
shrinkage=0.03


Tree=109
num_leaves=15
num_cat=0
split_feature=14 14 6 6 9 16 17 16 19 16 14 14 14 6
split_gain=3.38832 7.44454 4.1812 7.08217 3.61106 3.33164 6.9969 4.67676 5.7386 4.66578 6.58359 5.9074 3.57291 2.99076
threshold=0.076923076923068615 0.050316455696210967 0.0046567754103912793 -0.21950341237018833 -0.326259546591051 0.7105154264235799 0.65534780000896131 -0.36208494120244233 -0.52468321824038355 1.0000000180025095e-35 0.27272727272724984 0.24999999999999137 0.50629822075263031 -0.036597095874688561
decision_type=2 2 2 2 2 2 2 2 2 2 2 2 2 2
left_child=1 2 3 -1 -2 7 -7 8 -6 10 -9 -11 -13 -10
right_child=4 -3 -4 -5 5 6 -8 9 13 11 -12 12 -14 -15
leaf_value=-0.0027678860559648653 0.0068586156532571387 0.012885254229627191 -0.0046593120126133545 0.010792264444314675 0.0021504249470874455 -0.0091002785119272452 0.0032703209367886989 0.013360722046768253 -0.010932984112662242 -0.0063360088251791001 0.00026419359008232688 0.0067958548808548522 -0.0029395857692104911 -0.0023926499351709834
leaf_weight=68.154411405324936 49.320981100201607 51.809571981430054 78.810665905475616 62.314134851098061 104.99605533480644 111.15325818955898 60.47809299826622 60.213500529527664 74.560242563486099 90.001540437340736 73.897687971591949 88.45053331553936 49.659781828522682 75.530137524008751
leaf_count=281 200 212 320 258 425 452 247 245 303 366 299 358 201 305
internal_value=0.000302266 0.00325265 0.000622967 0.00386797 -0.000630512 -0.00113894 -0.00477204 -9.86017e-05 -0.00317576 0.00208215 0.00641317 -0.000547083 0.00331492 -0.00685092
internal_weight=1099.35 261.089 209.279 130.469 838.262 788.941 171.631 617.309 255.086 362.223 134.111 228.112 138.11 150.09
internal_count=4472 1071 859 539 3401 3201 699 2502 1033 1469 544 925 559 608
is_linear=0
shrinkage=0.03


Tree=110
num_leaves=15
num_cat=0
split_feature=15 1 4 4 16 20 4 20 4 4 16 18 4 6
split_gain=4.30038 4.87332 4.40204 7.08003 5.11398 4.32846 4.02792 6.25047 5.97507 11.6013 6.26098 5.2794 5.09207 3.88139
threshold=0.4846437501548192 0.41666666666666674 1.091539033307644 0.95705550032240427 0.57066360050685161 0.23346068510528142 1.1179112633096868 -0.32528245213195811 1.0129807468978294 0.98139758526782583 0.74285020584321826 0.61029751079919048 1.0482902353534362 -0.26494168862278128
decision_type=2 2 2 2 2 2 2 2 2 2 2 2 2 2
left_child=1 6 3 4 -2 -5 8 -8 9 10 11 13 -10 -1
right_child=2 -3 -4 5 -6 -7 7 -9 12 -11 -12 -13 -14 -15
leaf_value=0.0035966001820213994 0.0098185935856568082 0.0037332165402836157 0.0092565241714887038 0.00096402342920848207 -0.0016599326792570137 -0.010890895164272942 0.00026672411897305973 -0.013427488536035844 0.0091882660044366703 -0.014671674037906181 -0.0094177657071983882 0.0085658673486116426 -0.0013353318178746167 -0.0043539454140278603
leaf_weight=84.365838319063187 77.527779161930084 122.1595154106617 62.399870306253433 52.474210500717163 58.384028062224388 52.036451295018196 51.867430225014687 65.524336501955986 67.787073567509651 64.72324138879776 62.742296651005745 56.02681902050972 93.406881466507912 140.8066241890192
leaf_count=343 320 498 255 215 238 212 210 266 275 262 255 227 379 571
internal_value=-0.000544293 -0.00168381 0.00247939 0.000567682 0.00500379 -0.00516636 -0.0026667 -0.00761323 -0.00159036 -0.00350915 -0.00122844 0.000731402 0.00323346 -0.00136168
internal_weight=1112.23 809.41 302.822 240.422 135.912 104.511 687.251 117.392 569.859 408.665 343.942 281.199 161.194 225.172
internal_count=4526 3286 1240 985 558 427 2788 476 2312 1658 1396 1141 654 914
is_linear=0
shrinkage=0.03


Tree=111
num_leaves=15
num_cat=0
split_feature=19 19 20 17 4 8 20 17 9 4 4 13 15 3
split_gain=4.85965 9.47338 7.99931 6.76324 3.99928 3.6723 4.73803 4.40616 5.0102 5.15133 7.86198 3.59404 2.82293 3.67568
threshold=-0.55870703436279223 -0.40389858176992743 -0.32528245213195811 -0.23105620497352566 0.80573327033022824 0.32478505839154986 0.80465631385472014 -0.94051726559056614 -0.14871010625915521 0.89632268074877652 0.99026833908567558 0.34615384615388728 0.59586552165194773 -0.086956521739130418
decision_type=2 2 2 2 2 2 2 2 2 2 2 2 2 2
left_child=2 -2 3 -1 -3 6 7 -6 -9 -10 -11 -4 13 -12
right_child=1 4 11 -5 5 -7 -8 8 9 10 12 -13 -14 -15
leaf_value=-0.003453785663907325 0.010981681794087102 0.0067492598107805092 -0.011449737830478876 0.010003321461528145 0.0051161594717294622 -0.0072049033520965138 0.0060510612802149415 -0.0087304506112154279 -0.0082486718637731753 0.0070486395205642642 -0.0064649537039695188 -0.0015708861520449514 -0.0085300883156036959 0.0031784212597251804
leaf_weight=83.159902438521385 71.577531710267067 64.863904908299446 98.6929692029953 49.536952555179596 80.491497948765755 66.806373551487923 92.274684190750122 83.286785781383514 62.565388903021812 111.85897414386272 52.472727969288826 51.340361043810844 50.283262521028519 88.450765714049339
leaf_count=338 291 265 400 201 330 273 375 340 254 456 213 209 205 359
internal_value=-0.000237347 0.000928522 -0.00359606 0.0017507 -9.27538e-05 -0.000781366 -3.91136e-05 -0.0011473 -0.00231433 -0.000754744 0.000901084 -0.00822895 -0.00278331 -0.000510765
internal_weight=1107.66 824.932 282.73 132.697 753.354 688.49 621.684 529.409 448.918 365.631 303.066 150.033 191.207 140.923
internal_count=4509 3361 1148 539 3070 2805 2532 2157 1827 1487 1233 609 777 572
is_linear=0
shrinkage=0.03


Tree=112
num_leaves=15
num_cat=0
split_feature=8 19 19 4 4 17 19 5 19 4 8 8 0 0
split_gain=4.4892 2.90744 3.94406 3.93291 9.69408 4.38626 7.05295 6.80857 3.57248 3.54152 4.89384 4.76933 3.12887 2.41612
threshold=-0.36892593455817313 -0.88100312053596574 -0.40389858176992743 0.82444101803852099 0.86451771337053718 -0.41061709130415475 -0.04238217117180313 0.33492817278927933 1.1680560262259481 0.98139758526782583 0.12116879149905892 0.0036327093691313202 0.36363636363633312 0.3846153846153354
decision_type=2 2 2 2 2 2 2 2 2 2 2 2 2 2
left_child=-1 -2 12 -4 -5 6 -6 9 -9 -7 11 -11 -3 -8
right_child=1 2 3 4 5 7 13 8 -10 10 -12 -13 -14 -15
leaf_value=0.0089911759667240208 -0.0035999474184885377 0.0096867932709561542 0.0058715362510274559 -0.012450685197915182 -0.012629193166182556 0.0083616707400229438 -0.0042435085507354069 -0.0083873574443081265 0.001939224567619361 0.0033273334589425537 0.0087878342425073506 -0.0078663036861601893 0.0014681135520245073 0.003558003184708486
leaf_weight=50.435150265693665 147.80772393941879 67.68519127368927 82.910745650529861 54.343493938446045 49.618221566081047 114.76995094120502 58.647779166698456 66.58780400454998 49.38117028772831 75.062237590551376 54.891426473855972 55.154699876904488 102.87984958291054 76.454170659184456
leaf_count=205 600 275 339 222 202 467 239 272 202 305 223 224 418 313
internal_value=0.000669336 0.000231463 0.000871183 -8.9846e-05 -0.000883317 0.000257538 -0.00353183 0.00196275 -0.00409175 0.00433285 0.0016807 -0.0015294 0.00491252 0.000140785
internal_weight=1106.63 1056.19 908.387 737.822 654.911 600.567 184.72 415.847 115.969 299.878 185.108 130.217 170.565 135.102
internal_count=4506 4301 3701 3008 2669 2447 754 1693 474 1219 752 529 693 552
is_linear=0
shrinkage=0.03


Tree=113
num_leaves=15
num_cat=0
split_feature=19 5 13 16 11 11 15 13 14 11 14 4 11 11
split_gain=4.262 6.88168 9.65325 4.28213 3.24638 6.9534 6.79011 5.82236 5.58938 3.14063 4.65051 4.61433 3.55818 2.67061
threshold=-0.67151524674348273 -0.12861118379977382 0.227272727272717 -0.84823325163135121 0.064446047945481227 -0.26276248452307166 0.35257191102150937 0.20000000000000265 0.19292803970224567 -1.0691628630577001 0.42857142857137198 0.98139758526782583 -0.61391464463338508 0.46829495157101636
decision_type=2 2 2 2 2 2 2 2 2 2 2 2 2 2
left_child=1 2 -1 -2 5 9 7 -6 -7 11 12 -5 -11 -8
right_child=3 -3 -4 4 6 8 13 -9 -10 10 -12 -13 -14 -15
leaf_value=-0.0069085811211902779 -0.0044852270155882603 -0.011310337789650167 0.0065396584464041726 0.011864507609317617 0.014983828790121625 0.0015014269434916456 -0.0053143580729698324 0.0037107005181196192 -0.011493356208070958 -0.0015957850608241308 -0.007143326639509737 -0.00017277674319389984 0.0069508016663255481 0.0025582258547489464
leaf_weight=90.032889723777771 97.796275824308395 62.837396830320358 92.143760785460472 59.797679558396339 65.631458148360252 50.965495437383652 55.629482880234718 110.40570993721485 63.359950631856918 81.984308645129204 50.442825868725777 51.139552131295204 85.608920678496361 102.66601172089577
leaf_count=364 398 255 376 245 266 208 228 449 257 335 204 209 349 420
internal_value=0.000304409 -0.0031539 -0.000113558 0.00128473 0.00203439 0.000339921 0.00424301 0.00821138 -0.0058802 0.00255722 0.000425717 0.00654745 0.00284482 -0.00028643
internal_weight=1120.44 245.014 182.177 875.428 777.631 443.299 334.333 176.037 114.325 328.973 218.036 110.937 167.593 158.295
internal_count=4563 995 740 3568 3170 1807 1363 715 465 1342 888 454 684 648
is_linear=0
shrinkage=0.03


Tree=114
num_leaves=15
num_cat=0
split_feature=17 18 11 17 15 19 19 19 20 20 16 1 20 11
split_gain=3.64919 7.40703 4.43584 3.39851 8.33505 8.06294 6.9426 5.51149 4.5291 3.45399 3.24758 2.99417 2.80802 2.55027
threshold=1.4647633478518802 0.94168717251320844 0.25475341033226817 -0.10434638759108582 0.28242766358367172 0.17245212641647961 0.095257677244164965 -0.34095525855896763 0.44558743402050799 -0.49156563042491103 -0.46592211643511405 -1.0000000180025095e-35 0.93765949265071902 -0.21115167703761364
decision_type=2 2 2 2 2 2 2 2 2 2 2 2 2 2
left_child=1 3 -3 4 5 7 -5 9 13 -1 -6 -12 -10 -8
right_child=-2 2 -4 6 10 -7 8 -9 12 -11 11 -13 -14 -15
leaf_value=-0.0050363592929382368 -0.006621182191656287 0.0025521303653248039 0.013956616107247834 0.0014704933272874489 0.01282340100586387 0.0061187455951961173 -0.0045143850316585413 -0.010336285732510607 0.003584124097789243 0.0037083135764736869 -0.00084692565400090064 0.0087375461322296392 -0.0060363942795606147 -0.014242676547245368
leaf_weight=78.186825454235077 59.27833753824234 76.307787045836449 49.786015197634697 230.69670923054218 52.115134388208389 90.208514586091042 50.264425545930862 80.135970711708069 49.830410555005074 74.651233345270157 60.001700595021248 50.937266528606415 49.728592604398727 57.998158112168312
leaf_count=317 240 310 202 937 215 368 205 325 204 303 246 211 204 236
internal_value=0.000320707 0.000741799 0.00741557 -0.000203181 0.00151677 -0.00128288 -0.00210589 -0.00421717 -0.00601721 -0.000782999 0.00693891 0.00374079 -0.00128008 -0.0101247
internal_weight=1110.13 1050.85 126.094 924.755 486.237 323.183 438.518 232.974 207.822 152.838 163.054 110.939 99.559 108.263
internal_count=4523 4283 512 3771 1985 1313 1786 945 849 620 672 457 408 441
is_linear=0
shrinkage=0.03


Tree=115
num_leaves=15
num_cat=0
split_feature=5 13 19 19 0 6 0 11 5 1 18 6 19 7
split_gain=4.51618 5.03513 4.24153 4.39359 5.32521 6.94029 4.87614 3.4841 3.05202 3.96959 5.1572 5.42424 4.1602 4.96103
threshold=-0.4908666206766838 0.64785373608904451 -0.58724687112777063 -0.2955470770853138 0.37499999999991335 -0.044375897065165641 0.24217986314759371 -0.19465983763864247 -0.20127481737113315 -0.41666666666666663 -0.36188817386529931 -0.32476117577417479 1.1074910066018258 1.0000000180025095e-35
decision_type=2 2 2 2 2 2 2 2 2 2 2 2 2 2
left_child=-1 2 7 -4 5 6 -5 -2 -6 -10 11 -11 13 -12
right_child=1 -3 3 4 8 -7 -8 -9 9 10 12 -13 -14 -15
leaf_value=0.0078527317185178649 -0.00034864964152186637 0.0069236692057916532 0.0052985924390852659 -0.0037235973627014699 -0.0046989918766683391 0.0011763290609913453 -0.016105868008352103 -0.0083806761779019277 0.009011852771794197 -0.00074788704819888426 0.0011589179689766951 0.012848356359644998 0.0052700860074403185 -0.009212295658391316
leaf_weight=60.975550472736359 88.992737278342247 76.486391663551331 120.68804444372654 68.735041245818138 64.018430575728416 101.79973214864731 49.587163269519806 103.31176370382309 58.493795529007912 50.813709914684296 77.806078910827637 48.839245289564133 50.232013732194901 81.608922109007835
leaf_count=247 361 317 490 279 261 412 201 419 238 209 317 200 206 333
internal_value=0.00024084 -0.000240234 -0.000840857 0.000160653 -0.000823587 -0.00456687 -0.00935544 -0.00476673 0.00111503 0.00217647 0.000760991 0.00621104 -0.00191395 -0.00426908
internal_weight=1102.39 1041.41 964.927 772.622 651.934 220.122 118.322 192.305 431.812 367.794 309.3 99.653 209.647 159.415
internal_count=4490 4243 3926 3146 2656 892 480 780 1764 1503 1265 409 856 650
is_linear=0
shrinkage=0.03


Tree=116
num_leaves=15
num_cat=0
split_feature=15 7 18 3 0 13 5 9 4 14 13 18 17 5
split_gain=4.0104 6.95857 6.75253 4.15477 8.77586 6.80677 3.52809 3.45281 4.33972 4.93643 3.85355 4.79898 3.37412 3.18143
threshold=-0.70820785062805747 1.0000000180025095e-35 -0.20290269927317942 0.34782608695652178 0.60996279454322411 0.35000000000004444 0.29503953362001017 -0.14592673940986187 1.1082555138922052 0.47058823529413502 0.29629629629630089 0.18828048326281557 -0.72507362932506003 0.033466143027442892
decision_type=2 2 2 2 2 2 2 2 2 2 2 2 2 2
left_child=1 2 -1 4 7 -5 -6 12 9 10 -9 -12 -2 -11
right_child=3 -3 -4 5 6 -7 -8 8 -10 13 11 -13 -14 -15
leaf_value=-0.0070880945322460845 -0.01052520129963793 -0.010119228637874796 0.006949235553686108 -0.009341558891300077 0.0097971261513891232 0.0035215142578668437 0.0012581989808673403 -0.0093208727191285024 0.0061387535083096386 0.0090954884474938949 -0.0056835524062981918 0.0042580761691153992 -0.00079916312331116779 -0.0011537999201277945
leaf_weight=50.954227238893509 51.685940146446228 95.016434282064438 63.776022717356682 88.327972143888474 116.10880605876446 57.874151989817619 70.576688647270203 65.917886435985565 92.144739732146263 52.673123270273209 85.920313939452171 79.296971887350082 76.104445368051529 49.782446831464767
leaf_count=206 211 385 258 359 477 237 288 268 375 213 352 323 311 202
internal_value=-0.000655791 -0.00433421 0.000679293 0.00023404 0.00115275 -0.00430164 0.006686 -0.000756573 0.000554588 -0.00105575 -0.00346761 -0.000927094 -0.00498113 0.00429347
internal_weight=1096.16 209.747 114.73 886.413 740.211 146.202 186.685 553.526 425.735 333.591 231.135 165.217 127.79 102.456
internal_count=4465 849 464 3616 3020 596 765 2255 1733 1358 943 675 522 415
is_linear=0
shrinkage=0.03


Tree=117
num_leaves=15
num_cat=0
split_feature=20 11 7 19 17 18 19 17 19 1 11 18 9 9
split_gain=3.77171 5.31355 5.09556 4.99219 4.14862 4.65492 3.2033 8.17661 5.11049 3.69231 3.57188 3.51898 5.00086 3.13931
threshold=0.38038110008539894 1.1551078393801328 1.0000000180025095e-35 1.039335002587346 0.28894807955457869 0.77366681190026065 0.23496734368729119 -0.5763158553787916 -0.021234668373036808 1.0000000180025095e-35 -0.61391464463338508 -0.95170228090564857 -0.050025909994857252 -0.0080740831359489805
decision_type=2 2 2 2 2 2 2 2 2 2 2 2 2 2
left_child=1 3 4 6 -2 -6 8 -8 9 11 -11 -1 -13 -9
right_child=2 -3 -4 -5 5 -7 7 13 -10 10 -12 12 -14 -15
leaf_value=-0.0097608978775364473 0.011121862398230889 0.0071195803921719611 -0.00072062764764360817 -0.010145468882721274 -0.0036584056997183085 0.0083886853156234162 0.011253236207547052 -0.0068419823875817409 -0.0088821943082768515 -0.0029394985852630585 0.0064880733331383143 0.0049389941432620198 -0.0053884618795833564 0.0026905469315574035
leaf_weight=49.896806478500366 80.655255541205406 62.15391118824482 189.95876829326153 53.081162109971046 56.418820530176163 49.995665535330772 57.323171675205231 57.670908883213997 80.425301313400269 54.735464811325073 89.762483552098274 69.585034996271133 92.395707681775093 57.687547117471695
leaf_count=203 329 254 774 218 230 203 236 236 327 223 365 283 374 234
internal_value=0.000331642 -0.000934273 0.00274534 -0.00173746 0.00619198 0.00212402 -0.000928591 0.00248314 -0.0022902 -0.000700231 0.00293806 -0.00319203 -0.000936863 -0.00216129
internal_weight=1101.75 724.717 377.029 662.564 187.07 106.414 609.482 172.682 436.801 356.375 144.498 211.878 161.981 115.358
internal_count=4489 2953 1536 2699 762 433 2481 706 1775 1448 588 860 657 470
is_linear=0
shrinkage=0.03


Tree=118
num_leaves=15
num_cat=0
split_feature=9 20 20 9 8 15 8 19 16 11 8 6 18 8
split_gain=4.30416 5.60092 6.69412 5.20615 5.67682 4.2171 4.10011 3.63754 6.21887 7.38303 4.98604 3.92515 4.23892 3.34781
threshold=-0.33938220870477004 0.38038110008539894 0.21194002389918701 -0.14475855216390823 0.15525216541190148 -1.2922240129528129 0.069380440874282676 0.2857064783287438 0.23257486132717825 0.51523243175398092 -0.079258690664661402 -1.0000000180025095e-35 -0.42102522350672328 0.26084117189872397
decision_type=2 2 2 2 2 2 2 2 2 2 2 2 2 2
left_child=-1 2 5 -3 -5 -2 7 8 9 11 -9 12 -7 -6
right_child=1 3 -4 4 13 6 -8 10 -10 -11 -12 -13 -14 -15
leaf_value=0.0081391217123284992 -0.0088559508999764749 -0.0052392562264881896 -0.010399209649970763 0.0086799805879270338 -0.004278884946671958 0.0018358411718439674 -0.0060245578000196901 -0.0017825421629757113 -0.0097115878254434278 -0.0070918331053524573 0.010351439076812765 -0.0005632825655675918 0.012908351210672171 0.0041063647986650346
leaf_weight=49.841463968157768 51.0088020414114 59.634244918823242 72.199275434017181 132.12609246373177 72.140235736966133 66.885643839836121 86.691843762993813 50.094948559999466 52.172163471579552 70.730730906128883 68.06589463353157 105.87824656069279 56.555429875850677 91.460581794381142
leaf_count=204 206 244 294 538 293 273 354 205 212 288 279 429 231 373
internal_value=-5.25451e-05 -0.00048399 -0.00207404 0.00254646 0.00417748 -0.00100882 -0.000217912 0.000904365 -0.000638841 0.00107203 0.00534365 0.00368768 0.00721381 0.000391624
internal_weight=1085.49 1035.64 680.283 355.361 295.727 608.084 557.075 470.383 352.222 300.05 118.161 229.319 123.441 163.601
internal_count=4423 4219 2771 1448 1204 2477 2271 1917 1433 1221 484 933 504 666
is_linear=0
shrinkage=0.03


Tree=119
num_leaves=15
num_cat=0
split_feature=5 19 4 4 17 3 15 16 4 6 5 14 18 6
split_gain=3.42468 5.23726 5.66737 6.72085 4.04964 4.38449 3.57314 4.52601 3.3242 4.13979 7.54315 6.54762 5.75813 3.0692
threshold=-0.4908666206766838 -0.61265083698561396 0.82444101803852099 0.86451771337053718 -0.59539027128791355 -0.17391304347826084 1.2727666951929526 -0.36208494120244233 1.1797647501505224 0.062015785408222508 0.12534913240106929 0.23809523809530611 1.0405668879032446 -0.22472498700727392
decision_type=2 2 2 2 2 2 2 2 2 2 2 2 2 2
left_child=-1 4 -3 -4 -2 -6 7 -5 9 10 11 -9 -11 -12
right_child=1 2 3 6 5 -7 -8 8 -10 12 13 -13 -14 -15
leaf_value=0.0063203453455269037 -0.011869233634138165 0.0071840824360789634 -0.0096750963435990444 -0.0030651349593194669 -0.0092754663553262541 0.0011893559887625361 -0.006327348184860344 0.019341368968833282 -0.0040192333093327596 -0.0055317612849958659 -0.0027496140808602148 0.0037485882101479392 0.0064598720120060587 0.0052425867992553369
leaf_weight=61.361410766839981 51.1469656676054 91.69345198571682 61.013788387179375 172.00303733348846 49.206881642341614 104.66520681977272 60.603627368807793 48.970684692263603 55.982764765620232 83.119306057691574 74.287042200565338 49.410488232970238 56.016625478863716 91.175508260726929
leaf_count=249 208 375 249 700 200 425 249 203 228 337 303 200 227 372
internal_value=-0.000291666 -0.000706468 0.000346128 -0.000528913 -0.00494614 -0.00234379 0.000341667 0.00102693 0.002577 0.00353139 0.00570603 0.0120702 -0.000647274 0.00167896
internal_weight=1110.66 1049.3 844.276 752.583 205.019 153.872 691.569 630.965 458.962 402.98 263.844 98.3812 139.136 165.463
internal_count=4525 4276 3443 3068 833 625 2819 2570 1870 1642 1078 403 564 675
is_linear=0
shrinkage=0.03


Tree=120
num_leaves=15
num_cat=0
split_feature=0 17 6 17 13 20 20 20 17 15 17 19 6 20
split_gain=2.8499 4.63916 2.86824 2.30257 2.34687 2.71979 4.71762 3.57297 4.07442 3.37248 3.18679 3.36761 2.44511 2.36647
threshold=0.076923076923073652 1.4647633478518802 0.44239605068973875 0.97016575468862176 0.48275862068964798 0.56391101908007646 1.0303602882632996 -0.36162730918649905 -0.63769986548013058 -0.58827039822693228 -0.36994329521600749 -0.25511412490611718 -0.16697482376232201 0.29935032815106838
decision_type=2 2 2 2 2 2 2 2 2 2 2 2 2 2
left_child=-1 2 3 4 5 7 -7 8 -2 -9 -10 -12 -6 -11
right_child=1 -3 -4 -5 12 6 -8 9 10 13 11 -13 -14 -15
leaf_value=0.005331247541037084 0.0067875276863796847 -0.0079857113699508785 0.0065094161553728904 -0.0057076584890749151 -0.007938419245145106 0.0082393530123579996 -0.0015370002765881553 0.0026667901210065807 -0.0065924937712534548 -0.0023424685399015947 0.0076947484041792764 -0.0022066717068945684 8.918830715249227e-05 -0.0096408707576920074
leaf_weight=88.138169094920158 107.74854393303394 58.793855398893356 58.883621603250504 55.801372095942497 53.087059378623962 101.85380443930626 73.710107997059822 80.960604101419449 49.578076481819153 147.90704840421677 49.585133209824562 67.486377477645874 82.594717845320702 52.512529477477074
leaf_count=359 440 238 239 227 219 415 301 329 201 604 201 274 338 214
internal_value=0.000303595 -0.000145743 0.000361875 -6.33526e-05 0.000330557 0.00100709 0.00420587 -3.18637e-05 0.00238206 -0.00238638 -0.00058107 0.00213043 -0.00322222 -0.00444286
internal_weight=1128.64 1040.5 981.709 922.825 867.024 731.342 175.564 555.778 274.398 281.38 166.65 117.072 135.682 200.42
internal_count=4599 4240 4002 3763 3536 2979 716 2263 1116 1147 676 475 557 818
is_linear=0
shrinkage=0.03


Tree=121
num_leaves=15
num_cat=0
split_feature=13 13 1 5 18 18 4 4 4 18 16 19 8 3
split_gain=4.69037 5.92005 5.76082 4.63546 4.53482 4.99672 4.25197 4.02566 3.21526 3.30693 4.9339 4.80955 4.22872 2.50011
threshold=0.1333333333333156 0.083333333333320506 0.41666666666666674 -0.021464911598382732 0.61029751079919048 -0.44521479870634423 0.96568390232146106 0.82444101803852099 0.86989387916382432 0.023253782081980815 0.33181018868417528 -0.40389858176992743 0.065525973197200507 0.043478260869565195
decision_type=2 2 2 2 2 2 2 2 2 2 2 2 2 2
left_child=1 4 7 -4 5 -1 -3 -2 -9 12 11 -11 13 -10
right_child=2 6 3 -5 -6 -7 -8 8 9 10 -12 -13 -14 -15
leaf_value=0.0027689833173699893 0.0069470752154742743 -0.013898142908773928 0.013787729813133903 0.0012512676199658219 0.005721609298596957 -0.0070252514585372947 -0.0026103222483530092 -0.0073181385010263351 -0.0029834327382253453 0.0055675689966164493 0.0077568895823916344 -0.0051502159939066181 -0.0078517114866976795 0.0037235981485078205
leaf_weight=79.367291197180748 64.758704468607903 55.886066406965256 49.715264409780502 53.698288947343826 75.595116078853607 102.53146477043629 64.96913754940033 54.016094654798508 98.644110813736916 58.070115208625793 94.518744915723801 88.809077888727188 77.884533807635307 91.704114124178886
leaf_count=323 265 227 204 220 307 418 265 220 403 236 384 361 318 374
internal_value=-0.000151462 -0.00284215 0.00124947 0.00763601 -0.000231206 -0.00279201 -0.00817483 0.000146484 -0.000689066 7.7828e-05 0.00259729 -0.000869045 -0.00219561 0.000260417
internal_weight=1110.17 378.349 731.819 103.414 257.494 181.899 120.855 628.405 563.647 509.631 241.398 146.879 268.233 190.348
internal_count=4525 1540 2985 424 1048 741 492 2561 2296 2076 981 597 1095 777
is_linear=0
shrinkage=0.03


Tree=122
num_leaves=15
num_cat=0
split_feature=20 13 3 5 4 14 5 11 17 19 11 3 11 3
split_gain=3.67491 4.92473 3.45576 3.07838 2.75784 3.72573 4.26863 3.98996 3.45677 5.42958 5.17909 5.72313 3.34239 2.99273
threshold=-1.2088759288597901 0.062499999999993651 -0.21739130434782605 0.13306654427239786 0.79963438020327848 0.37499999999992201 0.27075962044890145 0.23845676817851472 -0.39742373507529999 0.078100723111775641 -0.35791726409915858 0.1304347826086957 -0.55464213644941085 -0.086956521739130418
decision_type=2 2 2 2 2 2 2 2 2 2 2 2 2 2
left_child=-1 2 -2 -4 -3 8 7 13 12 10 -10 -12 -6 -7
right_child=1 4 3 -5 5 6 -8 -9 9 -11 11 -13 -14 -15
leaf_value=0.0048768401322777993 0.00054389114252072364 0.0059310095453506823 -0.01241062583674454 -0.0029678603887175505 0.00061563409592823085 -0.0034771653910109965 -0.0044029119779755831 0.011474332092184495 -0.0032247024194407797 -0.0041816188906940019 0.00018576778869943116 0.012646809309328259 -0.0084203100213627226 0.0060138107696430564
leaf_weight=92.834387898445129 57.823059514164925 56.202693477272987 67.493976771831512 61.537903666496277 52.983053907752037 51.848624423146248 54.28330585360527 51.86694960296154 74.904138252139091 177.78098599612713 65.882424533367157 62.121387511491776 111.28412872552872 58.692362710833549
leaf_count=378 235 230 274 251 218 210 221 210 305 726 269 253 456 238
internal_value=-0.000679734 -0.00121477 -0.00554065 -0.00818589 -0.000198765 -0.000686819 0.00260206 0.00500497 -0.00200634 -0.000414708 0.00290692 0.00648131 -0.00557374 0.00160429
internal_weight=1097.54 1004.7 186.855 129.032 817.85 761.647 216.691 162.408 544.956 380.689 202.908 128.004 164.267 110.541
internal_count=4474 4096 760 525 3336 3106 879 658 2227 1553 827 522 674 448
is_linear=0
shrinkage=0.03


Tree=123
num_leaves=15
num_cat=0
split_feature=17 20 6 18 6 6 4 20 18 16 15 17 17 7
split_gain=3.80994 4.14381 5.72697 6.26315 5.12924 4.76723 4.04935 8.1156 5.59091 5.38655 4.04769 5.59796 3.20935 2.4717
threshold=-1.482378790043011 0.50701762004727613 -0.26494168862278128 -1.1800116896823714 0.26156958065255365 -0.19056521894938741 0.91952890072532301 0.15829931025826885 0.49640584807322102 -0.6874273852567242 -0.14442913988145381 0.44755523330613461 -0.34737561337216244 1.0000000180025095e-35
decision_type=2 2 2 2 2 2 2 2 2 2 2 2 2 2
left_child=-1 2 3 -2 10 -4 8 9 -7 -8 -3 -12 -11 -5
right_child=1 4 5 13 -6 6 7 -9 -10 12 11 -13 -14 -15
leaf_value=0.0065545154341697031 -0.0052360600379752365 -0.0053061560216108705 -0.011123088731350435 0.0020188631825548069 0.0085458323899626244 -0.010338892116130394 -0.0037582609734838107 -0.0091624280628277311 0.0013290171443936158 -0.0014392367954175799 0.0075668411722335021 -0.0042197131391919418 0.0074177715608620409 0.010871936784480906
leaf_weight=64.306823939085007 54.337070822715759 81.346825808286667 59.166114896535873 57.145279452204704 78.801955595612526 100.92535778880119 94.368354320526123 71.402034863829613 55.175840988755226 49.224072203040123 85.129196345806122 56.497003167867661 125.93504738807678 57.468841448426247
leaf_count=263 222 331 242 233 319 411 384 291 224 201 348 232 512 235
internal_value=-0.000255873 -0.000712038 -0.0019383 0.00283946 0.00221818 -0.00340197 -0.00238123 -0.000521133 -0.00630148 0.00189326 -0.000156493 0.00288143 0.00495787 0.0067268
internal_weight=1091.23 1026.92 725.148 168.951 301.775 556.197 497.031 340.93 156.101 269.527 222.973 141.626 175.159 114.614
internal_count=4448 4185 2955 690 1230 2265 2023 1388 635 1097 911 580 713 468
is_linear=0
shrinkage=0.03


Tree=124
num_leaves=15
num_cat=0
split_feature=9 17 18 9 4 16 4 18 17 5 9 3 15 13
split_gain=6.90188 4.41601 2.87515 2.87061 7.63349 5.40598 5.27505 6.74573 7.01095 5.08994 4.1049 4.06082 3.93765 3.32898
threshold=0.49165775992372723 1.3489308854143771 0.94168717251320844 -0.050270770549575079 0.89472414486227747 0.10240014494808027 0.91568754265550345 -0.096809902532905681 -0.75070914581565928 -0.31098948480885652 0.062667183072339594 1.0000000180025095e-35 -0.49816006751329939 0.09317829457365652
decision_type=2 2 2 2 2 2 2 2 2 2 2 2 2 2
left_child=1 2 3 6 -5 9 7 8 -1 -6 -7 -11 -8 -14
right_child=-2 -3 -4 4 5 10 12 -9 -10 11 -12 -13 13 -15
leaf_value=0.00080168784229234875 0.0089704598283856032 -0.008544491120285878 0.0052254794436612422 -0.0099265060944969535 -0.0035774337873991586 0.00072464620669542013 -0.0063563363092672071 -0.003853524854528249 0.015073634655117817 0.012434994686569898 -0.0098127040349419107 0.0014578999153648422 0.007432288003739255 -0.00093746854311952256
leaf_weight=55.154220849275589 71.428116694092751 51.265238255262375 84.497531726956367 86.429534047842026 61.568037465214729 63.683011323213577 88.652913168072701 49.005460008978844 67.440812140703201 54.425033703446388 63.238679707050323 65.055345565080643 49.386324375867844 196.3561577796936
leaf_count=226 290 208 344 351 250 260 360 201 276 222 257 264 202 806
internal_value=0.000269871 -0.000370107 9.6392e-05 -0.000411146 -0.00231465 -5.39801e-05 0.00108067 0.00527779 0.00893586 0.00324077 -0.00469851 0.00675676 -0.00111917 0.000859247
internal_weight=1107.59 1036.16 984.893 900.396 394.4 307.97 505.996 171.6 122.595 181.048 126.922 119.48 334.395 245.742
internal_count=4517 4227 4019 3675 1604 1253 2071 703 502 736 517 486 1368 1008
is_linear=0
shrinkage=0.03


Tree=125
num_leaves=15
num_cat=0
split_feature=9 11 11 15 3 16 4 4 20 4 8 13 4 13
split_gain=8.39152 3.7292 5.77204 4.86098 4.96884 7.48783 7.22432 5.38894 4.86513 4.03586 3.98881 3.50212 3.49701 3.37448
threshold=-0.33938220870477004 -0.62250917483636148 -0.92806741851132213 -0.79643071706625712 0.17391304347826089 0.48752631473928504 1.0114990437805755 1.0934573485973529 0.49602038198374049 0.98547752896516772 -0.002733067251849945 0.33333333333334164 0.96926547053491541 0.29411764705880439
decision_type=2 2 2 2 2 2 2 2 2 2 2 2 2 2
left_child=-1 2 12 9 5 6 10 13 -7 -3 -5 -8 -2 -6
right_child=1 3 -4 4 7 8 11 -9 -10 -11 -12 -13 -14 -15
leaf_value=0.011128205976581453 0.0041167712936567898 0.00044894256174227848 -0.0087337365715972042 -0.0020373550509644629 -0.002546297003816787 -0.00786086836354454 0.017176035387148143 -0.0096803609686830286 0.0029481329923976935 -0.0092366825464266483 0.0083376995356592397 0.0057767599563437943 -0.0040537151067470975 0.0053655029702800857
leaf_weight=54.377341374754906 88.024723574519157 80.682160466909409 106.11850592494011 80.250606447458267 109.46123883128166 58.152922227978706 61.007918760180473 51.919933751225471 87.729345396161079 68.671344056725502 50.327769532799721 50.083547204732895 90.594064444303513 79.376641362905502
leaf_count=223 360 327 432 329 445 237 248 212 358 279 206 204 370 325
internal_value=0.000151998 -0.000459298 -0.00336522 0.00061939 0.0017792 0.00386323 0.00705226 -0.00158585 -0.00147836 -0.00415936 0.00212143 0.012507 -2.47774e-05 0.000831988
internal_weight=1116.78 1062.4 284.737 777.663 628.31 387.552 241.67 240.758 145.882 149.354 130.578 111.091 178.619 188.838
internal_count=4555 4332 1162 3170 2564 1582 987 982 595 606 535 452 730 770
is_linear=0
shrinkage=0.03


Tree=126
num_leaves=15
num_cat=0
split_feature=17 15 7 17 15 14 9 13 17 6 6 9 11 17
split_gain=3.41128 9.67765 4.90534 4.06792 2.83658 2.83655 4.36669 5.55166 5.13474 5.49634 5.378 4.80022 3.51438 3.37311
threshold=-0.77574852029258379 0.21088055226490154 1.0000000180025095e-35 -0.5763158553787916 1.3880419740551271 0.083333333333338491 0.11399890434109566 0.48275862068964798 -0.26248824071282928 -0.061273765556803549 -0.25614571000360548 0.2112887573048908 0.29792765812144278 0.18721584202170075
decision_type=2 2 2 2 2 2 2 2 2 2 2 2 2 2
left_child=1 2 -1 -2 5 12 7 8 -7 10 -10 -8 13 -5
right_child=3 -3 -4 4 -6 6 11 -9 9 -11 -12 -13 -14 -15
leaf_value=-0.013514498792728882 0.007851405603383205 0.0052350525090561623 -0.0020818212216236684 -0.0044946211143144241 -0.0058321540938334315 -0.0037203205954251376 -0.010328631884007129 -0.0058952776492733529 0.0089009163231077524 0.010477359831751123 -0.0024527570137932186 -0.00024668891921858819 0.0095468301232285186 0.0053907706307282331
leaf_weight=62.892106980085373 71.704815834760666 78.240182876586914 71.543348506093025 51.062501311302185 52.20219312608242 67.646205350756645 59.652992308139801 64.614050447940826 53.413573414087296 104.87459330260754 100.90836398303509 124.79774302244186 66.351476728916168 64.939518287777901
leaf_count=255 293 324 291 212 214 275 242 263 218 427 411 505 271 265
internal_value=0.00042247 -0.00294526 -0.00772312 0.00124639 0.000617466 0.00109678 5.32005e-05 0.00184308 0.00343866 0.00534209 0.00163296 -0.00369382 0.00430325 0.00103344
internal_weight=1094.84 212.676 134.435 882.168 810.463 758.261 575.908 391.457 326.843 259.197 154.322 184.451 182.353 116.002
internal_count=4466 870 546 3596 3303 3089 2341 1594 1331 1056 629 747 748 477
is_linear=0
shrinkage=0.03


Tree=127
num_leaves=15
num_cat=0
split_feature=20 18 14 15 1 1 1 3 19 19 14 0 19 6
split_gain=4.84674 3.74886 5.65911 3.47756 6.35031 4.40566 6.96925 4.18741 3.91041 4.45315 2.39721 3.82349 2.32026 2.19701
threshold=-0.77891677309174623 0.96658209117918636 0.25000000000000394 0.6485125812172523 0.25000000000000006 0.25000000000000006 -0.41666666666666663 -0.13043478260869562 -0.12560779453385604 0.31314778619895706 0.3333333333332939 0.51754926108377131 0.57172137732580164 0.053586400130096475
decision_type=2 2 2 2 2 2 2 2 2 2 2 2 2 2
left_child=10 3 -3 5 12 6 -2 -7 -8 -10 11 -1 -5 -9
right_child=1 2 -4 4 -6 7 8 13 9 -11 -12 -13 -14 -15
leaf_value=-0.0039828552945830216 0.0048018843744419889 0.0085309769607639085 -0.0030396356971338031 -0.005574279222900898 -0.013456313080184919 -0.0023071083796937504 -0.0010472220155051276 0.0099727983373616696 -0.013443135602341498 -0.0031505851239032297 0.0087320298664160523 0.0058791838740145297 0.0026760922704463291 0.0015971366564155487
leaf_weight=55.972736835479736 89.134420305490494 81.161727786064148 64.533357828855515 53.090928822755814 53.872650191187859 76.280388951301575 152.39616774022579 65.717169046401978 66.028470873832703 89.839092820882797 65.703549072146416 80.244358479976654 60.509986713528633 50.576075255870819
leaf_count=229 363 331 261 218 222 312 619 270 268 367 266 328 249 205
internal_value=8.89317e-05 -0.000855581 0.00347515 -0.00170593 -0.00545425 -0.000605007 -0.00240173 0.00306968 -0.00452805 -0.00779302 0.00423209 0.00182925 -0.00125213 0.00654621
internal_weight=1105.06 903.14 145.695 757.445 167.474 589.972 397.398 192.574 308.264 155.868 201.921 136.217 113.601 116.293
internal_count=4508 3685 592 3093 689 2404 1617 787 1254 635 823 557 467 475
is_linear=0
shrinkage=0.03


Tree=128
num_leaves=15
num_cat=0
split_feature=16 3 16 11 4 11 19 11 1 3 17 17 4 4
split_gain=5.07808 4.20483 3.38993 4.50903 5.23293 6.3623 5.29029 4.17074 3.91308 3.56474 3.46479 6.70026 3.09697 2.79142
threshold=0.75364145373672553 1.0000000180025095e-35 -1.5377754833901687 0.96016890666276444 0.98139758526782583 -0.78958841922348366 0.5935447254763907 -1.0691628630577001 -0.41666666666666663 -0.30434782608695649 0.078873693847630641 -0.69566878086705353 1.1101180833397539 1.0430688891686744
decision_type=2 2 2 2 2 2 2 2 2 2 2 2 2 2
left_child=2 -2 -1 4 7 -6 9 -4 -9 -7 11 -10 13 -11
right_child=1 -3 3 -5 5 6 -8 8 10 12 -12 -13 -14 -15
leaf_value=0.0070265672127720934 -0.0090339720358949237 -0.00070980899794916355 0.0092464163482344989 -0.0068374703126971095 -0.0091861039934308959 -0.0086287133894112234 0.0081808791425034295 0.0082133783146150722 -0.0044382578584240065 -0.0013966133634667605 -0.004447883891818623 0.0077905849181027021 -0.004675402776793367 0.0079211855877256449
leaf_weight=52.648379728198051 110.95471605658531 104.98747365176678 66.790190786123276 85.027302622795105 85.59612064063549 51.081669628620148 51.692368224263191 53.491630107164383 67.540424525737762 56.929138660430908 105.38938330113888 86.803053066134453 70.30325485765934 51.306735023856163
leaf_count=214 453 429 274 347 349 208 211 218 277 231 428 355 286 209
internal_value=-0.00102621 -0.00509455 -1.00251e-05 -0.000494639 0.000268073 -0.00227177 -4.42426e-05 0.00271798 0.00120249 -0.00203077 -0.000369251 0.00246792 4.06016e-05 0.00317501
internal_weight=1100.54 215.942 884.6 831.951 746.924 366.909 281.313 380.015 313.224 229.621 259.733 154.343 178.539 108.236
internal_count=4489 882 3607 3393 3046 1494 1145 1552 1278 934 1060 632 726 440
is_linear=0
shrinkage=0.03


Tree=129
num_leaves=15
num_cat=0
split_feature=16 8 8 16 3 14 8 19 13 20 16 11 13 9
split_gain=2.97431 5.17523 3.61094 3.2956 3.79922 5.31517 3.81594 4.94027 3.54663 3.30238 6.42016 6.0571 3.00533 2.99016
threshold=-1.5377754833901687 -0.23496805974298834 -0.28900796098805598 0.96265186860623742 1.0000000180025095e-35 0.50000000000000722 -0.044661176812283251 0.29448487499638509 0.14285714285714612 0.13331471369103817 0.4360288622785799 0.21163471682404042 0.2571428571428645 -0.099606852910657351
decision_type=2 2 2 2 2 2 2 2 2 2 2 2 2 2
left_child=-1 2 -2 4 6 9 -3 -8 -9 11 12 -6 -11 -5
right_child=1 3 -4 13 5 -7 7 8 -10 10 -12 -13 -14 -15
leaf_value=0.0066249761621079116 -0.001276830033662614 0.007285277501985106 -0.011934226101577449 -0.0092010332760726551 -0.004311511928178806 0.0069116178162879904 -0.0030913003431501883 -0.0006465006376412504 0.0096423399900752559 -0.014388079845821002 0.0029629309280248049 0.0063741772678986191 -0.0038439033085047739 -0.00057506219650127791
leaf_weight=52.490500390529633 62.51294107735157 133.71205288171768 49.964773491024971 50.249108985066414 104.04550583660603 61.556825086474419 124.44243189692497 51.19364233314991 66.351503223180771 53.059623464941978 51.505115240812302 79.942242920398712 50.384020492434502 106.8468009531498
leaf_count=214 255 547 203 206 424 250 506 209 274 216 210 326 207 436
internal_value=-1.94133e-05 -0.000382855 -0.00631749 0.000362227 0.00116814 -0.000862 0.00331515 0.00101835 0.00531776 -0.00235378 -0.00550699 0.000377199 -0.00966638 -0.00353289
internal_weight=1098.26 1045.77 112.478 933.289 776.193 400.493 375.7 241.988 117.545 338.937 154.949 183.988 103.444 157.096
internal_count=4483 4269 458 3811 3169 1633 1536 989 483 1383 633 750 423 642
is_linear=0
shrinkage=0.03


Tree=130
num_leaves=15
num_cat=0
split_feature=18 7 16 14 14 18 9 14 3 13 14 10 10 17
split_gain=3.95725 3.77084 8.98182 9.53063 6.76872 6.36025 6.35477 5.49308 5.43069 5.00374 4.17096 3.05142 2.67773 6.09681
threshold=-1.6177403225060987 1.0000000180025095e-35 -0.84823325163135121 0.071428571428565207 0.39285714285714363 -0.061844230643411623 0.2112887573048908 0.22222222222220625 -0.17391304347826084 0.17857142857144701 0.032258064516126152 -1.0000000180025095e-35 1.0000000180025095e-35 0.14522375922059608
decision_type=2 2 2 2 2 2 2 2 2 2 2 2 2 2
left_child=-1 2 -2 -4 6 -6 7 9 11 -3 -11 -5 -10 -14
right_child=1 4 3 8 5 -7 -8 -9 12 10 -12 -13 13 -15
leaf_value=0.0063205922390246264 -0.0077284012942857288 -0.0094603060111962366 0.010660027093433324 0.00047791799531782833 0.0096500179179693276 -0.0027445630583131262 0.0032205589702874551 -0.012331663682627492 0.0061679838143235228 -0.0066482078319612982 0.0039974206032421036 -0.0092554000762667798 0.0064355465208681328 -0.006681784834963499
leaf_weight=68.41286239027977 85.15755307674408 78.246979594230652 97.918941229581833 50.506248861551285 62.181374028325081 79.937324225902557 69.733280226588249 97.829654201865196 108.9820317029953 48.405764207243919 82.218661546707153 61.589256912469864 57.457067936658859 60.168800234794617
leaf_count=280 346 319 403 205 253 325 283 398 443 201 337 251 234 245
internal_value=-0.000414835 -0.000885875 0.000911392 0.00266489 -0.00268576 0.00282211 -0.00477493 -0.00661533 0.000232055 -0.00371225 -4.72109e-05 -0.00503677 0.00289084 -0.000273177
internal_weight=1108.75 1040.33 521.78 436.622 518.553 142.119 376.434 306.701 338.703 208.871 130.624 112.096 226.608 117.626
internal_count=4523 4243 2127 1781 2116 578 1538 1255 1378 857 538 456 922 479
is_linear=0
shrinkage=0.03


Tree=131
num_leaves=15
num_cat=0
split_feature=13 9 11 18 6 15 6 9 13 13 13 15 13 15
split_gain=2.99853 5.29431 5.49786 4.92846 5.02937 4.89778 5.40684 5.90285 4.58065 5.74323 3.6049 5.33324 3.07053 3.31157
threshold=0.23076923076919795 0.33730746078332635 -0.90090343623152369 -0.71707239345528262 -0.21950341237018833 -0.49816006751329939 0.20324458386571723 0.082934975189675422 0.47727272727271758 0.62933094384704902 0.37931034482758097 0.13535825250816511 0.095238095238109097 -0.2941585500898759
decision_type=2 2 2 2 2 2 2 2 2 2 2 2 2 2
left_child=1 2 -1 -4 -5 -2 7 8 10 -10 11 -7 -6 -14
right_child=5 -3 3 4 12 6 -8 -9 9 -11 -12 -13 13 -15
leaf_value=-0.0091675359493702917 -0.0042263183460160732 0.0059215913397356002 0.0047815348371316397 -0.010011452042015024 0.0023566615545665146 -0.0043253784185585979 -0.0036066669834513274 0.01376242693363626 -0.0073346613917888133 0.0050864718586446965 0.012036613468454208 0.0080156236410138786 0.0011016026174495671 -0.0085329393709631472
leaf_weight=90.03243362903595 102.21952167153358 69.360688239336014 92.642656311392784 65.351517379283905 125.38370399177074 50.649237737059593 86.94323667883873 48.992910832166672 65.475418135523796 59.106422901153564 54.570230945944786 69.031135216355324 56.929346606135368 65.733314380049706
leaf_count=366 415 280 377 267 512 206 354 200 267 246 224 286 231 268
internal_value=-5.34406e-05 -0.00157142 -0.00266772 -0.00113252 -0.00292839 0.0015447 0.00293416 0.00459707 0.00289267 -0.00147272 0.00596777 0.00282885 -0.000901302 -0.00419341
internal_weight=1102.42 565.434 496.073 406.041 313.398 536.988 434.769 347.825 298.832 124.582 174.251 119.68 248.046 122.663
internal_count=4499 2301 2021 1655 1278 2198 1783 1429 1229 513 716 492 1011 499
is_linear=0
shrinkage=0.03


Tree=132
num_leaves=15
num_cat=0
split_feature=17 14 16 5 4 16 19 19 20 19 20 19 9 3
split_gain=4.95015 3.91493 4.61214 7.26431 6.54331 4.20517 3.81806 3.82213 4.23023 8.1502 5.94834 4.19254 3.65631 4.05808
threshold=1.4647633478518802 0.53846153846156153 -0.27166044840926923 -0.12861118379977382 1.1599093555512525 -0.18716808951264038 -0.61265083698561396 -0.25511412490611718 0.38856149483537111 0.2857064783287438 0.95671476777924436 0.79221261073843541 0.17640041889815319 0.3043478260869566
decision_type=2 2 2 2 2 2 2 2 2 2 2 2 2 2
left_child=1 2 12 -4 6 -3 -5 -8 9 -9 -10 -11 13 -1
right_child=-2 5 3 4 -6 -7 7 8 10 11 -12 -13 -14 -15
leaf_value=-0.0053260194528196433 -0.0072431339314117903 0.01206203824269114 0.01212844232626876 -0.0051865237580740195 -0.0084913430021820013 0.0015360938224699863 0.010506738099739657 -0.0094266789159981393 0.010376045043652447 0.009024856100278646 -0.00084797052497047353 -0.0017318652250013979 0.0045952679218754563 0.0032089305709927934
leaf_weight=225.3010361045599 59.165948927402496 54.474187523126602 55.22931869328022 50.162946552038193 52.205588594079018 84.305202960968018 51.664959967136383 62.924797192215919 91.62067922949791 57.268663749098778 74.604061841964722 65.668553650379181 56.255035445094109 60.444074228405952
leaf_count=920 240 221 226 204 213 343 211 256 376 236 305 270 228 246
internal_value=0.0008524 0.00134441 0.000609024 0.00227475 0.00109136 0.00594356 0.002274 0.00325301 0.00205639 -0.00105169 0.00546089 0.00343588 -0.00211844 -0.00349647
internal_weight=1101.3 1042.13 903.35 561.35 506.12 138.779 453.915 403.752 352.087 185.862 166.225 122.937 342 285.745
internal_count=4495 4255 3691 2297 2071 564 1858 1654 1443 762 681 506 1394 1166
is_linear=0
shrinkage=0.03


Tree=133
num_leaves=15
num_cat=0
split_feature=15 9 4 18 20 20 0 11 5 17 4 4 11 17
split_gain=3.70642 4.78808 5.92786 4.08208 3.37892 4.85917 3.1885 3.17173 9.24877 3.88864 3.08282 3.58228 5.04866 5.54548
threshold=-0.088556827202496968 0.37189199189377281 1.0521189635714259 0.44338635635579599 0.072115721579472394 0.38038110008539894 0.36140661938532576 0.22179219547855619 0.18441629889827441 0.65534780000896131 1.0773442204193338 0.99026833908567558 -0.63992621134285621 -0.16765787992942582
decision_type=2 2 2 2 2 2 2 2 2 2 2 2 2 2
left_child=1 2 3 -1 10 -6 -4 8 -7 -9 11 12 -2 -14
right_child=4 -3 6 -5 5 7 -8 9 -10 -11 -12 -13 13 -15
leaf_value=-0.003351913511478464 0.010573144653574189 0.0055221333585901318 -0.0030201935848055295 0.0044309404392906312 -0.0080177762608107037 -0.0057249830226248468 -0.012353549301331194 -0.0086247219178940179 0.010425918918666885 0.0022980835545266089 0.0080313191140238532 -0.0046288661440924382 0.0056848238094856186 -0.0074255000300498591
leaf_weight=242.84356382489204 53.270501345396042 51.110041886568069 58.682074725627899 75.60986639559269 73.650675445795059 50.158334121108055 84.464801400899887 51.852914243936539 72.263369083404541 57.213958650827408 72.891475006937981 65.185856565833092 57.876352027058601 48.968242317438126
leaf_count=986 219 207 239 307 301 206 344 212 296 234 298 267 240 200
internal_value=-0.000959806 -0.00282255 -0.00379578 -0.00146411 0.000633343 -0.00157416 -0.00875847 0.000602115 0.00384362 -0.0030453 0.00288098 0.00107651 0.00346911 -0.000387146
internal_weight=1116.04 512.71 461.6 318.453 603.332 305.139 143.147 231.489 122.422 109.067 298.192 225.301 160.115 106.845
internal_count=4556 2083 1876 1293 2473 1249 583 948 502 446 1224 926 659 440
is_linear=0
shrinkage=0.03


Tree=134
num_leaves=15
num_cat=0
split_feature=8 15 17 3 9 19 9 3 17 14 8 8 7 14
split_gain=5.32576 5.33834 3.60304 5.47464 6.31301 6.65379 5.47527 4.29667 8.14288 3.39793 3.08219 3.53117 2.79712 3.26702
threshold=0.16485981230234018 -0.20624029210005804 -1.482378790043011 0.39130434782608697 0.2112887573048908 -0.33070533673198449 0.11399890434109566 0.17391304347826089 -0.35837791494765781 0.20000000000000892 -0.15964028131243216 -0.25646690804542543 1.0000000180025095e-35 0.24341649341649421
decision_type=2 2 2 2 2 2 2 2 2 2 2 2 2 2
left_child=2 -2 -1 4 6 -6 7 10 -9 -5 11 -4 13 -3
right_child=1 12 3 9 5 -7 -8 8 -10 -11 -12 -13 -14 -15
leaf_value=0.0072620605651743855 -0.01158178850087653 0.0067105487110329107 0.0013471900176268185 -0.00054180918177725479 -0.00086240693405859926 0.013521176065997679 -0.007979101503786161 -0.012844249768155793 0.0023929445444758205 -0.011044488779025504 0.00057845769340579491 0.0119458398732243 -0.0053495713061867808 -0.0036490627481383883
leaf_weight=60.968271464109421 63.33116702735424 50.965551808476448 61.090149700641632 52.508545473217964 50.080772995948792 61.794862598180771 68.502766534686089 49.152548834681511 72.631785333156586 55.049175426363945 270.39333915710449 50.131465569138527 94.332942485809326 49.162554427981377
leaf_count=250 258 208 249 215 203 252 278 201 296 223 1109 205 386 201
internal_value=-0.000622248 -0.00435656 0.000526071 -3.52406e-05 0.000967377 0.00732097 -0.000328193 0.000781179 -0.00402085 -0.00616902 0.00234583 0.00643278 -0.00177213 0.00169238
internal_weight=1110.1 257.792 852.304 791.335 683.778 111.876 571.902 503.399 121.784 107.558 381.615 111.222 194.461 100.128
internal_count=4534 1053 3481 3231 2793 455 2338 2060 497 438 1563 454 795 409
is_linear=0
shrinkage=0.03


Tree=135
num_leaves=15
num_cat=0
split_feature=1 5 4 0 9 9 6 13 13 13 8 8 17 13
split_gain=6.06369 6.43457 4.8731 3.43177 2.87313 3.18902 4.62527 2.96905 5.07993 4.04206 4.87268 3.38308 2.73903 2.62181
threshold=0.25000000000000006 0.12930973736789356 0.99418195359672457 0.39999999999994823 0.49165775992372723 0.13205499780968391 0.15193652791265713 0.47727272727271758 0.18749999999999353 0.11764705882351663 0.099449093556117016 0.014957936922826109 -0.45518149705013539 0.29411764705880439
decision_type=2 2 2 2 2 2 2 2 2 2 2 2 2 2
left_child=4 2 -2 -4 5 6 7 8 9 10 -1 -10 -9 -7
right_child=1 -3 3 -5 -6 13 -8 12 11 -11 -12 -13 -14 -15
leaf_value=0.0022187370955946955 0.00075662005815826418 -0.002414566684737233 0.015718493177752299 0.004395322896767296 0.0038792115423836276 -0.010314996944667596 0.0065077140116669326 -0.0017414680910605137 -0.0014959192558442259 -0.010008538769362727 -0.0088331118896743891 0.0061750000915182695 -0.011486573950564382 -0.0014129194288943585
leaf_weight=100.78128845989704 86.089202433824539 131.2184022963047 49.893000096082687 52.596464574337006 59.014407247304916 77.052571624517441 49.936556592583656 50.219422608613968 112.70442166924477 74.962132766842842 49.58250780403614 88.337544947862625 53.812182784080505 49.55528561770916
leaf_count=411 353 538 205 214 240 312 203 206 459 305 205 361 220 201
internal_value=-0.000807498 0.0026355 0.00612108 0.0103823 -0.00225276 -0.0027883 -0.00181375 -0.00265067 -0.00150093 -0.00454893 -0.0015926 0.00194273 -0.00707789 -0.00701671
internal_weight=1085.76 319.797 188.579 102.489 765.958 706.944 580.336 530.4 426.368 225.326 150.364 201.042 104.032 126.608
internal_count=4433 1310 772 419 3123 2883 2370 2167 1741 921 616 820 426 513
is_linear=0
shrinkage=0.03


Tree=136
num_leaves=15
num_cat=0
split_feature=8 9 1 9 20 13 0 20 9 17 13 6 18 20
split_gain=3.74926 2.44221 3.0313 2.86585 3.75799 4.34748 7.73751 6.40876 5.31407 4.78381 4.06047 3.32786 2.81346 2.79266
threshold=-0.36892593455817313 -0.326259546591051 -0.41666666666666663 0.52346848079419239 0.97219136734645517 0.15384615384613198 0.49999999999997352 0.072115721579472394 -0.073835296674365544 0.30369282987848922 0.090909090909075632 -0.047611860207758004 -0.41103796773150475 0.014034979747199864
decision_type=2 2 2 2 2 2 2 2 2 2 2 2 2 2
left_child=-1 -2 -3 4 5 10 7 -7 -8 -9 12 -6 -4 -14
right_child=1 2 3 -5 11 6 8 9 -10 -11 -12 -13 13 -15
leaf_value=0.0075429271176070539 0.0051579268065194564 0.0030772999426379229 -0.0067455595444704339 0.0048301875682368886 -0.001469236817007764 -0.0053813486005207852 0.012971315469429326 0.0084505341945592359 0.001026333661000256 -0.0031446934766656714 -0.0092901494763772668 -0.012320212181407228 0.0060766231305983704 -0.002962930981631503
leaf_weight=52.123485028743744 63.023227006196976 154.97687715291977 52.975416541099548 56.55378395318985 50.38361094892025 183.27133958041668 59.089821055531502 67.212786346673965 72.24525511264801 53.864298060536385 85.77566584944725 49.751388221979141 53.103902369737625 60.82668448984623
leaf_count=212 259 631 216 230 207 747 245 275 295 219 350 203 216 250
internal_value=5.50366e-05 -0.000345701 -0.000716482 -0.00142624 -0.00190258 -0.00108713 0.000732003 -0.00190086 0.0066792 0.00337196 -0.00417709 -0.00719 -0.00135563 0.00132881
internal_weight=1115.18 1063.05 1000.03 845.054 788.5 688.365 435.684 304.348 131.335 121.077 252.682 100.135 166.906 113.931
internal_count=4555 4343 4084 3453 3223 2813 1781 1241 540 494 1032 410 682 466
is_linear=0
shrinkage=0.03


Tree=137
num_leaves=15
num_cat=0
split_feature=13 8 4 3 4 8 20 17 3 18 17 17 8 13
split_gain=5.1006 5.15327 5.84437 4.81381 3.87631 3.50243 8.12011 5.15009 4.86977 2.69142 4.79852 5.90168 2.45414 2.41222
threshold=0.61538461538466482 0.18234434689437654 0.98139758526782583 -0.13043478260869562 1.1052480873722941 -0.002733067251849945 -0.75412649883794691 -0.054483584238927192 0.086956521739130446 0.69919091070867523 0.010944774321321979 -0.65126983488765477 0.25510256920198743 0.16666666666664862
decision_type=2 2 2 2 2 2 2 2 2 2 2 2 2 2
left_child=1 2 5 4 -4 6 -1 -8 -7 10 11 -5 -3 -14
right_child=-2 12 3 9 -6 8 7 -9 -10 -11 -12 -13 13 -15
leaf_value=0.0075287084094229455 0.0052966524120755696 -0.0097465569671855903 -0.011571369563021367 0.0043539867931511175 -0.00099222298377347703 0.0093679504267647814 0.00059667570775724069 -0.0099252014406603414 -0.0011719087133697629 -0.0064716514674105722 0.006629385537489753 -0.0084348486836939938 -0.0071441935620141948 0.00081469838903704594
leaf_weight=74.885117158293724 98.266061455011368 81.88665047287941 81.652120485901833 54.866126611828804 50.262857630848885 97.127989217638969 93.206799313426018 70.231961369514465 62.644077524542809 51.713271766901016 75.631468921899796 67.038836941123009 61.245677337050438 69.121802538633347
leaf_count=306 407 334 332 224 205 398 381 285 255 210 308 273 253 282
internal_value=-0.00105862 -0.00171189 -0.000568936 -0.00320327 -0.00772389 0.0019618 -0.000356163 -0.00408513 0.00532528 -0.000705888 0.000926039 -0.00273417 -0.00579842 -0.00305011
internal_weight=1089.78 991.515 779.261 381.165 131.915 398.096 238.324 163.439 159.772 249.25 197.536 121.905 212.254 130.367
internal_count=4453 4046 3177 1552 537 1625 972 666 653 1015 805 497 869 535
is_linear=0
shrinkage=0.03


Tree=138
num_leaves=15
num_cat=0
split_feature=11 17 20 20 14 19 6 17 6 14 0 20 9 6
split_gain=5.59105 3.37595 4.47851 6.55622 4.26797 4.12151 3.33522 5.84013 3.72213 3.32972 3.70743 2.39303 2.375 4.37523
threshold=1.1551078393801328 -0.95854237659691022 0.38038110008539894 0.60552826589577058 0.13636363636363716 0.18208407729772411 -0.21458243808398839 0.44755523330613461 0.26156958065255365 0.41048534798534853 0.57575757575757536 -0.29575793118953858 -0.073117422852642153 0.13924225647139879
decision_type=2 2 2 2 2 2 2 2 2 2 2 2 2 2
left_child=1 5 4 -4 12 -1 -5 -8 -9 10 11 -6 -3 -14
right_child=-2 2 3 6 9 -7 7 8 -10 -11 -12 -13 13 -15
leaf_value=-0.0001749920815288934 0.0068939824278859323 0.0050585396198408548 0.0087135934372734505 -0.0071563724618437978 -0.0054589035607498027 0.0097599130498981033 0.0083464866873450509 -0.0075731923678064826 0.0030779728797521171 -0.00087192083043909757 -0.001415467130278342 -0.01375402712829686 -0.0068613847029677663 0.0044967753566514772
leaf_weight=95.663041412830353 101.89791294932365 71.859242737293243 83.627907335758209 52.686298191547394 75.958350345492363 56.715077295899391 59.813542857766151 61.508395463228226 49.273212134838104 135.95447663962841 76.759022429585457 66.085145682096481 61.784728661179543 51.5902990847826
leaf_count=390 417 299 342 216 308 235 244 252 200 552 312 269 253 210
internal_value=0.000372639 -0.000323364 -0.00106757 0.00180751 -0.00270325 0.00371537 -0.000913297 0.00116368 -0.00290745 -0.00460944 -0.00686041 -0.00965463 0.000972662 -0.00172132
internal_weight=1101.18 999.279 846.901 306.909 539.991 152.378 223.281 170.595 110.782 354.757 218.803 142.043 185.234 113.375
internal_count=4499 4082 3457 1254 2203 625 912 696 452 1441 889 577 762 463
is_linear=0
shrinkage=0.03


Tree=139
num_leaves=15
num_cat=0
split_feature=17 9 8 13 16 18 15 0 20 8 14 0 0 7
split_gain=4.23229 6.36066 3.36564 3.81733 3.15681 3.04889 4.43238 3.40798 3.17342 6.87638 3.90069 2.9679 5.74872 2.93476
threshold=0.44755523330613461 -0.040161592158096011 0.051289895839724417 0.11466871584698297 0.94063605855897547 0.72242324144730097 0.47499674780817674 0.76923076923079237 0.032484686474565899 -0.029243373482783636 0.29061583577712941 0.39999999999994823 0.6621547466617943 1.0000000180025095e-35
decision_type=2 2 2 2 2 2 2 2 2 2 2 2 2 2
left_child=4 -2 13 -4 5 6 8 -8 9 11 -10 -1 -13 -3
right_child=1 2 3 -5 -6 -7 7 -9 10 -11 -12 12 -14 -15
leaf_value=0.0031980411742896673 -0.0096835419097368643 -0.0092456765261674269 -0.0041342855720764276 0.0058103195634281396 -0.0042399267535264086 0.0082878811651167367 0.0082666646164412504 -0.0011402186697104175 -0.0014593039625821363 -0.011361558264585275 0.0078944744320044273 -0.0086744390526057071 0.0036341468436796175 0.00043511177487764188
leaf_weight=123.18722872436047 90.73993618786335 52.264938652515411 49.011610344052315 94.59210379421711 89.719880223274231 51.531691774725914 104.5073744058609 49.100617125630379 82.479795962572098 55.082535281777382 70.812418043613434 70.744568631052971 58.269744336605072 54.652199819684029
leaf_count=503 372 212 201 385 366 211 433 203 339 225 288 288 236 222
internal_value=-0.000357352 -0.00310528 -0.000579738 0.00239134 0.000896253 0.00161491 0.000992629 0.00531861 -0.000491764 -0.00224089 0.0029745 -6.67261e-05 -0.00318705 -0.00449884
internal_weight=1096.7 341.261 250.521 143.604 755.436 665.716 614.184 153.608 460.576 307.284 153.292 252.202 129.014 106.917
internal_count=4484 1392 1020 586 3092 2726 2515 636 1879 1252 627 1027 524 434
is_linear=0
shrinkage=0.03


Tree=140
num_leaves=15
num_cat=0
split_feature=20 17 20 13 3 20 20 7 18 0 9 18 8 16
split_gain=3.97239 4.46741 3.74102 3.79375 3.69133 3.56752 9.65913 9.95568 7.14775 3.60359 6.68733 2.83433 4.8012 2.6894
threshold=-1.0466435724256018 -0.77574852029258379 -0.67717505028292291 0.62115563839704313 -0.43478260869565216 0.039892753067651762 0.35551247422143784 0.33333333333333337 0.058884508473681187 0.38888888888886153 -0.042734371122097332 0.62259873705095969 0.20822809041465606 -0.45431381419421984
decision_type=2 2 2 2 2 2 2 2 2 2 2 2 2 2
left_child=1 -1 13 4 -4 9 8 11 -7 -6 -11 12 -8 -2
right_child=2 -3 3 -5 5 6 7 -9 -10 10 -12 -13 -14 -15
leaf_value=0.011794856517583484 -0.00038947746317975686 0.00051687025380733886 0.0060601326862276227 0.0067721726820758072 -0.0028678714313250448 -0.0025186638624156103 0.0051047917370448627 -0.0085173493264825428 -0.017203634578395962 0.010097854745155121 -0.0014116425433868829 0.0072360417375993639 -0.0052261704879325377 -0.0092391004046588499
leaf_weight=49.025046706199646 57.302473708987236 77.359799236059189 69.775155499577522 70.032330200076103 94.012821540236473 63.638508677482605 88.34549218416214 83.899703875184059 54.742126971483231 84.390760034322739 90.217129334807396 90.491049155592918 66.55487348139286 63.279987320303917
leaf_count=202 234 315 285 290 381 260 361 343 224 348 366 368 273 258
internal_value=0.000276085 0.00517401 -0.000380842 0.000326612 -0.000286811 -0.000942799 -0.00257211 0.000108704 -0.00973134 0.00176992 0.00427733 0.00316915 0.000641345 -0.00521658
internal_weight=1103.07 126.385 976.682 856.1 786.068 716.292 447.672 329.291 118.381 268.621 174.608 245.391 154.9 120.582
internal_count=4508 517 3991 3499 3209 2924 1829 1345 484 1095 714 1002 634 492
is_linear=0
shrinkage=0.03


Tree=141
num_leaves=15
num_cat=0
split_feature=17 18 18 3 4 14 14 8 3 18 14 14 19 19
split_gain=5.3294 4.32225 5.15713 4.27866 4.18639 4.14855 5.54289 5.41079 3.02497 5.36125 3.97476 3.09328 3.8155 5.57196
threshold=-1.482378790043011 -1.1424765512928792 -0.81431262362160861 -0.086956521739130418 0.99563874563018528 0.11111111111112483 0.020833333333354059 0.067231046022510926 0.43478260869565222 1.3260724741001961 0.038461538461576246 0.11111111111108828 0.78000865615279091 0.27809117146865286
decision_type=2 2 2 2 2 2 2 2 2 2 2 2 2 2
left_child=-1 4 -3 5 -2 6 -4 -7 9 10 -5 -12 13 -13
right_child=1 2 3 8 -6 7 -8 -9 -10 -11 11 12 -14 -15
leaf_value=0.0074295672368118598 -0.011501811208622856 0.0076175432540129965 -0.0056577378637823056 0.0068359277461902722 -1.2918178589003385e-05 -0.0096519372645569191 0.0077626839836561273 -0.00030892345348137719 -0.0047616491833003382 0.0099309639189414448 -0.0072681278100755059 -0.00067378228480827272 -0.0067656861185627776 0.010255891407954285
leaf_weight=63.785273849964142 62.316378638148308 60.51540869474411 49.246609404683113 63.44069017469883 49.57964500784874 136.35936477780342 51.771160036325455 92.716222271323204 76.179202437400818 54.383140549063683 55.034562081098557 171.73118558526039 51.049908965826035 50.332335397601128
leaf_count=262 256 248 204 261 203 553 213 379 311 221 225 698 210 205
internal_value=-0.000660081 -0.0011973 -0.000498866 -0.00111626 -0.00662953 -0.00376252 0.0012619 -0.00595781 0.000576476 0.001531 0.000253927 -0.00110207 0.000248776 0.0019748
internal_weight=1088.44 1024.66 912.76 852.244 111.896 330.093 101.018 229.076 522.151 445.972 391.589 328.148 273.113 222.064
internal_count=4449 4187 3728 3480 459 1349 417 932 2131 1820 1599 1338 1113 903
is_linear=0
shrinkage=0.03


Tree=142
num_leaves=15
num_cat=0
split_feature=3 17 4 15 17 4 17 14 14 18 14 14 16 9
split_gain=2.64344 3.18962 6.74945 5.77451 4.77372 4.2295 3.09638 4.29751 4.04756 3.2435 4.94843 4.47217 4.37147 3.11231
threshold=0.086956521739130446 -0.39742373507529999 0.93846745679015564 -0.56672407769469435 -0.054483584238927192 1.0830063617243992 -0.25355946537480634 0.054669987546714267 0.16666666666662042 0.16425652838915134 0.29999999999997229 0.175528169014073 1.0000000180025095e-35 -0.050025909994857252
decision_type=2 2 2 2 2 2 2 2 2 2 2 2 2 2
left_child=6 2 -2 -3 -5 -6 7 -1 -9 11 12 -8 -11 -10
right_child=1 3 -4 4 5 -7 9 8 13 10 -12 -13 -14 -15
leaf_value=-0.0038728134190265215 0.0022177754959686589 0.0064177778621576963 -0.010821856130723078 0.0052935884958181948 -0.0075137642593048996 0.0021314232678044612 -0.010017299516635958 0.012283792303837315 0.0058066282631479968 0.010772733539689926 -0.0042082767040012604 0.00031767250986727949 0.00042793712853379383 -0.0027747310450271108
leaf_weight=54.713210731744766 56.41722084581852 78.372177615761757 85.994652435183525 48.908034324645996 139.21704952418804 54.521706804633141 62.824530199170113 50.680473744869232 99.335875079035759 56.627910003066063 87.3135806620121 84.125678166747093 92.205399081110954 56.076893746852875
leaf_count=228 231 318 351 200 568 223 258 210 404 232 356 343 377 228
internal_value=-0.000386438 -0.00210242 -0.00575613 -0.000418123 -0.00271104 -0.00481409 0.000855272 0.00334483 0.0053073 -0.000860836 0.00131463 -0.00428499 0.00458613 0.00272028
internal_weight=1107.33 463.431 142.412 321.019 242.647 193.739 643.904 260.806 206.093 383.097 236.147 146.95 148.833 155.413
internal_count=4527 1891 582 1309 991 791 2636 1070 842 1566 965 601 609 632
is_linear=0
shrinkage=0.03


Tree=143
num_leaves=15
num_cat=0
split_feature=0 0 3 18 17 0 4 17 19 6 14 0 17 6
split_gain=3.44586 6.32988 6.05003 4.21935 5.38451 5.03213 3.58888 8.69029 5.61721 3.48697 5.11474 3.00466 2.77157 3.72413
threshold=0.75595575723196717 0.82352941176470795 -0.043478260869565209 1.6496075546158997 0.80790348624801356 0.66666666666662822 0.9449406126025236 0.078873693847630641 -0.054117048035231062 -0.19056521894938741 0.42462121212122145 0.42307692307693295 -0.5763158553787916 0.071502032169646804
decision_type=2 2 2 2 2 2 2 2 2 2 2 2 2 2
left_child=3 -2 -3 4 5 6 7 8 -1 10 -8 -6 -11 -14
right_child=1 2 -4 -5 11 -7 9 -9 -10 12 -12 -13 13 -15
leaf_value=0.0055694543997967562 -0.010634746778490887 0.0070857537724140834 -0.0056196241472012253 -0.00702345020920937 0.010770334131226078 0.0066681790210938981 -0.0067901570751585519 -0.01224719727543686 -0.0051716335640624219 0.0081292377085823327 0.0045635430701045426 0.0013108394971953076 0.0043538568464854569 -0.0039498647597763807
leaf_weight=79.637454658746719 72.812052428722382 57.543637081980705 68.226587623357773 58.952883750200272 66.044653922319412 83.669704347848892 96.25567826628685 70.967836663126945 85.861015304923058 62.229512482881546 50.892954379320145 55.312011539936066 115.26476421952248 76.791896715760231
leaf_count=326 297 236 277 240 269 343 396 290 352 255 207 226 473 312
internal_value=-0.000383393 -0.00390922 0.000242126 0.000410222 0.00096847 -3.17131e-05 -0.000955524 -0.00384695 8.70722e-06 0.000774051 -0.00284243 0.00668136 0.00288127 0.00101772
internal_weight=1100.46 198.582 125.77 901.88 842.927 721.571 637.901 236.466 165.498 401.435 147.149 121.357 254.286 192.057
internal_count=4499 810 513 3689 3449 2954 2611 968 678 1643 603 495 1040 785
is_linear=0
shrinkage=0.03


Tree=144
num_leaves=15
num_cat=0
split_feature=13 19 19 6 8 5 11 13 13 20 16 11 11 16
split_gain=2.94165 4.52996 9.79986 3.08794 4.94514 4.13084 3.02383 5.6971 3.95852 3.01428 2.74767 4.00804 10.9471 3.60899
threshold=0.1333333333333156 0.27809117146865286 0.095257677244164965 0.24174180712178997 0.21985609965400196 0.20955749196763698 -0.70553071927871291 0.090909090909075632 0.033898305084742578 0.13331471369103817 -0.28013670055633011 -0.15528803180249098 0.4499770807107531 0.26003079759410586
decision_type=2 2 2 2 2 2 2 2 2 2 2 2 2 2
left_child=6 2 10 4 5 -3 -1 8 9 -8 11 -2 -13 -12
right_child=1 3 -4 -5 -6 -7 7 -9 -10 -11 13 12 -14 -15
leaf_value=0.0030768370844729679 -0.0063038054528468494 0.004569869843322253 -0.011246450194096052 -0.0019882962434103883 -0.0013536352707213782 0.014926519684517742 0.00014624405202002299 -0.010567699224185031 0.003489392324350667 -0.0092810725148941911 0.0076909646730327526 0.011566000592462289 -0.005503317670025769 -0.00013669519472461004
leaf_weight=79.173093140125275 78.675381004810333 94.497313559055328 60.255527094006538 51.302807316184044 57.696080669760704 56.932474404573441 61.303895682096481 69.308265939354897 96.813779130578041 55.496523827314377 97.783097162842751 55.56041307747364 71.939115539193153 109.11658279597759
leaf_count=322 320 390 246 209 236 235 250 284 395 228 400 227 294 444
internal_value=0.000227169 0.0013169 -0.000437863 0.00445435 0.00604438 0.00881626 -0.00196894 -0.00340986 -0.00089888 -0.00453017 0.00125444 -0.00118599 0.00209073 0.00365693
internal_weight=1095.85 733.759 473.33 260.429 209.126 151.43 362.096 282.922 213.614 116.8 413.075 206.175 127.5 206.9
internal_count=4480 3001 1931 1070 861 625 1479 1157 873 478 1685 841 521 844
is_linear=0
shrinkage=0.03


Tree=145
num_leaves=15
num_cat=0
split_feature=4 15 4 15 14 19 4 6 18 13 1 20 18 18
split_gain=4.11295 10.1329 4.31671 5.08119 6.3466 7.40506 3.73629 4.27093 6.48376 5.58422 4.2933 4.79649 4.56734 3.08568
threshold=0.82444101803852099 0.10642409757110059 1.091539033307644 -0.49816006751329939 0.21680376028202772 0.2857064783287438 1.0679115302656874 0.057550434816297631 0.61029751079919048 0.21428571428579926 0.25000000000000006 -0.56228427607378351 -0.24364340892516076 0.011408901802355742
decision_type=2 2 2 2 2 2 2 2 2 2 2 2 2 2
left_child=1 -1 6 -4 -5 -6 7 10 -9 -10 11 -2 -12 -13
right_child=2 -3 3 4 5 -7 -8 8 9 -11 12 13 -14 -15
leaf_value=-0.002712411919834257 0.004751455416237985 0.014630528694502222 -0.0037257518016768285 0.012827082567914655 -0.005218706285983382 0.0094638916855993571 -0.0090111429398470038 -0.0091070334152693368 0.0069532948412091436 -0.0054207254900416569 0.010823849831095829 -0.0056080796735346744 -0.00022458920006073762 0.0015458313833866446
leaf_weight=61.642668291926384 88.062869265675545 52.29314486682415 68.994583427906036 64.03177997469902 65.586049631237984 50.119491010904312 50.568531364202499 114.48704928159714 59.809005215764046 61.571475744247437 62.321347668766975 159.18703034520149 66.979298070073128 78.348485082387924
leaf_count=251 360 216 282 265 266 205 206 466 242 251 257 651 276 321
internal_value=0.00025623 0.00552791 -0.000375158 0.00300738 0.00562287 0.00126984 -0.00152261 -0.000913581 -0.00414503 0.000710319 0.000788789 -0.00105792 0.00530534 -0.00326522
internal_weight=1104 113.936 990.067 248.732 179.737 115.706 741.335 690.767 235.868 121.38 454.899 325.598 129.301 237.536
internal_count=4515 467 4048 1018 736 471 3030 2824 959 493 1865 1332 533 972
is_linear=0
shrinkage=0.03


Tree=146
num_leaves=15
num_cat=0
split_feature=0 19 19 9 0 4 17 3 19 17 3 14 11 17
split_gain=4.04294 5.13961 5.29799 4.68355 4.47841 4.07045 3.53499 4.29772 3.11687 6.17357 4.71165 2.81138 3.20317 2.58952
threshold=0.46153846153846378 0.35050979791084153 0.89970868854908492 -0.20120915182431734 0.12500000000001737 0.90703543112638119 0.72932863777597501 -0.13043478260869562 -0.231975997383222 -0.38139787134643988 0.1304347826086957 0.054669987546714267 -0.37367835517703957 0.41204113637476109
decision_type=2 2 2 2 2 2 2 2 2 2 2 2 2 2
left_child=1 3 -3 -1 -5 -6 7 11 9 -9 -10 -2 -13 -7
right_child=6 2 -4 4 5 13 -8 8 10 -11 -12 12 -14 -15
leaf_value=-0.0070942958217648511 -0.0089298377019578819 0.010699143569285811 0.00013809163326084406 -0.0040792502548119697 -0.0032629140408363022 0.0087306016408308026 -0.0057685754239874543 -0.0018175486600234385 0.0054095374740652773 0.012020814739220792 -0.0048387567580329216 -0.0059079419822511362 0.0036586681142704511 0.0013739186016504803
leaf_weight=58.752123191952705 55.049675345420837 103.14792628586292 70.914811089634895 81.691693469882011 52.272758200764656 111.47339920699596 118.0246352404356 49.188508987426758 66.220349445939064 61.903356552124023 88.265710711479187 54.76775449514389 61.788649782538414 71.744488760828972
leaf_count=240 228 423 291 333 213 455 482 200 274 252 362 223 253 292
internal_value=0.000524381 0.00233714 0.00652047 0.000340043 0.00180584 0.00388975 -0.0012762 -1.18935e-05 0.00236428 0.00607917 -0.000413961 -0.00365209 -0.000894621 0.0059629
internal_weight=1105.21 549.997 174.063 375.934 317.182 235.491 555.209 437.184 265.578 111.092 154.486 171.606 116.556 183.218
internal_count=4521 2247 714 1533 1293 960 2274 1792 1088 452 636 704 476 747
is_linear=0
shrinkage=0.03


Tree=147
num_leaves=15
num_cat=0
split_feature=6 20 9 18 5 20 5 20 20 9 19 20 19 17
split_gain=5.79423 3.98064 3.93427 4.69022 5.51047 5.44637 4.5289 3.8039 5.15091 3.30381 3.29675 3.03919 3.04671 2.80941
threshold=0.062015785408222508 0.92068402559365292 -0.33938220870477004 -0.61987668550332997 -0.30320251185969593 0.98430482931442598 -0.071641841310537455 0.083070765226376561 -0.23665789877919316 0.22820780088692041 -0.96457911119829953 0.577032037042288 0.52668200898391482 0.28894807955457869
decision_type=2 2 2 2 2 2 2 2 2 2 2 2 2 2
left_child=2 7 -1 4 -4 10 -6 8 -2 -9 -5 12 13 -12
right_child=1 -3 3 5 6 -7 -8 9 -10 -11 11 -13 -14 -15
leaf_value=0.0095998106005331114 -0.004196093653441155 0.0038071341222418922 0.0052578611002240408 -0.0023481762617694321 -0.011563693200859895 -0.0049083267360117153 -0.0011043226248152562 -0.012490819443467277 0.006574680721011689 -0.0025432837540675943 0.0035661270215077722 0.011102962050558631 -0.0010963201147448846 0.011854763716757862
leaf_weight=53.277834445238113 134.92358437180519 70.106822520494461 60.333306863903999 51.442926242947578 55.734212085604668 59.96022255718708 99.515172481536865 62.480309769511223 51.043031558394432 59.936181798577309 137.80567555129528 68.256762892007828 73.979472562670708 49.335436254739761
leaf_count=219 548 285 246 210 229 247 409 256 207 244 564 280 305 201
internal_value=0.000524431 -0.00245316 0.00211859 0.00144335 -0.00214984 0.00320515 -0.00510286 -0.00391439 -0.00114506 -0.00791134 0.00452967 0.00562292 0.00400875 0.00600286
internal_weight=1088.13 378.49 709.641 656.363 215.583 440.78 155.249 308.383 185.967 122.416 380.82 329.377 261.121 187.141
internal_count=4450 1540 2910 2691 884 1807 638 1255 755 500 1560 1350 1070 765
is_linear=0
shrinkage=0.03


Tree=148
num_leaves=15
num_cat=0
split_feature=13 4 0 0 1 0 19 19 0 0 11 17 5 17
split_gain=3.02181 3.96689 3.07133 3.89156 8.25617 5.93181 3.88062 7.0441 5.18824 2.97789 2.73667 2.23503 2.15304 2.10677
threshold=0.12820512820511545 0.82444101803852099 0.1428571428571089 0.51162790697674942 0.25000000000000006 0.63801313628899814 0.078100723111775641 0.5084398571028933 0.37500000000000583 0.85584415584400853 -0.10554429128378838 0.3859461104431941 -0.068523731199213664 -0.076836246946831915
decision_type=2 2 2 2 2 2 2 2 2 2 2 2 2 2
left_child=9 -2 -3 4 6 -5 8 -8 -4 11 -6 13 -7 -1
right_child=1 2 3 5 10 12 7 -9 -10 -11 -12 -13 -14 -15
leaf_value=-0.0035649010584174875 0.0073940638418884775 0.0043557237996748547 0.0021247611797772887 0.0079646984087129186 -0.0004048736662055427 0.0020026388048423808 -0.017524246943005934 -0.0020576296389673947 -0.009512869478535281 0.0021595233447423891 0.0088545131934109154 -0.00034466018490283788 -0.0062252754061667562 -0.010869539716969617
leaf_weight=119.51609191298485 71.40659536421299 123.50165086984634 88.034039050340652 90.87597131729126 59.019649341702461 52.332750588655472 50.128048434853554 53.951985374093056 50.250119626522064 92.232711672782898 50.2126175314188 98.417906403541565 53.609321057796478 51.416159093379974
leaf_count=486 294 504 358 374 243 214 204 221 204 377 206 405 220 210
internal_value=-0.000177357 0.000916615 0.000178705 -0.000792804 -0.00267061 0.00254477 -0.00572149 -0.00996863 -0.00228854 -0.00240811 0.0040528 -0.00398305 -0.00225381 -0.00600859
internal_weight=1104.91 743.323 671.916 548.415 351.596 196.818 242.364 104.08 138.284 361.583 109.232 269.35 105.942 170.932
internal_count=4520 3042 2748 2244 1436 808 987 425 562 1478 449 1101 434 696
is_linear=0
shrinkage=0.03


Tree=149
num_leaves=15
num_cat=0
split_feature=16 19 3 11 16 15 20 17 17 16 3 14 6 17
split_gain=3.58321 7.58746 3.13149 5.9414 4.90658 4.37592 4.14541 3.61631 7.54541 2.12112 4.12413 2.85571 3.93123 2.19981
threshold=-1.5377754833901687 -1.1327708908107408 0.17391304347826089 0.1782901522592828 -0.61524380058355421 -0.10532745109413909 -0.061742020751436144 -0.46220450680939262 0.27258062647313958 -0.21413701231121343 -0.2608695652173913 0.1034482758620571 -0.14282330231209808 0.2150031121844713
decision_type=2 2 2 2 2 2 2 2 2 2 2 2 2 2
left_child=-1 -2 4 7 5 -3 -5 -4 -9 -6 11 -11 -13 -12
right_child=1 2 3 6 9 -7 -8 8 -10 10 13 12 -14 -15
leaf_value=0.0076766243068653412 -0.007998163355389715 0.0011574359487229037 -0.011458433723248439 0.007955401048607421 -0.0033595915579858267 0.012993950148896084 -0.0018734677854363899 0.0056675523146356441 -0.0086290533345974394 0.0038662754063172704 0.0066358334554421751 0.0019813528398743485 -0.0085808311478343044 0.0011253191492863698
leaf_weight=51.524868711829185 93.705925405025482 53.456971526145935 53.290662452578545 67.73065473139286 89.934793323278427 56.900205656886101 79.113037571310997 55.645837709307671 69.081203013658524 49.543685510754585 129.91753900051117 50.680789262056351 73.251648142933846 130.93525983393192
leaf_count=210 382 217 218 276 368 235 325 227 281 206 535 207 299 536
internal_value=0.000318157 -7.64112e-05 0.000734704 -0.00164444 0.00195592 0.00755903 0.00277271 -0.00526428 -0.00227815 0.0007162 0.00158879 -0.0019625 -0.00435221 0.00394301
internal_weight=1104.71 1053.19 959.482 324.861 634.621 110.357 146.844 178.018 124.727 524.264 434.329 173.476 123.932 260.853
internal_count=4522 4312 3930 1327 2603 452 601 726 508 2151 1783 712 506 1071
is_linear=0
shrinkage=0.03


Tree=150
num_leaves=15
num_cat=0
split_feature=17 15 11 15 14 1 16 5 5 16 6 6 20 11
split_gain=2.84312 4.29044 4.13769 4.12252 7.81751 3.99646 3.74147 5.0938 4.21613 6.7152 4.23057 3.04549 2.87049 2.1669
threshold=0.078873693847630641 -0.45546244713365452 0.020157827793846273 -0.032409092914497124 0.44444444444445186 0.25000000000000006 -0.54887941726665457 0.33492817278927933 0.21285104010106257 0.11146774232013339 0.078160919740733706 0.042188601295907353 0.18272543211742068 -0.20341117771558107
decision_type=2 2 2 2 2 2 2 2 2 2 2 2 2 2
left_child=1 2 -1 13 5 12 -2 8 9 10 -8 -9 -5 -3
right_child=6 3 -4 4 -6 -7 7 11 -10 -11 -12 -13 -14 -15
leaf_value=-0.0066119759144481916 -0.005889873795403627 0.0042891027944300854 0.0024931507617529341 0.0050156411358317724 -0.0063959841656632118 0.011300102727574814 -0.00060864952568112207 -0.0098801628684423697 0.0083557769299059635 -0.0053776910326837476 0.010176961819890102 -0.00012166537126023357 -0.0032696057292033107 0.012965771064723344
leaf_weight=76.202918618917465 97.286370098590851 60.28898760676384 96.284966036677361 105.04258592426777 69.953516453504562 57.213635370135307 63.20137844979763 50.914441764354706 77.178510755300522 97.015406638383865 61.722903296351433 59.577742874622345 53.005308732390404 53.170133709907532
leaf_count=309 396 246 391 436 284 240 258 212 315 395 251 244 218 217
internal_value=0.00087584 0.00231837 -0.00160232 0.00401351 0.00201884 0.00483652 -0.000756346 0.000519242 0.00255027 0.000391815 0.0049069 -0.00485142 0.00222192 0.00873088
internal_weight=1078.06 571.162 172.488 398.674 285.215 215.262 506.897 409.61 299.118 221.94 124.924 110.492 158.048 113.459
internal_count=4412 2341 700 1641 1178 894 2071 1675 1219 904 509 456 654 463
is_linear=0
shrinkage=0.03


Tree=151
num_leaves=15
num_cat=0
split_feature=4 1 11 19 8 9 4 3 14 13 8 17 17 14
split_gain=4.61912 3.90247 8.10014 3.60679 5.17437 3.90258 4.08971 3.85012 3.5767 3.42476 3.1873 5.94698 5.3617 2.21371
threshold=0.98139758526782583 -1.0000000180025095e-35 -0.46952205464788171 0.33845076792875212 0.26470826069679348 -0.097330178616500743 0.90164564667203606 -0.13043478260869562 0.19999999999999368 0.28571428571427443 0.12116879149905892 0.1281900954032936 -0.63769986548013058 0.14285714285714665
decision_type=2 2 2 2 2 2 2 2 2 2 2 2 2 2
left_child=3 2 -2 5 7 9 13 -5 -4 -1 11 12 -3 -7
right_child=1 10 8 4 -6 6 -8 -9 -10 -11 -12 -13 -14 -15
leaf_value=2.6300099647713487e-05 -0.014742700419820136 0.0010926817388399246 -0.0063603500728589566 0.0014653754516860038 -0.0023799947904831285 -0.00096079860805981963 0.0018507273363145569 0.01154376139055352 0.0022142607022364817 0.0096718425111029689 0.004453380952827081 0.0033851746108024719 -0.011706596902131959 -0.0091902648921412342
leaf_weight=82.167961224913597 53.657442450523376 48.7041345089674 75.476809829473495 55.960070893168449 60.582745641469955 49.026233270764351 105.166399538517 89.422231733798981 91.969189643859863 50.543044403195381 95.955311760306358 97.019776970148087 66.595277428627014 73.704222932457924
leaf_count=335 219 200 309 231 249 200 428 370 374 209 394 395 272 299
internal_value=-0.000140814 -0.00214534 -0.00513886 0.0017345 0.00485024 -8.70794e-05 -0.00245316 0.00784213 -0.00172312 0.0039176 4.94509e-05 -0.00199753 -0.0064793 -0.00606919
internal_weight=1095.95 529.378 221.103 566.573 205.965 360.608 227.897 145.382 167.446 132.711 308.275 212.319 115.299 122.73
internal_count=4484 2163 902 2321 850 1471 927 601 683 544 1261 867 472 499
is_linear=0
shrinkage=0.03


Tree=152
num_leaves=15
num_cat=0
split_feature=20 20 20 18 20 13 16 5 7 6 18 11 6 14
split_gain=2.99103 7.78218 4.3328 4.34165 4.2424 4.54283 3.67637 4.91665 5.25503 4.10661 3.35315 5.12008 4.792 3.71711
threshold=-0.67717505028292291 -0.96125458716180912 -0.34453602184085508 -0.020109004386879872 0.49602038198374049 0.50000000000000766 -0.33604991372953608 0.16217067950306643 1.0000000180025095e-35 -0.009205047781998597 -0.12778504359827372 -0.18559062886127314 0.26156958065255365 0.11796331435806379
decision_type=2 2 2 2 2 2 2 2 2 2 2 2 2 2
left_child=1 -1 3 -2 5 6 -4 9 -9 -8 11 -6 13 -12
right_child=2 -3 4 -5 10 -7 7 8 -10 -11 12 -13 -14 -15
leaf_value=0.0016699476202769689 0.00096005639942161518 -0.0093801222677399494 -0.008384990990300498 0.011339752274117647 4.0719986041122323e-05 0.0048410728474992072 0.0081236022826436053 0.00079201932607645266 -0.011594479614097038 -0.0029357608933644024 -0.0090436574190558266 0.013386107461183886 0.0061454729705377291 0.00071441525878149833
leaf_weight=138.91698941588402 81.602251961827278 91.256353378295898 93.773879885673523 61.791438579559326 49.636831536889076 66.241617560386658 59.347327396273613 58.740151852369308 58.507083222270012 53.233508363366127 48.977069050073624 49.114657163619995 80.95981752872467 98.765687376260757
leaf_count=569 335 372 382 252 204 273 244 241 240 217 201 201 329 406
internal_value=0.000183805 -0.00281734 0.000998033 0.00566427 3.24615e-05 -0.00207021 -0.00353709 -0.00142264 -0.00561034 0.00299175 0.00252924 0.00700336 0.00048885 -0.00271056
internal_weight=1090.86 230.173 860.691 143.394 717.298 389.844 323.602 229.828 117.247 112.581 327.454 98.7515 228.703 147.743
internal_count=4466 941 3525 587 2938 1597 1324 942 481 461 1341 405 936 607
is_linear=0
shrinkage=0.03


Tree=153
num_leaves=15
num_cat=0
split_feature=19 0 0 1 15 5 3 15 20 5 19 14 0 3
split_gain=7.42497 2.972 7.08658 4.70522 4.89091 5.02735 3.95573 3.88244 5.58339 5.36377 2.84796 3.75288 3.86667 3.56712
threshold=-1.1327708908107408 0.75595575723196717 0.82352941176470795 -0.24999999999999997 -0.82373127616802888 -0.30320251185969593 -0.043478260869565209 -0.098067536752178774 -0.054297076063342907 -0.011730204797240488 0.39814699562737782 0.34782608695656797 0.46666666666661488 0.17391304347826089
decision_type=2 2 2 2 2 2 2 2 2 2 2 2 2 2
left_child=-1 3 -3 7 -5 -6 -4 8 -2 -9 11 12 -7 -12
right_child=1 2 6 4 5 10 -8 9 -10 -11 13 -13 -14 -15
leaf_value=-0.0068014951759108391 -0.0061587033067571958 -0.010234811014391946 0.0079715883308635136 0.0084347972632871186 0.0068603724078556468 -0.010729111510425672 -0.0031662238301803781 0.015632257361134522 0.0068785066843266296 0.0035068271560091632 0.0039410702609062771 0.00039732337933259554 -0.0010433871965140973 -0.0047682737037366011
leaf_weight=114.1852662563324 49.37085334956646 60.659240871667862 50.132599323987961 55.37175489962101 65.684018909931183 85.923945546150208 55.699865758419037 52.868074133992195 59.929732695221901 85.052200734615326 124.70081935822964 114.75889609754086 64.65075695514679 58.004107445478439
leaf_count=465 200 248 207 226 269 353 227 217 244 349 516 466 266 239
internal_value=0.000273221 0.00112545 -0.00247653 0.0018707 0.000355793 -0.000587915 0.00223134 0.00528177 0.000977822 0.00853907 -0.00174352 -0.00370144 -0.00673764 0.00112272
internal_weight=1096.99 982.807 166.492 816.315 569.094 513.723 105.832 247.221 109.301 137.92 448.039 265.334 150.575 182.705
internal_count=4492 4027 682 3345 2335 2109 434 1010 444 566 1840 1085 619 755
is_linear=0
shrinkage=0.03


Tree=154
num_leaves=15
num_cat=0
split_feature=6 19 6 20 8 18 4 15 4 18 4 4 4 19
split_gain=3.24396 4.32279 3.80548 3.94193 3.66955 4.90072 3.99146 3.47377 3.82888 2.72256 3.46629 4.3099 2.83394 1.95015
threshold=-0.096209463443913276 -0.88100312053596574 0.4794302782817178 1.0841576425481991 -0.082943879094787204 -0.43167622971675562 1.006053584704347 0.27142011607999267 1.0010801841875914 0.94168717251320844 1.091539033307644 0.98139758526782583 0.92822712283080133 0.23496734368729119
decision_type=2 2 2 2 2 2 2 2 2 2 2 2 2 2
left_child=4 -2 3 9 5 6 -1 13 -9 10 11 12 -3 -6
right_child=1 2 -4 -5 7 -7 -8 8 -10 -11 -12 -13 -14 -15
leaf_value=0.0063746276417794255 -0.0066022132119031461 -0.0026649619456206191 0.0065103498568458472 -0.0085726513340724196 -0.004937795503193225 0.01216295080893752 -0.0041919597058011097 0.0075817336578695698 -0.002290430395828099 0.0055796929634269795 0.0044525712552331191 -0.0081245526621415189 0.005153432991881637 0.0014390066134363025
leaf_weight=69.43677020072937 101.05333417654037 115.80541376769543 65.945649430155754 48.954276144504547 110.52084216475487 59.919064745306969 52.129966795444489 82.932238966226578 56.020052686333656 62.315083354711533 75.08944433927536 82.370775699615479 58.740973934531212 65.962529838085175
leaf_count=286 412 473 269 200 451 245 213 345 232 254 307 337 240 271
internal_value=0.000369809 -0.0010921 5.49292e-05 -0.00096734 0.00215819 0.0054944 0.00185689 0.000182919 0.00366036 7.23627e-05 -0.00102877 -0.00268522 3.64419e-05 -0.00258042
internal_weight=1107.2 610.275 509.222 443.276 496.921 181.486 121.567 315.436 138.952 394.322 332.007 256.917 174.546 176.483
internal_count=4535 2492 2080 1811 2043 744 499 1299 577 1611 1357 1050 713 722
is_linear=0
shrinkage=0.03


Tree=155
num_leaves=15
num_cat=0
split_feature=20 9 6 13 20 14 13 9 20 15 17 19 16 11
split_gain=4.2341 7.67104 6.25782 3.90576 3.42476 6.51141 3.03907 2.96966 4.6677 3.23743 2.2187 3.82559 2.78265 2.56161
threshold=0.47160485837596855 -0.14592673940986187 -0.10140722633896342 0.11111111111110655 0.15829931025826885 0.22222222222220625 0.33846153846154353 0.10029941142137576 -0.24510857019849722 0.53788656543350821 -0.55294751921312357 -0.25511412490611718 -0.66267673695491858 0.064446047945481227
decision_type=2 2 2 2 2 2 2 2 2 2 2 2 2 2
left_child=4 -2 -3 -4 7 -6 -5 9 -9 10 13 12 -12 -1
right_child=1 2 3 6 5 -7 -8 8 -10 -11 11 -13 -14 -15
leaf_value=-0.0067912871620169702 -0.0061741010482384527 0.011882260471774297 -0.0042711400481668252 0.0087921390339349634 0.0010885075455910299 -0.011528010961412156 -0.00027527350902086932 -0.0074547115884363146 0.0027709113175940492 0.00533123044298584 -6.9918030970609612e-05 -0.0029044385641923171 0.0095205463664816432 0.00089118467783909643
leaf_weight=83.955270931124687 70.09887570142746 72.655933037400246 61.621490493416786 67.501287415623665 66.263865172863007 75.672910898923874 60.930459409952164 112.732112839818 57.728863224387169 95.78704459965229 49.801633417606354 97.671879813075066 54.87974388897419 67.793908178806305
leaf_count=344 288 299 252 275 272 310 249 458 234 399 203 399 224 277
internal_value=-0.000451183 0.00234986 0.00469715 0.00171616 -0.00168144 -0.00580132 0.00464127 -0.000699959 -0.00401139 0.000585028 -0.000755205 0.00129273 0.00516274 -0.0034402
internal_weight=1095.1 332.808 262.709 190.053 762.287 141.937 128.432 620.35 170.461 449.889 354.102 202.353 104.681 151.749
internal_count=4483 1363 1075 776 3120 582 524 2538 692 1846 1447 826 427 621
is_linear=0
shrinkage=0.03


Tree=156
num_leaves=15
num_cat=0
split_feature=20 0 17 14 8 20 14 8 20 6 5 0 20 15
split_gain=3.23805 4.34616 4.26475 5.39306 5.32086 5.51922 3.6617 3.82277 9.63391 6.62764 6.06268 3.95376 3.41284 2.05986
threshold=0.92068402559365292 0.42307692307693295 -1.482378790043011 0.10000000000007958 -0.11260672057871864 0.31727897011349304 0.58898944193064029 -0.10392334499732341 1.0000000180025095e-35 -0.0017678777389399656 0.071831189590565406 0.4000000000001111 0.38038110008539894 0.40256515190310366
decision_type=2 2 2 2 2 2 2 2 2 2 2 2 2 2
left_child=2 -2 -1 4 -4 13 7 9 10 11 -9 -5 -10 -6
right_child=1 -3 3 6 5 -7 -8 8 12 -11 -12 -13 -14 -15
leaf_value=0.006487045412565679 0.0089495181302788624 -0.00073956695927958446 0.0079763288332965424 0.0040477779170224777 -0.0090960210875203045 0.0057087706449577896 0.002855636643405767 0.011047607022176996 -0.0098779288734113617 -0.013129128205352395 -0.0014029641347894795 -0.0069759091373416751 -0.0021775681641741287 -0.00057975151130082122
leaf_weight=64.123713374137878 73.878501459956169 86.834338247776031 91.54667741060257 49.864400550723076 51.477081328630447 64.376518100500107 86.434553354978561 60.948247492313385 92.049455314874649 83.294679999351501 73.372232377529144 58.489860251545906 119.12227262556553 48.021007761359215
leaf_count=264 302 356 378 203 212 266 352 248 377 338 299 238 487 201
internal_value=-1.90847e-05 0.00385008 -0.000695237 -0.00125292 0.00238724 -0.000878765 -0.00275108 -0.00367131 -0.00174131 -0.00701785 0.00444024 -0.00194806 -0.00568498 -0.0052102
internal_weight=1103.83 160.713 943.121 878.997 255.421 163.875 623.576 537.141 345.492 191.649 134.32 108.354 211.172 99.4981
internal_count=4521 658 3863 3599 1057 679 2542 2190 1411 779 547 441 864 413
is_linear=0
shrinkage=0.03


Tree=157
num_leaves=15
num_cat=0
split_feature=11 15 11 16 19 3 4 5 18 4 16 6 13 6
split_gain=4.10293 3.13883 2.80904 4.41375 4.87358 4.71459 3.21417 4.54516 7.62864 3.85935 4.82816 4.00465 5.28003 3.36543
threshold=1.1551078393801328 0.10642409757110059 -1.4014033561837131 -0.7338676557446403 -0.67151524674348273 0.21739130434782608 0.82444101803852099 0.33994509030621251 -0.087294898977541641 0.91022081481227779 0.5327997234566958 -0.15735635778721332 0.11999999999998802 0.057550434816297631
decision_type=2 2 2 2 2 2 2 2 2 2 2 2 2 2
left_child=2 -2 -1 5 -5 -4 -6 9 -9 -8 11 -11 -13 -14
right_child=1 -3 3 4 6 -7 7 8 -10 10 -12 12 13 -15
leaf_value=0.0047513074533633492 0.00039322225110041453 0.01070760196490593 0.0061493176639205839 -0.0075121201083670607 0.0047015415921321238 -0.0041653196216456176 -0.0056069111025889755 0.0024114865555436584 -0.012159534712906437 -0.0056850495719717132 0.0074195775797694079 -0.0059473864766816228 0.01051458524684902 0.00055133798301919767
leaf_weight=76.357617765665054 53.42828269302845 48.580406755208969 127.56159996986389 119.13302265107632 73.492618069052696 52.944377735257149 90.523976743221283 50.320468753576279 78.834053665399551 91.675387442111969 79.925795719027519 49.009522914886475 53.815397828817368 64.627703651785851
leaf_count=314 218 201 521 486 303 216 370 206 325 377 327 200 221 263
internal_value=-1.06549e-05 0.00557612 -0.000600634 -0.00106219 -0.00207433 0.0030932 -0.000998761 -0.0017836 -0.00660416 -0.000274963 0.00120941 -0.000810258 0.001946 0.00532073
internal_weight=1110.23 102.009 1008.22 931.864 751.358 180.506 632.225 558.732 129.155 429.578 339.054 259.128 167.453 118.443
internal_count=4548 419 4129 3815 3078 737 2592 2289 531 1758 1388 1061 684 484
is_linear=0
shrinkage=0.03


Tree=158
num_leaves=15
num_cat=0
split_feature=0 0 16 20 6 6 8 5 13 9 18 16 20 9
split_gain=4.52704 3.9381 3.1309 2.32137 4.08393 6.42118 4.56592 3.91502 3.7745 3.09315 4.79213 5.68905 3.76691 1.69853
threshold=0.24217986314759371 0.036038961038977614 -1.4041432551293223 0.064659233210739145 -0.21458243808398839 0.05132878753372045 0.20822809041465606 0.15753957668651355 0.15384615384615935 -0.18394953377822379 -0.39935237755891179 0.16060353072609831 -0.34453602184085508 -0.097330178616500743
decision_type=2 2 2 2 2 2 2 2 2 2 2 2 2 2
left_child=1 -1 -2 9 8 7 -7 -6 -5 -4 -11 12 -12 -3
right_child=2 13 3 4 5 6 -8 -9 -10 10 11 -13 -14 -15
leaf_value=-0.0032871146473526154 -0.0069089675240880093 0.0019966951546901385 0.0073983104473191071 -0.011730660658039748 0.011732911973855646 -0.0070466030786482973 0.0032073397568040934 0.0008922266839517406 -0.0007077184652138352 -0.004897621856286105 0.0099808279286328835 -0.003802577751503897 0.00016504013398274737 0.0076345093466421753
leaf_weight=49.049120754003525 54.064869001507759 76.312539681792259 69.546326652169228 50.8432687073946 49.713678270578384 101.04298582673073 58.177817970514297 68.325801908969879 57.362255349755287 94.461144372820854 89.90809740126133 70.283538207411766 56.188807755708694 149.73124910891056
leaf_count=201 220 314 288 210 204 413 238 282 236 388 367 287 229 612
internal_value=0.000869939 0.00416286 -0.000253412 0.000258198 -0.00137387 0.000576645 -0.00331633 0.00574916 -0.0061765 0.00190842 0.000582461 0.00303138 0.00633607 0.00581558
internal_weight=1095.01 275.093 819.919 765.854 385.466 277.26 159.221 118.039 108.206 380.388 310.842 216.38 146.097 226.044
internal_count=4489 1127 3362 3142 1583 1137 651 486 446 1559 1271 883 596 926
is_linear=0
shrinkage=0.03


Tree=159
num_leaves=15
num_cat=0
split_feature=8 13 4 20 13 9 0 4 14 9 18 18 1 16
split_gain=4.41573 4.149 3.77778 6.22844 5.30983 4.74903 5.14578 4.6767 4.35145 3.87583 8.04454 4.97437 3.47399 5.60746
threshold=-0.28900796098805598 0.60000000000001485 0.95839111090271112 0.15829931025826885 0.11111111111111455 0.12164591470313831 0.62857142857143222 0.92380294487820735 0.3688259109312092 -0.050721035732255892 0.61029751079919048 -0.096809902532905681 0.25000000000000006 0.38308765766239039
decision_type=2 2 2 2 2 2 2 2 2 2 2 2 2 2
left_child=-1 2 7 5 -5 6 8 9 -4 11 -11 -2 13 -6
right_child=1 -3 3 4 12 -7 -8 -9 -10 10 -12 -13 -14 -15
leaf_value=0.0051321403063641661 0.0054256398767735829 0.0045821110347638184 -0.0063499744526936408 -0.013563000695332497 -0.013382644742908475 -0.0073193238820953022 0.0093293734810813086 0.0060051352856498302 0.0038643029771677864 -0.010512564780595078 0.0030977730666422458 -0.0054213732350294397 0.0017524975691929053 0.00030084102885289727
leaf_weight=103.65538889169693 106.15764273703098 94.686198949813843 68.270522981882095 73.119431510567665 53.548297688364983 61.171529665589333 54.773170873522758 92.878695756196976 72.225606456398964 87.926748633384705 64.308849483728409 53.148079559206963 60.67325259745121 49.548699885606766
leaf_count=424 437 394 280 302 218 248 226 380 294 359 261 220 248 202
internal_value=-0.000615065 -0.00123805 -0.00187389 -0.00362227 -0.0070758 -0.000357738 0.00195139 0.000277071 -0.00114672 -0.0014985 -0.00484747 0.00175197 -0.00386341 -0.00709659
internal_weight=1096.09 992.437 897.751 493.331 236.89 256.441 195.269 404.42 140.496 311.541 152.236 159.306 163.77 103.097
internal_count=4493 4069 3675 2018 970 1048 800 1657 574 1277 620 657 668 420
is_linear=0
shrinkage=0.03


Tree=160
num_leaves=15
num_cat=0
split_feature=14 20 8 0 11 1 9 5 11 0 20 20 9 16
split_gain=3.36592 4.10154 6.41536 5.09162 3.30719 4.44503 3.02514 2.55917 5.54286 4.93455 4.80219 2.4957 2.2521 2.06556
threshold=0.15686274509804396 0.49602038198374049 0.16485981230234018 0.12208672086720838 -0.32001757321017155 0.25000000000000006 -0.08491950529480724 0.043467359653895206 -0.67162791104327457 0.77777777777781909 0.84100343724854842 -0.66633440086746332 -0.080183083083779597 0.056838826427820274
decision_type=2 2 2 2 2 2 2 2 2 2 2 2 2 2
left_child=7 3 -3 -2 13 -6 -4 8 -1 11 12 -10 -9 -5
right_child=1 2 6 4 5 -7 -8 10 9 -11 -12 -13 -14 -15
leaf_value=-0.0086361151303860004 0.003698252401993262 0.0081973759761437368 0.0031410772496932087 0.0019769368611937998 -0.0088529611622822704 0.00047817589973387243 -0.0062508409979418651 0.011645359651764491 0.00058972509450121874 -0.0040936405760468647 -0.0024002139536115331 0.0093171884333803894 0.0036375981586721632 -0.0049651981880316845
leaf_weight=49.098635897040367 81.764963880181313 84.355127394199371 48.875578686594963 91.080624356865883 178.42014518380165 60.641982838511467 68.99549825489521 60.550478354096413 50.209627598524094 66.794350415468216 61.080390945076942 69.011990919709206 74.218823313713074 59.647541955113411
leaf_count=203 333 344 201 370 728 247 282 254 210 272 250 286 304 243
internal_value=-9.86334e-05 -0.00141933 0.00211928 -0.00294318 -0.00436552 -0.00652466 -0.00238711 0.00195878 -0.000162256 0.00224192 0.0044457 0.00581334 0.00752329 -0.000841483
internal_weight=1104.75 673.781 202.226 471.555 389.79 239.062 117.871 430.964 235.115 186.016 195.85 119.222 134.769 150.728
internal_count=4527 2748 827 1921 1588 975 483 1779 971 768 808 496 558 613
is_linear=0
shrinkage=0.03


Tree=161
num_leaves=15
num_cat=0
split_feature=4 4 16 9 18 18 6 4 11 8 17 0 0 18
split_gain=3.572 6.91083 7.37726 6.79646 10.6302 7.49852 6.16508 5.62436 4.44797 5.22915 4.46514 5.3507 3.58551 3.13615
threshold=0.92822712283080133 0.98139758526782583 -0.51640839972957531 -0.026443000628891083 -0.054089395953245717 0.59235680704916016 -0.40293939149435815 1.0129807468978294 -1.0891508625679232 0.16485981230234018 0.14522375922059608 0.60996279454322411 0.25000000000000216 -0.25940874688045407
decision_type=2 2 2 2 2 2 2 2 2 2 2 2 2 2
left_child=3 2 -2 4 6 -5 -1 -3 -9 10 11 12 -10 -4
right_child=1 7 13 5 -6 -7 -8 8 9 -11 -12 -13 -14 -15
leaf_value=-0.0024382304663808784 -0.0029730791598117129 -0.0067185296840467689 0.0035526609360504815 -0.01238373111365621 -0.0082978606436150543 0.0003423909466063914 0.010114825681263118 -0.0069616393342151802 0.0034975278985383013 -0.0040158997347548176 0.008513425476350105 0.0085517326165761264 -0.0060516064899505005 0.013553268495819363
leaf_weight=51.896957784891129 52.734535589814186 97.906038731336594 49.031122624874115 89.365489393472672 66.56296706199646 74.152174726128578 94.683265060186386 50.120833784341812 56.423465132713318 91.500060215592384 115.80566029250622 55.572185352444649 79.82070329785347 80.280370727181435
leaf_count=214 216 400 201 365 274 302 390 206 231 376 472 229 326 330
internal_value=8.61686e-05 0.00130958 0.00628793 -0.00226841 0.00126399 -0.00677375 0.00573657 -0.000388749 0.0010495 0.00212921 0.00399203 0.00111538 -0.00211316 0.0100347
internal_weight=1105.86 729.195 182.046 376.661 213.143 163.518 146.58 547.149 449.243 399.122 307.622 191.816 136.244 129.311
internal_count=4532 2987 747 1545 878 667 604 2240 1840 1634 1258 786 557 531
is_linear=0
shrinkage=0.03


Tree=162
num_leaves=15
num_cat=0
split_feature=14 4 14 4 0 14 18 9 4 0 15 20 19 15
split_gain=3.44108 4.55465 5.13145 3.78873 5.53796 4.6445 6.18788 5.5849 4.086 3.65618 3.45033 3.32986 3.28381 1.94618
threshold=0.13487525987526452 0.99166586907318022 0.020833333333354059 1.0129807468978294 0.18469785575046135 0.30769230769226835 -0.49620850750571183 -0.058266750202332455 1.0579013924428515 0.36140661938532576 1.0000000180025095e-35 0.45198302841645926 -0.18670893400540303 -0.50828648683618816
decision_type=2 2 2 2 2 2 2 2 2 2 2 2 2 2
left_child=1 2 -1 5 -5 13 -7 -8 -6 -10 -9 12 -3 -2
right_child=3 11 -4 4 8 6 7 10 9 -11 -12 -13 -14 -15
leaf_value=-0.00088968961748185735 -0.012018951835367572 0.006134467722518658 0.0080644711934480685 -0.0056864587335143171 0.0093592310853270605 0.0061998336644064483 -0.011862110062670317 0.0051369597364417582 0.0064203563536283483 -0.0025563030656835565 -0.0054337387762382816 -0.0082679260841132998 -0.0039611336960722878 -0.0049113302861630379
leaf_weight=97.130416691303253 51.070647493004799 49.91149514913559 133.36012846231461 84.614772796630859 61.804531961679459 72.469188496470451 50.054821491241455 52.28369352221489 57.663369223475456 112.4024400562048 48.976619482040405 49.19252997636795 56.590468838810921 130.30652284622192
leaf_count=404 208 205 551 344 252 296 205 212 235 461 200 202 235 533
internal_value=-0.000559502 0.00171214 0.00435235 -0.00177857 0.000677647 -0.00368208 -0.00075093 -0.00417168 0.00307106 0.000583809 9.12078e-06 -0.00221025 0.000833032 -0.00718138
internal_weight=1107.83 386.185 230.491 721.647 316.485 405.161 223.784 151.315 231.87 170.066 101.26 155.694 106.502 181.377
internal_count=4543 1597 955 2946 1292 1654 913 617 948 696 412 642 440 741
is_linear=0
shrinkage=0.03


Tree=163
num_leaves=15
num_cat=0
split_feature=4 4 4 11 11 3 11 17 13 13 0 4 13 0
split_gain=2.99869 8.32245 5.53387 4.94642 4.44918 6.67987 5.8016 4.45905 3.67933 4.61197 4.52085 2.77824 2.5497 1.80417
threshold=0.98139758526782583 1.0129807468978294 1.0309358544085232 -1.3083110635076982 -0.12291942959667752 0.26086956521739135 0.5225622538266036 -0.32416915374364219 0.11111111111109977 0.32797220792588844 0.21680376028201723 0.91568754265550345 0.20000000000026649 0.61538461538465383
decision_type=2 2 2 2 2 2 2 2 2 2 2 2 2 2
left_child=3 -2 -3 -1 5 7 12 -5 13 -10 -11 -8 -6 -4
right_child=1 2 8 4 6 -7 11 -9 9 10 -12 -13 -14 -15
leaf_value=0.010196207553192352 -0.0091578015144123445 0.0089452664452964667 -0.0093274277103864156 -0.0048537659881225546 0.010808951608568151 -0.01057296767996181 0.002243669937562383 0.0046997973625065026 0.0046658691172722921 0.0030345073804780407 -0.0070809809796598296 -0.0061510647759869443 0.0029824078682962247 -0.0014595369500337593
leaf_weight=50.587296545505524 96.702506676316261 53.642140790820122 51.912528797984123 70.213817477226257 77.081388130784035 59.178984299302101 80.434087529778481 101.02516174316406 140.33194853365421 66.300469532608986 86.742021173238754 56.02208885550499 78.621374413371086 52.738730117678642
leaf_count=209 395 220 214 289 315 242 331 414 572 272 355 230 324 217
internal_value=0.000175141 -0.00140427 0.000337857 0.00168531 0.0007726 -0.00231646 0.00320684 0.000755942 -0.000918753 0.000820573 -0.00274143 -0.00129839 0.00707273 -0.00560978
internal_weight=1121.53 548.37 451.668 573.164 522.577 230.418 292.159 171.239 398.026 293.374 153.042 136.456 155.703 104.651
internal_count=4599 2245 1850 2354 2145 945 1200 703 1630 1199 627 561 639 431
is_linear=0
shrinkage=0.03


Tree=164
num_leaves=15
num_cat=0
split_feature=9 9 13 11 19 16 17 15 14 9 14 15 16 4
split_gain=4.38765 4.27903 4.41471 3.04497 3.18554 2.76123 4.017 3.54202 2.64662 4.27007 3.22473 3.30107 3.13535 2.29418
threshold=0.11399890434109566 0.21746023640038389 0.18421052631578258 -0.98032386650013315 0.23496734368729119 0.74285020584321826 0.14522375922059608 0.93834294452855171 0.37499999999992201 -0.042734371122097332 0.16666666666662042 -0.24298316697643269 -0.21413701231121343 1.0046597292517119
decision_type=2 2 2 2 2 2 2 2 2 2 2 2 2 2
left_child=3 13 -3 4 -1 7 -7 8 10 -10 12 -12 -5 -2
right_child=1 2 -4 5 -6 6 -8 -9 9 -11 11 -13 -14 -15
leaf_value=0.001612255556393314 -0.002814991566105516 0.0048002145858336287 -0.0044613898423363054 -0.0017453980272686719 0.011117069474419943 0.0019931941916595556 -0.0076055713257173656 0.0078024196583094995 3.2509886259099864e-05 0.010483971607663517 0.00047079840642830966 -0.0083320107143368648 0.0061016482705907055 -0.011834570601203836
leaf_weight=84.138663649559021 52.459244832396507 81.951640754938126 94.131593331694603 100.87584659457207 48.061224460601807 71.382652625441551 77.853144258260727 64.008750379085541 98.280974194407463 49.826065108180046 71.545834630727768 76.3664271235466 76.523363292217255 52.919421970844269
leaf_count=345 214 332 384 415 200 292 324 267 400 203 292 311 318 216
internal_value=0.000154646 -0.0030443 -0.000137385 0.001266 0.00534694 0.000447343 -0.0030985 0.00145146 0.000520205 0.00377613 -0.000996868 -0.00419789 0.001714 -0.00767539
internal_weight=1100.32 281.462 176.083 818.863 132.2 686.663 149.236 537.427 473.419 148.107 325.311 147.912 177.399 105.379
internal_count=4513 1146 716 3367 545 2822 616 2206 1939 603 1336 603 733 430
is_linear=0
shrinkage=0.03


Tree=165
num_leaves=15
num_cat=0
split_feature=6 5 13 9 9 0 5 19 0 6 11 18 16 0
split_gain=4.11236 3.35475 3.63953 3.22125 3.34222 3.95218 4.03854 4.18417 4.08131 3.49542 3.06165 2.79138 3.6199 2.34889
threshold=0.52708134622513103 -0.48302509512242336 0.64785373608904451 0.11399890434109566 0.065782480051101697 0.82352941176470795 -0.30320251185969593 0.5935447254763907 0.24217986314759371 -0.10140722633896342 -0.96744343247417608 1.0405668879032446 -0.10476670073351692 0.62500000000004696
decision_type=2 2 2 2 2 2 2 2 2 2 2 2 2 2
left_child=1 -1 3 4 5 6 -3 8 -8 -9 -10 12 -5 -12
right_child=-2 2 -4 11 -6 -7 7 9 10 -11 13 -13 -14 -15
leaf_value=0.0054423223513477958 0.007282504447822297 0.0033883452407030158 0.0048819491698082803 -0.0026005920227182115 0.0052152900408857939 0.0045594614771014997 0.00021104484809732866 -0.0026274517477515098 -0.00052400701524026017 0.0068853893429953556 -0.010976522517903389 -0.00013815124677065416 -0.012348231240400728 -0.0033721210253570217
leaf_weight=64.054354622960091 52.471297562122345 84.833767503499985 71.930759966373444 72.429191082715988 66.688060224056244 77.043423861265182 86.761336892843246 95.059119135141373 48.861729934811592 48.333310753107071 141.56229078769684 67.748067930340767 66.502648800611496 56.473877355456352
leaf_count=261 214 347 301 294 272 317 353 394 201 201 581 275 271 232
internal_value=-0.000535982 -0.000960046 -0.00140212 -0.0019215 -0.000940372 -0.00161837 -0.0024982 -0.00356928 -0.0053886 0.000703002 -0.00732148 -0.0051698 -0.00753338 -0.00894442
internal_weight=1100.75 1048.28 984.228 912.297 705.617 638.929 561.885 477.052 333.659 143.392 246.898 206.68 138.932 198.036
internal_count=4514 4300 4039 3738 2898 2626 2309 1962 1367 595 1014 840 565 813
is_linear=0
shrinkage=0.03


Tree=166
num_leaves=15
num_cat=0
split_feature=6 0 17 17 13 13 8 19 20 0 5 19 16 16
split_gain=2.49157 5.08293 5.53455 3.64002 5.45481 2.29906 3.09286 5.23822 4.18733 2.43785 2.66052 4.1895 3.09707 3.10188
threshold=-0.19507956830026094 0.37499999999991335 -0.76572622120211575 -0.91442380914103627 0.14705882352939501 0.56250000000001521 0.16485981230234018 0.60224958501080272 0.50701762004727613 0.75000000000004052 -0.40400127513475076 0.27809117146865286 -0.28013670055633011 0.20772978708241122
decision_type=2 2 2 2 2 2 2 2 2 2 2 2 2 2
left_child=1 2 -1 -3 -5 6 8 -8 9 10 -2 12 -12 -14
right_child=5 3 -4 4 -6 -7 7 -9 -10 -11 11 -13 13 -15
leaf_value=-0.013600518694633676 0.0078020491117270947 0.0072744314602826007 -0.0013064726408791652 -0.0067912613970314588 0.0041742231783620963 0.0056583745236372714 -0.0089574053617087149 0.0017272230966514518 0.007958199456153536 -0.0037602397581430421 -0.0058630985980882722 0.0057292933259032522 0.0063518441552665511 -0.0034538447902536492
leaf_weight=50.667935743927956 49.611662939190865 56.587740182876587 83.740769624710083 76.469799980521202 77.13191232085228 88.239710494875908 68.092945784330368 91.911170274019241 77.595800921320915 87.552972570061684 89.555043429136276 90.540980353951454 53.596114084124565 53.01563985645771
leaf_count=208 202 235 344 315 319 366 278 378 317 358 365 371 219 216
internal_value=0.000277408 -0.00181774 -0.00626252 0.001104 -0.00132688 0.00124609 0.000619459 -0.00295348 0.00177738 0.00056631 0.00173121 0.000564994 -0.00190175 0.00153941
internal_weight=1094.31 344.598 134.409 210.189 153.602 749.712 661.472 160.004 501.468 423.872 336.319 286.708 196.167 106.612
internal_count=4491 1421 552 869 634 3070 2704 656 2048 1731 1373 1171 800 435
is_linear=0
shrinkage=0.03


Tree=167
num_leaves=15
num_cat=0
split_feature=17 17 16 20 8 16 5 20 11 17 14 7 14 5
split_gain=5.46177 4.41583 3.19105 3.01185 4.56397 4.32699 5.57328 4.63252 4.12287 3.68458 4.83007 3.87884 3.48536 3.34961
threshold=1.4647633478518802 1.1079980176769724 -1.4991168933588817 0.38038110008539894 0.150298919608402 -0.36208494120244233 -0.30320251185969593 -0.47150173457869277 0.37792470308546572 0.070209569289107723 0.22222222222220625 1.0000000180025095e-35 0.52631578947372015 -0.14065416027466393
decision_type=2 2 2 2 2 2 2 2 2 2 2 2 2 2
left_child=1 2 -1 4 5 6 8 -8 -4 11 -11 -5 13 -7
right_child=-2 -3 3 9 -6 12 7 -9 -10 10 -12 -13 -14 -15
leaf_value=0.006198741153864022 -0.0094300575284517445 0.0077013682700088444 0.0038791167240326643 0.010178463927301594 -0.010784703362084825 0.0085381292725720381 -0.0033870920934176334 -0.015213168037622432 -0.0063781786791725567 0.0031134364830162514 -0.0064281691658048482 -0.00028438539215732323 -0.0059734802289001738 0.00039391809639209569
leaf_weight=50.226196527481079 58.196559250354767 53.036276683211327 82.976009786128998 60.944804951548576 48.816697984933853 53.350984647870064 68.39977565407753 53.593163803219795 53.872899115085602 94.894967183470726 86.908445462584496 61.23796658217907 52.31240026652813 208.01376415789127
leaf_count=205 237 217 339 250 201 219 281 220 220 390 358 251 213 857
internal_value=-0.000869156 -0.000341511 -0.000815808 -0.00122782 -0.00241862 -0.00161807 -0.00445052 -0.00897687 -0.000241332 0.00120586 -0.00149776 0.00512947 0.000752372 0.00218542
internal_weight=1086.78 1028.58 975.548 925.322 621.336 572.519 258.842 121.993 136.849 303.986 181.803 122.183 313.677 261.365
internal_count=4458 4221 4004 3799 2550 2349 1060 501 559 1249 748 501 1289 1076
is_linear=0
shrinkage=0.03


Tree=168
num_leaves=15
num_cat=0
split_feature=17 4 0 7 3 5 13 3 13 9 18 18 9 15
split_gain=5.45111 3.34017 4.00719 3.54148 4.14218 3.38827 3.37871 2.9387 2.86163 4.28268 3.18441 2.70693 4.64977 2.54457
threshold=1.4647633478518802 0.86451771337053718 0.85798319327734107 -0.33333333333333331 -0.34782608695652167 -0.34645271594315497 0.32025641025644108 0.043478260869565195 0.14285714285714612 -0.066727910187817221 -0.24364340892516076 -0.64732791032399406 0.082934975189675422 -0.069642154472435616
decision_type=2 2 2 2 2 2 2 2 2 2 2 2 2 2
left_child=1 6 3 11 13 -6 7 -1 9 -7 -10 -3 -13 -5
right_child=-2 2 -4 4 5 8 -8 -9 10 -11 -12 12 -14 -15
leaf_value=-0.0019856800376840088 -0.0088036060241768431 -0.0084165122896054344 0.00871193739325315 0.0020097032234539353 0.0063516569915101021 -0.010375973845873443 0.002791728231620578 -0.011092177645340996 0.0047386954444855319 0.00042488288323887778 -0.0014279331471543334 0.0032564731428087047 -0.0073473460351376326 0.011688486832707578
leaf_weight=80.088093668222427 57.407469496130943 51.76570026576519 53.332638934254646 49.075715184211731 72.733132988214493 51.559210494160652 55.176477864384651 51.239535957574844 124.60318385064602 78.555699169635773 176.09478439390659 95.475447073578835 54.167350545525551 49.231352776288986
leaf_count=330 234 211 219 200 298 213 229 210 514 322 721 392 221 203
internal_value=-0.000190683 0.00032307 0.00111815 0.000563183 0.00171458 0.000585861 -0.00326249 -0.00581523 -0.000449268 -0.00408064 0.0011631 -0.00283562 -0.000695328 0.00718788
internal_weight=1100.51 1043.1 856.594 803.262 601.853 503.546 186.504 131.328 430.813 130.115 300.698 201.408 149.643 98.3071
internal_count=4517 4283 3514 3295 2471 2068 769 540 1770 535 1235 824 613 403
is_linear=0
shrinkage=0.03


Tree=169
num_leaves=15
num_cat=0
split_feature=16 11 13 4 4 20 18 11 13 6 16 20 17 16
split_gain=3.55079 3.15067 2.61094 7.91532 2.7126 5.38481 6.86933 5.59703 4.6028 6.93569 5.97966 7.37458 7.52571 3.67872
threshold=1.0548830204303072 0.16106596243066856 0.027027027027024596 0.96669374490189652 0.9251307575924419 0.13331471369103817 -0.054089395953245717 0.21163471682404042 0.15384615384615935 0.26156958065255365 -0.79422194938473722 0.15829931025826885 -0.23105620497352566 -0.31423860827306965
decision_type=2 2 2 2 2 2 2 2 2 2 2 2 2 2
left_child=2 -2 3 -1 5 7 -7 13 -6 10 -10 12 -12 -4
right_child=1 -3 4 -5 8 6 -8 -9 9 -11 11 -13 -14 -15
leaf_value=0.0039988567759791319 -0.0098783916758133378 -0.00055088882480407999 -0.0018982036099915976 -0.010705211440791552 0.0066606336103109537 0.010897815823577914 -0.0035101954918553449 0.0032164222399149898 -0.004536177607991583 -0.0077816450849977929 0.0023807482165667066 -0.0013590928453018078 0.01581944261760488 -0.012867328881747474
leaf_weight=61.05814990401268 54.748721942305565 73.096408292651176 49.288575902581215 61.849754676222801 150.49016804993153 53.822807103395462 56.618789345026016 51.928017511963844 81.288580596446991 68.592368423938751 81.595881327986717 108.176145657897 67.900588616728783 63.590659648180008
leaf_count=250 226 302 202 253 615 222 232 214 334 279 336 444 279 261
internal_value=-0.000170186 -0.00476678 0.000465983 -0.00352976 0.00107288 -0.00134801 0.00367932 -0.00472609 0.00226832 0.000585385 0.00236705 0.00458972 0.00879897 -0.00836135
internal_weight=1084.05 127.845 956.2 122.908 833.293 275.249 110.442 164.807 558.044 407.554 338.961 257.673 149.496 112.879
internal_count=4449 528 3921 503 3418 1131 454 677 2287 1672 1393 1059 615 463
is_linear=0
shrinkage=0.03


Tree=170
num_leaves=15
num_cat=0
split_feature=18 17 9 4 14 18 13 5 13 13 3 5 13 5
split_gain=2.91512 5.37789 4.94864 4.98088 3.37573 5.22768 3.23451 4.17061 5.21177 4.38719 4.06061 3.76353 3.31312 3.20369
threshold=0.94168717251320844 1.4647633478518802 0.046199843270408332 1.0874104621738312 0.26666666666663713 0.18828048326281557 0.16000000000002312 0.30172440116297317 0.47727272727271758 0.28571428571421781 0.043478260869565195 -0.097339953079339833 0.11764705882351663 0.12534913240106929
decision_type=2 2 2 2 2 2 2 2 2 2 2 2 2 2
left_child=2 13 6 4 5 -4 12 8 9 -8 -10 -11 -1 -2
right_child=1 -3 3 -5 -6 -7 7 -9 10 11 -12 -13 -14 -15
leaf_value=-0.00023400163274629729 0.0015509673435245741 -0.0047233467008605161 -0.01688020163602599 0.0032365326311847849 -0.0018199440341124624 -0.0035203194177824701 -0.0011786062624640574 0.008158367333004268 -0.009815982693109581 0.011617531072309345 0.0015482918568982778 0.0013603920307401233 -0.0080905752758899281 0.011019260325801514
leaf_weight=208.45569609105587 63.626664727926254 49.336094558238983 49.021531075239182 55.138934463262558 77.162200793623924 58.095695912837982 113.44503498077393 78.133352965116501 57.329082235693932 64.731240704655647 49.651201844215393 62.593652933835983 58.003810226917267 64.231046602129936
leaf_count=857 260 200 201 225 315 237 464 322 237 268 206 259 238 263
internal_value=-0.000109911 0.00336271 -0.000784725 -0.00445507 -0.0067812 -0.0101145 0.000507354 0.00212003 0.000666912 0.00310233 -0.00470802 0.006817 -0.00206177 0.00654319
internal_weight=1108.96 177.194 931.761 239.418 184.279 107.117 692.343 425.884 347.75 240.77 106.98 127.325 266.46 127.858
internal_count=4552 723 3829 978 753 438 2851 1756 1434 991 443 527 1095 523
is_linear=0
shrinkage=0.03


Tree=171
num_leaves=15
num_cat=0
split_feature=0 16 0 11 11 17 6 13 9 16 14 6 9 0
split_gain=6.51801 10.7558 5.35031 5.22639 5.05107 4.39387 3.73078 5.51691 5.0115 4.83238 4.74717 3.84787 3.07165 2.66178
threshold=0.81955828779598017 -0.28013670055633011 0.76923076923079237 0.76695657710404752 0.4499770807107531 -0.33653296862065424 0.057550434816297631 0.14285714285714612 -0.040161592158096011 0.017567972707684353 0.22222222222223045 -0.21950341237018833 0.25861474160337833 0.44736842105262969
decision_type=2 2 2 2 2 2 2 2 2 2 2 2 2 2
left_child=2 -2 3 4 6 -5 7 -1 10 12 -9 -12 -8 -7
right_child=1 -3 -4 5 -6 13 9 8 -10 -11 11 -13 -14 -15
leaf_value=-0.0045676506484948172 -0.0047317947441392503 0.012358550768721575 -0.0097609400024002563 -0.0027239721609518363 -0.0077157915763173528 0.0029547815468310614 -0.0036545502530013845 0.0048885443543185397 0.0092469073645269524 -0.0082782331500315109 0.001732510986059707 -0.0086672095370202516 0.0057763479152134452 0.01230330375251972
leaf_weight=111.43453469872475 50.012759789824486 82.174515083432198 54.316047415137291 52.317381426692009 97.631214499473572 62.053672507405281 65.567676022648811 121.64609435200691 81.286469012498856 102.71937914192677 63.271189078688622 57.095935821533203 50.595742553472519 50.982554331421852
leaf_count=457 204 339 222 216 400 254 267 511 334 420 258 232 206 210
internal_value=-0.000168109 0.00595567 -0.00102808 -0.000460441 -0.00152742 0.00428971 -0.000551506 0.00105802 0.0030371 -0.0037005 0.000806423 -0.00334951 0.000521999 0.00751379
internal_weight=1103.11 132.187 970.918 916.602 751.248 165.354 653.617 434.734 323.3 218.883 242.013 120.367 116.163 113.036
internal_count=4530 543 3987 3765 3085 680 2685 1792 1335 893 1001 490 473 464
is_linear=0
shrinkage=0.03


Tree=172
num_leaves=15
num_cat=0
split_feature=14 4 20 18 15 4 9 18 4 16 4 0 16 20
split_gain=2.98524 2.63476 4.15067 3.1514 6.67639 5.67965 4.90695 4.71235 6.34485 4.34055 4.0288 3.00151 4.03679 3.79128
threshold=0.65058139534884896 1.1398160372058002 0.18272543211742068 -0.41103796773150475 0.57659695192752702 0.86451771337053718 0.054243197780676843 -1.6772073380912551 0.93095976267197689 -0.035768407897943603 0.85300997253831712 0.6153846153845367 -0.52641694671782646 0.047984083418157915
decision_type=2 2 2 2 2 2 2 2 2 2 2 2 2 2
left_child=1 3 -3 7 5 -5 -6 -1 10 -10 -9 12 -7 -14
right_child=-2 2 -4 4 6 11 -8 8 9 -11 -12 -13 13 -15
leaf_value=0.0070401289556420452 -0.004977289992375373 0.0014687040852022495 -0.0088082473199469231 -0.002052142527241051 0.0026291978853763315 -0.0012913448967769837 -0.007762382647233613 -0.0033806867031856312 -0.01122528504304506 -0.00068368677259329682 0.0075662033024061423 0.011409482879955482 0.012569731406698412 0.0036464737999623996
leaf_weight=51.7613655179739 74.49859344959259 84.62528920173645 54.354934006929398 83.476362034678459 82.481679126620293 70.073588162660599 72.663481622934341 50.950977668166161 77.105791389942169 62.675923451781273 62.297406494617462 84.07716266810894 66.560905918478966 122.80600206553936
leaf_count=214 304 347 224 343 343 286 297 210 317 258 257 343 272 503
internal_value=0.000629044 0.00105832 -0.0027169 0.00166181 0.00294736 0.00486894 -0.00232818 -0.000801473 -0.00251094 -0.00668544 0.00270645 0.00655611 0.00479729 0.00702559
internal_weight=1100.41 1025.91 138.98 886.931 582.139 426.994 155.145 304.791 253.03 139.782 113.248 343.518 259.44 189.367
internal_count=4518 4214 571 3643 2387 1747 640 1256 1042 575 467 1404 1061 775
is_linear=0
shrinkage=0.03


Tree=173
num_leaves=15
num_cat=0
split_feature=4 6 17 4 4 6 9 9 16 3 11 15 20 11
split_gain=5.01741 4.10509 4.79567 5.12192 4.23731 3.18546 7.16472 6.16441 2.76888 4.69279 4.66512 4.54663 4.31928 5.13467
threshold=0.98139758526782583 -0.21791669966864433 0.61816216018588377 1.094935194079018 1.0934573485973529 -0.145769474249866 -0.00843628208620501 0.11882001018985351 -0.36208494120244233 -0.21739130434782605 -0.98032386650013315 -0.49816006751329939 -0.24510857019849722 0.12269366761684562
decision_type=2 2 2 2 2 2 2 2 2 2 2 2 2 2
left_child=8 4 5 -4 -2 -3 -7 -8 9 -1 -10 -12 -13 -14
right_child=1 2 3 -5 -6 6 7 -9 10 -11 11 12 13 -15
leaf_value=0.0063144096464756777 -0.0104785353634693 0.0082743878736267415 0.00044337706917216665 -0.011199690298078284 6.3045406806457637e-05 -0.0066018388659243935 0.012099170831050486 -0.00060340521740053269 0.011117657508180856 -0.0042100085610004617 0.0083673618805389111 -0.0062312959440346937 0.0070186191590913168 -0.0025658260285469311
leaf_weight=50.083327859640121 80.251376211643219 52.243159130215645 73.396659851074219 57.778428703546524 57.341050118207932 79.812542244791985 51.618668794631958 86.418400958180428 57.138769865036011 119.37001743912697 74.744347810745239 65.148876637220383 99.453163027763367 93.220817893743515
leaf_count=206 329 216 300 236 236 328 212 352 237 489 305 269 410 384
internal_value=0.000192362 -0.00186465 -0.000307013 -0.00490794 -0.00623721 0.0019761 0.000313924 0.00440359 0.00217366 -0.00100761 0.00355218 0.00210693 0.000167341 0.0024338
internal_weight=1098.02 538.86 401.268 131.175 137.592 270.093 217.85 138.037 559.159 169.453 389.706 332.567 257.823 192.674
internal_count=4509 2209 1644 536 565 1108 892 564 2300 695 1605 1368 1063 794
is_linear=0
shrinkage=0.03


Tree=174
num_leaves=15
num_cat=0
split_feature=18 18 3 18 5 16 13 4 5 5 16 16 20 5
split_gain=2.18087 5.34559 4.15788 4.09477 2.65767 4.48307 4.41165 3.53652 2.99336 3.47536 3.31813 3.96629 2.50775 4.72208
threshold=0.37189239386274059 1.0405668879032446 -0.17391304347826084 1.3603826284067773 -0.30320251185969593 -0.3432014956656127 0.23076923076926911 1.0368060443980898 -0.10034326168690656 0.043467359653895206 0.44478741505848235 0.15077151496187788 0.88852312464515992 0.31770145154925045
decision_type=2 2 2 2 2 2 2 2 2 2 2 2 2 2
left_child=4 2 -2 -3 7 6 -6 -1 -7 -10 11 -11 13 -12
right_child=1 3 -4 -5 5 8 -8 -9 9 10 12 -13 -14 -15
leaf_value=0.0011305264864203653 0.00042361203129704928 0.009070791630532371 -0.0079926664222479786 -0.0010518879027276177 -0.010336459647334557 0.0077737291312192144 0.00069676987986365445 0.010369379023528798 -0.005318365655202514 -0.0005323051417868229 -0.0037794360477667733 0.010686120808092501 -0.0057265834351773025 0.0067371633110014763
leaf_weight=109.92454236745834 85.082303792238235 50.145097464323044 132.3082530349493 100.87024955451488 60.643390774726868 53.900741100311279 63.653982937335968 52.580206096172333 69.887186214327812 48.641332492232323 70.992894321680069 61.547361671924591 53.451540738344193 73.193801552057266
leaf_count=449 349 205 542 411 249 222 262 215 287 201 291 255 220 302
internal_value=6.67746e-05 -0.00179551 -0.00476324 0.00249236 0.00102757 2.91718e-05 -0.00487778 0.00434015 0.00148196 0.000494282 0.00187786 0.00592575 -0.000469475 0.001606
internal_weight=1086.82 368.406 217.391 151.015 718.417 555.912 124.297 162.505 431.615 377.714 307.827 110.189 197.638 144.187
internal_count=4460 1507 891 616 2953 2289 511 664 1778 1556 1269 456 813 593
is_linear=0
shrinkage=0.03


Tree=175
num_leaves=15
num_cat=0
split_feature=6 3 20 14 14 0 5 19 4 6 4 15 17 6
split_gain=2.71968 2.48338 3.95761 3.79219 3.76495 3.96161 7.00879 6.26456 5.31298 3.64915 3.45639 3.04208 2.71011 2.50798
threshold=-0.51746639348822943 -0.086956521739130418 0.38038110008539894 0.13636363636363716 0.53846153846156153 0.476556776556814 0.33994509030621251 -0.54144336116366854 1.0010801841875914 -0.14132626409754048 0.9971390739407201 0.27142011607999267 -0.4470919524195644 -0.069380938389473748
decision_type=2 2 2 2 2 2 2 2 2 2 2 2 2 2
left_child=-1 2 3 -2 5 8 7 -7 9 -3 -9 -4 -5 -10
right_child=1 4 11 12 -6 6 -8 10 13 -11 -12 -13 -14 -15
leaf_value=0.0059625471292206423 0.00034988505455438155 -0.0009413642447475396 -0.0021855544285259657 -0.0024400430906678797 0.0066711321791048939 -0.0025126787221106547 -0.0071872379770456388 0.011575253173647909 -0.003428048147873162 -0.011522407760984435 0.0025436199368359205 0.0063184037500093534 -0.010093904695709064 0.0049252324762198655
leaf_weight=54.842407256364822 95.04382660984993 49.059587374329567 81.824243649840355 74.606240019202232 75.067081391811371 78.832971379160881 54.980912059545517 85.79535536468029 52.812031522393227 71.679752886295319 71.872305035591125 62.66542087495327 102.49231395125389 69.05852834880352
leaf_count=228 395 203 335 304 307 321 229 353 217 293 295 259 418 282
internal_value=-0.000256632 -0.00061644 -0.0023871 -0.00448959 0.000604171 -0.000302511 0.00203983 0.0042893 -0.00310106 -0.00743145 0.00766294 0.0015906 -0.0070251 0.00131294
internal_weight=1080.63 1025.79 416.632 272.142 609.159 534.091 291.482 236.501 242.61 120.739 157.668 144.49 177.099 121.871
internal_count=4439 4211 1711 1117 2500 2193 1198 969 995 496 648 594 722 499
is_linear=0
shrinkage=0.03


Tree=176
num_leaves=15
num_cat=0
split_feature=4 4 4 3 4 3 0 0 0 1 18 18 20 3
split_gain=3.6891 9.08086 5.79464 6.38925 4.86614 3.62932 3.43055 2.55083 3.18433 3.01476 3.4791 4.95541 1.77126 1.62822
threshold=1.0482902353534362 1.0129807468978294 1.0830063617243992 0.17391304347826089 0.98139758526782583 -0.086956521739130418 0.80555555555555902 0.69488409770687498 0.59999999999994458 -0.41666666666666663 -0.49620850750571183 0.61029751079919048 0.097871405036750944 0.043478260869565195
decision_type=2 2 2 2 2 2 2 2 2 2 2 2 2 2
left_child=1 4 -2 5 6 -4 7 8 9 -1 -11 12 -12 -3
right_child=2 13 3 -5 -6 -7 -8 -9 -10 10 11 -13 -14 -15
leaf_value=0.0056478592801939408 -0.0094511284435639074 0.0048119618479204934 -0.0018646784298726547 -0.0072690329882491361 -0.0064815684022005169 0.0067295964530340608 0.0057854723637068908 -0.0053576828814047303 0.0067693937244274246 0.0027286099353355736 -0.003996865530164203 0.0025436107006770741 -0.011604133507412948 0.012761248830023381
leaf_weight=54.266943648457527 80.801343828439713 57.195736169815063 77.908224776387215 77.568583399057388 92.766203567385674 92.274423807859421 95.77423232793808 70.845335870981216 59.152864187955856 96.744000926613808 69.260096415877342 62.85484790802002 52.309187099337578 50.141225069761276
leaf_count=223 331 235 320 318 379 380 394 291 246 399 284 258 216 205
internal_value=-9.8417e-05 0.00104832 -0.00273148 -0.000396332 -0.000302918 0.00285428 0.000766616 -0.000316651 0.000644144 -0.000519581 -0.00178781 -0.0041665 -0.00759925 0.00892809
internal_weight=1089.86 761.311 328.553 247.751 653.974 170.183 561.208 465.433 394.588 335.435 281.168 184.424 121.569 107.337
internal_count=4479 3130 1349 1018 2690 700 2311 1917 1626 1380 1157 758 500 440
is_linear=0
shrinkage=0.03


Tree=177
num_leaves=15
num_cat=0
split_feature=1 8 8 8 8 6 19 8 8 18 17 11 6 14
split_gain=4.81894 4.45848 3.2732 6.1116 3.81109 5.70971 3.56898 5.19579 3.89434 3.25413 4.96584 2.96454 2.83886 2.47411
threshold=0.25000000000000006 -0.15536587557316484 -0.10392334499732341 0.15258170479580216 -0.3047932857061536 -0.26494168862278128 0.58281852476317597 0.0062085404958370565 0.073929021187043212 0.62259873705095969 0.14522375922059608 -0.15528803180249098 -0.13000115143428584 0.40000000000000452
decision_type=2 2 2 2 2 2 2 2 2 2 2 2 2 2
left_child=2 -2 4 6 -1 -6 7 12 -9 10 -5 -7 -4 -3
right_child=1 13 3 9 5 11 -8 8 -10 -11 -12 -13 -14 -15
leaf_value=0.0024018524241867022 0.010172711588475962 -0.00023025861536706086 0.00018948536810930894 -0.00099208220607631273 0.0019224892528450449 -0.0038847325925232333 0.0086179673210666861 -0.0074970058451716949 0.0024811302300491744 0.0012242072917181782 -0.013524151009182616 -0.013425322692735534 0.0096062807482837891 0.0060215155277310957
leaf_weight=66.959409564733505 66.077669471502304 187.46608066558838 48.725435629487038 62.090454876422882 57.694768115878105 59.125680178403854 73.659507736563683 68.460418939590454 63.971011519432068 70.880439534783363 48.91623355448246 66.701277911663055 66.234115734696388 76.627539530396461
leaf_count=273 272 777 200 254 237 241 306 281 262 289 205 273 271 314
internal_value=0.000497722 0.00349152 -0.000828622 0.000570771 -0.00359462 -0.00578816 0.00304478 0.00124754 -0.00276216 -0.00376076 -0.00685935 -0.00926204 0.00578924 0.00166189
internal_weight=1083.59 330.171 753.419 502.938 250.481 183.522 321.05 247.391 132.431 181.887 111.007 125.827 114.96 264.094
internal_count=4455 1363 3092 2068 1024 751 1320 1014 543 748 459 514 471 1091
is_linear=0
shrinkage=0.03


Tree=178
num_leaves=15
num_cat=0
split_feature=17 15 18 5 16 19 19 11 1 17 17 16 1 16
split_gain=4.47417 3.08786 3.67864 6.29446 8.63646 4.67782 5.85658 3.53682 3.49773 5.62557 2.66132 4.17398 2.76982 2.2781
threshold=1.5558260152448289 -0.079336497440762585 0.3994525505687555 -0.28160160310235016 -0.062558691053893722 -0.06177232296078209 0.86331064514010702 -0.24478169421791371 0.25000000000000006 -0.29214342741762517 -0.69566878086705353 0.39311341106782777 -1.0000000180025095e-35 -1.1073159306492115
decision_type=2 2 2 2 2 2 2 2 2 2 2 2 2 2
left_child=1 8 3 -3 7 -4 -7 -5 13 -10 -6 -12 -13 -1
right_child=-2 2 5 4 10 6 -8 -9 9 -11 11 12 -14 -15
leaf_value=0.0021528081040678255 -0.0086752524876558042 0.011630218878704839 -0.0090294235804879493 0.00057139218603769577 -0.00063253575578128655 0.0071870244405563425 -0.0056291975613141209 -0.01020901266591711 -0.0055387368169110161 0.0064523722260065993 0.013310992913234657 -0.002079246809370269 0.0074001584133780978 -0.0043408291990974512
leaf_weight=55.240401059389114 49.849136129021645 62.137749224901199 52.17303678393364 48.718139737844467 56.543411999940872 65.068808376789093 54.388083189725876 56.119294971227646 50.05051201581955 94.022573843598366 53.624381318688393 48.345693841576576 55.026722863316536 284.7717556655407
leaf_count=224 203 258 213 202 236 268 225 232 205 385 222 200 228 1164
internal_value=-0.000325065 0.00011636 0.00164284 0.00327422 0.00148877 -0.00196434 0.00136014 -0.00540138 -0.00162373 0.00224065 0.00491767 0.00687444 0.0030754 -0.00326992
internal_weight=1086.08 1036.23 552.145 380.515 318.378 171.63 119.457 104.837 484.085 144.073 213.54 156.997 103.372 340.012
internal_count=4465 4262 2284 1578 1320 706 493 434 1978 590 886 650 428 1388
is_linear=0
shrinkage=0.03


Tree=179
num_leaves=15
num_cat=0
split_feature=19 5 13 16 13 16 13 5 8 8 5 5 14 15
split_gain=3.56829 7.78377 2.99684 5.01551 3.26705 3.39605 3.78954 5.43465 2.84604 5.90564 4.90327 3.78157 2.1049 1.87176
threshold=1.039335002587346 0.4754151138028978 0.50000000000023148 -0.27166044840926923 0.44827586206896092 0.94063605855897547 0.37037037037037879 0.11325593832586646 -0.15226074808877191 -0.10193897354407359 -0.36706009189723604 -0.0058200338549816147 0.39758158508156932 -0.40170208319474682
decision_type=2 2 2 2 2 2 2 2 2 2 2 2 2 2
left_child=2 -2 4 -4 5 6 7 8 10 -10 -1 13 -9 -11
right_child=1 -3 3 -5 -6 -7 -8 12 9 11 -12 -13 -14 -15
leaf_value=-0.0038783930630192343 -0.01101627663204589 0.0031369992206878405 -0.0027779478615252433 0.0082173295420915615 -0.0073540647268359538 -0.0058631807584082121 0.0066031418149687859 0.0016624083167049452 -0.012137985665309881 0.0057518730716088103 0.0060421347652670218 -0.0069856673830286636 0.0088437860120651104 -0.0014019077215270007
leaf_weight=89.475883692502975 79.01836384832859 56.841645732522011 59.593930691480637 86.79711677134037 58.158006265759468 80.649004220962524 75.118858337402344 105.84319318830967 57.72247326374054 50.663309559226036 80.476541429758072 67.523157432675362 53.888111457228661 76.919050127267838
leaf_count=364 327 235 247 361 237 333 310 436 237 207 329 276 220 315
internal_value=-0.000739886 -0.00519361 -7.40999e-05 0.00379738 -0.000804957 -0.000243051 0.000485219 -0.00035321 -0.00213328 -0.00412144 0.00085764 -0.00150569 0.00428006 0.00154866
internal_weight=1078.69 135.86 942.829 146.391 796.438 738.28 657.631 582.512 422.78 252.828 169.952 195.106 159.731 127.582
internal_count=4434 562 3872 608 3264 3027 2694 2384 1728 1035 693 798 656 522
is_linear=0
shrinkage=0.03


Tree=180
num_leaves=15
num_cat=0
split_feature=3 15 0 19 20 19 19 9 0 0 7 0 16 9
split_gain=4.14095 5.51129 6.66031 6.12288 4.67055 4.76267 4.64314 4.40974 3.62691 3.40506 3.22326 4.22862 2.97148 2.92686
threshold=-0.086956521739130418 -0.70820785062805747 0.17799539170504544 0.11500431973705084 0.055549824516852746 0.15669838952923457 -0.231975997383222 0.2112887573048908 0.60000000000001785 0.44999999999997786 1.0000000180025095e-35 0.49999999999992834 0.31547076467702156 -0.044526358010275748
decision_type=2 2 2 2 2 2 2 2 2 2 2 2 2 2
left_child=1 -1 -3 9 5 6 13 10 -5 -4 12 -12 -6 -2
right_child=4 2 3 8 7 -7 -8 -9 -10 -11 11 -13 -14 -15
leaf_value=-0.008347749640528826 2.0625878215197938e-05 -0.0071588809041496166 0.01081960211177764 -0.0061354831190453931 0.0055748137112861139 0.0087109018858621112 -0.0052375720670544464 0.0057285994357974129 0.0031750367625018191 0.001069309084858144 -0.00077495506156934654 -0.011781123113251921 -0.00360427616242163 0.008221118346416428
leaf_weight=89.837392508983612 76.755928292870522 88.224187955260277 72.407735839486122 81.637286469340324 55.525472700595856 126.34275583922863 62.017000168561935 66.005065053701401 62.401378899812698 57.304016321897507 66.381591409444809 55.968951880931854 61.897050127387047 75.048705771565437
leaf_count=367 315 362 296 338 228 521 254 269 260 237 274 233 255 306
internal_value=0.000280996 -0.00190992 -0.000220172 0.00210433 0.00181636 0.00420925 0.00141106 -0.000870518 -0.00213072 0.00671169 -0.00276704 -0.00607457 0.000786643 0.00420763
internal_weight=1097.75 451.812 361.975 273.75 645.943 340.164 213.822 305.778 144.039 129.712 239.773 122.351 117.423 151.805
internal_count=4515 1860 1493 1131 2655 1396 875 1259 598 533 990 507 483 621
is_linear=0
shrinkage=0.03


Tree=181
num_leaves=15
num_cat=0
split_feature=20 6 20 1 17 18 20 13 18 6 17 4 7 6
split_gain=3.64927 3.55868 3.44813 4.70248 3.8666 2.83992 2.66179 2.74624 3.53555 3.46347 4.45409 8.19742 3.93193 4.43845
threshold=0.35551247422143784 -0.21458243808398839 0.97219136734645517 -1.0000000180025095e-35 0.84543701414658334 0.59868676635554541 0.15829931025826885 0.47727272727271758 -0.45489277727847677 0.25072621905152243 0.048205813823535677 0.95705550032240427 1.0000000180025095e-35 -0.15735635778721332
decision_type=2 2 2 2 2 2 2 2 2 2 2 2 2 2
left_child=6 -2 3 -3 -4 -5 7 9 -9 10 12 -12 -1 -14
right_child=1 2 4 5 -6 -7 -8 8 -10 -11 11 -13 13 -15
leaf_value=-0.0043242944656229172 -0.0031055202883543197 -0.00051305179396578455 -0.0055394040481176621 0.014513441383984031 0.0048004091026010685 0.0042374213465764731 -0.0065877579716050617 -0.0107188786902321 -0.00070333802123070835 -0.005570428119514261 -0.0026685752868071803 0.012750506629906719 0.0067418375294833275 -0.0033183978454342997
leaf_weight=151.13166245818138 97.53589928150177 60.435814693570137 61.019223242998123 52.965929225087166 59.241480603814125 51.520774990320206 89.149029582738876 51.209464088082314 74.560942068696022 82.972698643803596 54.333321258425713 63.116728365421295 85.730578243732452 65.733852311968803
leaf_count=621 403 248 251 219 242 212 368 212 308 337 223 258 354 270
internal_value=-0.00061979 0.00173184 0.00341127 0.0061629 -0.00045762 0.0098714 -0.0018767 -0.00116207 -0.00503524 -0.000153636 0.000969297 0.00579981 -0.000969426 0.00240929
internal_weight=1100.66 382.719 285.183 164.923 120.261 104.487 717.938 628.789 125.77 503.019 420.046 117.45 302.596 151.464
internal_count=4526 1575 1172 679 493 431 2951 2583 520 2063 1726 481 1245 624
is_linear=0
shrinkage=0.03


Tree=182
num_leaves=15
num_cat=0
split_feature=13 13 18 13 18 11 19 20 7 9 8 8 4 9
split_gain=1.91597 3.81616 3.31037 4.9223 2.29798 3.40728 4.88222 5.32303 4.80266 2.77038 2.70364 8.84346 4.23622 2.1055
threshold=0.3846153846153354 0.44444444444440639 0.14198837864358357 0.54999999999996685 -1.1424765512928792 -0.41604305473687381 -0.48860677931718782 -0.27665731187312198 1.0000000180025095e-35 -0.050270770549575079 0.048375137780632758 -0.046264582354096424 0.99563874563018528 -0.14305903794617908
decision_type=2 2 2 2 2 2 2 2 2 2 2 2 2 2
left_child=4 -2 3 -3 13 8 7 -7 -6 -10 11 -8 -12 -1
right_child=1 2 -4 -5 5 6 10 -9 9 -11 12 -13 -14 -15
leaf_value=-0.009105069493267599 0.0079434230272566759 -0.0097073550710159179 0.0040970698650205969 0.0016745060864452443 0.0073415624078433592 9.4180053787120329e-05 0.0028404316055052367 -0.011879386796806819 0.0035316878816733306 -0.005560813640213394 0.0060698566279465483 -0.012405523653740168 -0.0026032987521008898 -0.00053943114796935513
leaf_weight=49.601103708148003 67.079837784171104 52.602299019694328 98.662716805934906 81.203781247138977 103.26595205068588 60.467317208647728 87.414436399936676 69.479190915822983 50.77816615998745 61.25445793569088 115.41943965852261 49.851213693618774 83.687474712729454 50.28053517639637
leaf_count=204 277 215 407 338 424 246 358 285 209 250 476 204 345 207
internal_value=-0.000108301 0.00191252 4.16736e-05 -0.00298847 -0.000890118 -0.00025212 -0.00168997 -0.00651074 0.00282981 -0.00146487 0.000240463 -0.00293789 0.00244994 -0.0050244
internal_weight=1081.05 299.549 232.469 133.806 781.499 681.618 466.319 129.947 215.299 112.033 336.373 137.266 199.107 99.8816
internal_count=4445 1237 960 553 3208 2797 1914 531 883 459 1383 562 821 411
is_linear=0
shrinkage=0.03


Tree=183
num_leaves=15
num_cat=0
split_feature=11 11 17 14 19 17 19 9 19 18 19 17 18 17
split_gain=3.19883 4.33041 4.18133 3.42681 3.33617 3.4522 7.07339 4.77794 6.74927 5.06268 9.21717 5.29421 3.8604 3.63101
threshold=-1.3499270924443179 -0.61391464463338508 0.30369282987848922 0.22222222222217655 -1.1327708908107408 -0.38139787134643988 0.58281852476317597 -0.088286831669192753 0.20714237949159484 0.94168717251320844 -0.30544260421374986 1.3005033543807347 0.049292667362132593 -1.0815513208607264
decision_type=2 2 2 2 2 2 2 2 2 2 2 2 2 2
left_child=-1 2 3 -2 -3 6 13 8 -7 10 -9 -11 -12 -6
right_child=1 4 -4 -5 5 7 -8 9 -10 11 12 -13 -14 -15
leaf_value=0.0056006394483877359 0.0036996149801287945 -0.0044781511645260955 -0.010363612073729411 -0.0054220350312041577 0.0013245904835536323 0.014166879296614398 0.0073369656471011816 0.0072260625828545521 0.00051813247326383722 0.011322035087395415 0.00073171531669716033 -0.0014061310287197086 -0.008641928258538616 -0.0079068203167102467
leaf_weight=81.589040219783783 64.149461150169373 96.963423103094101 63.163578748703003 75.310696929693222 55.913805291056633 63.311605647206306 52.835067018866539 70.074795603752136 63.139753997325897 64.408720463514328 59.748134329915047 49.309526324272156 107.83087314665318 108.78728543221951
leaf_count=337 267 397 259 307 230 261 219 287 263 264 245 200 444 448
internal_value=6.93218e-05 -0.000410002 -0.00426754 -0.00124339 0.000597075 0.0013317 -0.00177354 0.00274913 0.00763071 0.000909942 -0.00158746 0.00597618 -0.0053755 -0.00482619
internal_weight=1076.54 994.947 202.624 139.46 792.323 695.36 217.536 477.823 126.451 351.372 237.654 113.718 167.579 164.701
internal_count=4428 4091 833 574 3258 2861 897 1964 524 1440 976 464 689 678
is_linear=0
shrinkage=0.03


Tree=184
num_leaves=15
num_cat=0
split_feature=14 9 9 4 0 14 4 13 4 4 3 9 3 9
split_gain=2.68982 3.94745 5.15027 6.06653 5.38916 4.10878 4.44915 4.60982 3.63974 8.21434 4.8209 4.96703 4.23368 3.03238
threshold=0.28571428571421781 0.28638177400049136 -0.090069977374973353 0.91952890072532301 0.50724637681160145 0.052631578947362791 0.96455091880905963 0.26923076923075667 0.92380294487820735 0.96926547053491541 -0.043478260869565209 -0.044526358010275748 1.0000000180025095e-35 0.02453696548059995
decision_type=2 2 2 2 2 2 2 2 2 2 2 2 2 2
left_child=1 2 3 -1 -5 -4 13 -8 12 -10 -11 -12 -2 -7
right_child=8 -3 5 4 -6 6 7 -9 9 10 11 -13 -14 -15
leaf_value=0.0097975620744942711 -0.00019976780308808857 0.0075211290434636854 -0.0064271966736529117 -0.0066419648240570051 0.0048003578576283467 -0.0089160823644987165 0.01032037504385026 -0.00097590120007558104 0.0099839572001758897 -0.0064151753746862416 -0.0039133852569731226 0.0066399436225054289 -0.010698516625518135 0.0011494626099604636
leaf_weight=95.079491257667542 71.666711032390594 87.31726410984993 102.95811432600021 57.264802053570747 86.469285130500793 48.545048594474792 56.856484904885292 66.886299565434456 61.048523679375648 111.78288081288338 71.991638571023941 79.377242982387543 62.132622852921486 52.180737480521202
leaf_count=397 293 357 425 238 360 200 234 274 249 457 295 325 254 213
internal_value=0.000536233 0.00176608 0.000820557 0.00412635 0.000171613 -0.00161637 0.000682199 0.00441367 -0.00121886 0.000513989 -0.00182815 0.0016561 -0.00528486 -0.00389389
internal_weight=1111.56 653.558 566.24 238.814 143.734 327.427 224.469 123.743 458 324.2 263.152 151.369 133.799 100.726
internal_count=4571 2698 2341 995 598 1346 921 508 1873 1326 1077 620 547 413
is_linear=0
shrinkage=0.03


Tree=185
num_leaves=15
num_cat=0
split_feature=16 5 20 9 6 6 16 17 16 19 4 9 6 6
split_gain=5.01804 5.57211 4.3947 5.26054 4.35031 4.28713 6.86612 4.60092 5.8307 6.65194 3.37328 5.14825 3.53359 3.30831
threshold=-0.32579009281864763 -0.13261326781636143 -0.27665731187312198 0.032320138472706011 0.4794302782817178 0.062015785408222508 0.33181018868417528 -0.69566878086705353 0.57066360050685161 0.25835313834454637 0.93269762767773778 -0.12405514369826283 0.056478426080193163 0.19695120767484051
decision_type=2 2 2 2 2 2 2 2 2 2 2 2 2 2
left_child=2 -2 10 -4 5 7 -7 -3 9 -9 -1 -12 -13 -8
right_child=1 4 3 -5 -6 6 13 8 -10 -11 11 12 -14 -15
leaf_value=0.0056720401342358444 0.0094367350059191887 -0.0037833573436786652 -0.010713785821473162 0.0007198407914422593 0.0090343315865484847 -0.010845160046509785 -0.0041234836629238467 0.0015988801644556134 -0.00066978726523216916 0.013555446916277508 -0.0091941262700644122 0.0064680420369061884 -0.0037785814187830456 0.0060659600480846192
leaf_weight=67.474755838513374 74.123105928301811 94.789735943078995 88.403429239988327 58.178058996796608 50.156908750534058 66.876036390662193 51.149480819702148 88.470274046063423 150.86127710342407 77.212631314992905 54.457293212413788 59.060055211186409 52.918668270111084 53.866191491484642
leaf_count=277 305 392 364 237 205 273 211 363 624 322 224 243 215 219
internal_value=0.000437002 0.00192694 -0.00232252 -0.00630173 0.000981057 0.000217576 -0.00369694 0.00187816 0.00360598 0.00740482 0.000250782 -0.00204837 0.00167118 0.00114119
internal_weight=1088 707.506 380.492 146.581 633.383 583.226 171.892 411.334 316.544 165.683 233.911 166.436 111.979 105.016
internal_count=4474 2914 1560 601 2609 2404 703 1701 1309 685 959 682 458 430
is_linear=0
shrinkage=0.03


Tree=186
num_leaves=15
num_cat=0
split_feature=9 6 20 15 19 19 17 18 18 18 8 20 20 20
split_gain=2.50028 4.6882 9.90912 2.61929 3.20682 7.10021 4.85389 4.24519 2.50248 4.6178 2.88083 5.48232 5.11149 3.98508
threshold=-0.33938220870477004 -0.37357370888232005 -0.078716046280969829 1.1213608527974268 0.52668200898391482 0.2857064783287438 0.070209569289107723 0.59868676635554541 -0.95170228090564857 -0.41103796773150475 -0.099641245829498987 -0.27665731187312198 0.039892753067651762 -0.82274333434532831
decision_type=2 2 2 2 2 2 2 2 2 2 2 2 2 2
left_child=-1 2 -2 4 5 8 -6 -8 -3 -10 11 13 -12 -11
right_child=1 3 -4 -5 6 -7 7 -9 9 10 12 -13 -14 -15
leaf_value=0.0058405162485857991 0.0015283116177033191 0.0047187191795259268 -0.015556135977292421 0.0047586895700820952 0.0021475564863801255 0.008484046777702238 -0.012955807412334285 -0.0013864578440856389 -0.0076415267316772709 -0.0048520376376198467 0.0083978141062137409 -0.010561808229802978 -0.00083575497433566875 0.0063893018231838735
leaf_weight=52.956376329064369 67.191764697432518 64.198575004935265 49.836079433560371 94.947401896119118 72.963282063603401 84.295460537075996 57.335162743926048 55.128029704093933 82.140885725617409 50.667173534631729 72.371886163949966 52.832876533269882 175.75972338020802 53.040527209639549
leaf_count=219 276 264 205 394 303 347 238 226 337 207 296 216 722 217
internal_value=-0.000224908 -0.00056258 -0.00608636 0.000172602 -0.000383547 0.000635366 -0.00379956 -0.00758508 -0.000630845 -0.00137712 -2.78189e-05 -0.0031576 0.00197006 0.000926698
internal_weight=1085.67 1032.71 117.028 915.681 820.734 635.307 185.426 112.463 551.012 486.813 404.672 156.541 248.132 103.708
internal_count=4467 4248 481 3767 3373 2606 767 464 2259 1995 1658 640 1018 424
is_linear=0
shrinkage=0.03


Tree=187
num_leaves=15
num_cat=0
split_feature=5 16 9 6 13 15 8 19 14 18 19 3 15 14
split_gain=2.56773 3.90658 4.07523 3.42243 3.44531 3.0041 2.8401 2.56806 2.49163 4.47597 4.59422 3.74374 5.59285 3.62522
threshold=-0.46353457356468369 -0.21413701231121343 0.0027509794691651739 -0.10267218583154757 0.28571428571427443 1.3621966140278705 -0.09325750907644105 -0.64710928093020281 0.19292803970224567 -0.92075143051430863 0.095257677244164965 0.1304347826086957 -0.35682176199902721 0.48484848484849508
decision_type=2 2 2 2 2 2 2 2 2 2 2 2 2 2
left_child=-1 2 3 4 -2 7 -4 -3 11 -10 -11 12 -9 -12
right_child=1 5 6 -5 -6 -7 -8 8 9 10 13 -13 -14 -15
leaf_value=0.004938371163098614 -0.0071152496428980852 -0.0033503377803036716 -0.0026104827084164786 -0.011769820124790574 0.0018177036855709715 -0.0055462994648091861 0.0055166579982021844 -0.00032546845430885067 -0.007366255802559161 0.0071621883460729957 -0.0042083768227382488 -0.00054069390208872216 0.011860272019773079 0.0048388664862723018
leaf_weight=79.045856773853302 81.908251076936722 81.788055717945099 90.377119064331055 55.978225156664848 67.287759155035019 55.582298174500465 60.227936595678329 52.661018252372742 49.609014600515366 94.42339351773262 106.24168279767036 80.886273548007011 88.831097319722176 57.261039510369301
leaf_count=323 337 335 368 230 278 231 246 216 203 385 437 335 374 235
internal_value=-0.000103818 -0.00051552 -0.00303182 -0.00573181 -0.00315816 0.000838681 0.000712444 0.00145912 0.0022258 0.000457392 0.00207364 0.00460755 0.00746863 -0.000990335
internal_weight=1102.11 1023.06 355.779 205.174 149.196 667.284 150.605 611.702 529.914 307.535 257.926 222.378 141.492 163.503
internal_count=4533 4210 1459 845 615 2751 614 2520 2185 1260 1057 925 590 672
is_linear=0
shrinkage=0.03


Tree=188
num_leaves=15
num_cat=0
split_feature=17 5 5 3 18 6 13 20 20 20 13 3 8 13
split_gain=3.4334 3.93995 2.91491 4.1683 3.17089 3.37802 4.16813 3.81246 5.03312 3.71283 3.1211 2.16826 2.14867 2.4975
threshold=1.5558260152448289 -0.46353457356468369 -0.18773275700875194 -0.21739130434782605 1.1352118456745772 0.1115276222470027 0.031498015873013117 -0.73726412595034174 -0.046684147729703675 0.98430482931442598 0.2608695652173903 0.043478260869565195 -0.12990384757705667 0.18644067796609948
decision_type=2 2 2 2 2 2 2 2 2 2 2 2 2 2
left_child=1 -1 3 -3 5 6 -4 -8 10 11 -9 -10 13 -5
right_child=-2 2 4 12 -6 -7 7 8 9 -11 -12 -13 -14 -15
leaf_value=0.0066082463902443116 -0.0072936702889899634 0.0034086634958713931 -0.0054521853724609874 0.0016645918260039978 0.006125757681559969 -0.0044881943867371597 0.0095489493805351079 0.00082539517584855396 0.0022467459247391798 -0.0029310376371247402 -0.0091304251411896166 0.0083492355342890713 -0.010136167089595936 -0.0063164537402057965
leaf_weight=75.631724923849106 52.481331661343575 64.099565178155899 71.462718054652214 57.405564934015274 80.260633692145348 118.80651198327541 49.833168759942055 53.555303648114204 121.77840368449688 65.312363922595978 53.429328054189682 94.468793287873268 52.67571696639061 80.021833643317223
leaf_count=309 214 264 296 234 329 486 206 221 504 270 221 390 217 329
internal_value=-0.000156201 0.000237624 -0.000294198 -0.00301783 0.000696749 -3.92517e-05 0.00103099 0.00213742 0.00107761 0.00317295 -0.00433232 0.00504109 -0.00521656 -0.00304125
internal_weight=1091.22 1038.74 963.11 254.203 708.907 628.647 509.84 438.377 388.544 281.56 106.985 216.247 190.103 137.427
internal_count=4490 4276 3967 1044 2923 2594 2108 1812 1606 1164 442 894 780 563
is_linear=0
shrinkage=0.03


Tree=189
num_leaves=15
num_cat=0
split_feature=4 8 18 20 19 4 9 18 18 9 16 16 20 20
split_gain=2.72104 3.96549 3.60392 3.38402 4.62987 2.56268 3.83595 2.23153 2.84437 5.17513 4.58795 4.03282 3.48107 5.97612
threshold=1.0521189635714259 -0.21774432923315179 -1.1800116896823714 0.92068402559365292 -0.50016057854827223 1.1797647501505224 -0.033793805287366314 -0.75982487253839082 0.61029751079919048 0.054243197780676843 1.0000000180025095e-35 0.63428378360104409 0.17373196186025527 -0.27665731187312198
decision_type=2 2 2 2 2 2 2 2 2 2 2 2 2 2
left_child=2 -2 -1 4 -3 6 -6 -4 9 12 -10 -12 13 -9
right_child=1 3 7 -5 5 -7 -8 8 10 -11 11 -13 -14 -15
leaf_value=-0.0045591028965338556 0.0039641022464350899 0.0020969680848875183 0.0065009590476086173 0.0024472544501999509 -0.00014570810685819653 -0.013660895033864888 -0.010973960905205958 0.00287745231290845 0.009640160455737035 -0.0059772197030590023 -0.00572083514090908 0.005252464778467086 0.0049920481300225203 -0.008875082346886904
leaf_weight=96.260275408625603 63.744346126914024 49.213529676198959 67.291810870170593 53.220823377370834 62.199873045086861 49.988497316837311 51.145442456007004 101.91171486675739 70.951354965567589 108.05307114124298 52.176636427640915 58.750965565443039 135.99440544843674 56.432856991887093
leaf_count=398 260 203 279 219 258 206 210 420 290 442 214 241 562 233
internal_value=-0.000286124 -0.00253637 0.000715659 -0.00413991 -0.00580764 -0.0081809 -0.00528901 0.00152372 0.000900187 -0.000514199 0.00395943 6.68658e-05 0.00155764 -0.00145452
internal_weight=1077.34 329.513 747.823 265.768 212.547 163.334 113.345 651.563 584.271 402.392 181.879 110.928 294.339 158.345
internal_count=4435 1356 3079 1096 877 674 468 2681 2402 1657 745 455 1215 653
is_linear=0
shrinkage=0.03


Tree=190
num_leaves=15
num_cat=0
split_feature=17 13 13 13 1 6 18 13 3 8 10 3 6 20
split_gain=2.11193 2.68607 3.91951 3.8411 4.00259 5.15478 3.96645 4.77474 6.32665 6.09399 3.48483 3.25595 2.64299 2.23127
threshold=1.4647633478518802 0.090909090909075632 0.062499999999993651 0.1333333333333156 0.25000000000000006 0.05572591000648431 -1.1424765512928792 0.27272727272728425 -0.30434782608695649 0.069380440874282676 1.0000000180025095e-35 0.043478260869565195 -0.14132626409754048 0.34856398501296076
decision_type=2 2 2 2 2 2 2 2 2 2 2 2 2 2
left_child=1 2 11 -3 6 13 -5 10 -9 12 -8 -1 -10 -6
right_child=-2 3 -4 4 5 -7 7 8 9 -11 -12 -13 -14 -15
leaf_value=0.0046938956814093101 -0.0048327212497266169 -0.0055326135143319568 0.010137071729026382 -0.0071684965864769442 0.0042128486464753524 -0.0020466319219404742 0.00010876319390147643 -0.010518280505153061 0.0090585517151351002 -0.0064737851847856869 0.0087867663366374207 -0.0029773503926306005 0.00044046853771964844 0.012567324970952223
leaf_weight=108.0170721411705 59.087270900607109 96.636391639709473 55.496972918510437 69.101511731743813 80.057048052549362 73.668298006057739 86.261306673288345 57.429493382573128 53.651709318161011 68.401723280549049 75.754069298505783 84.48998536169529 71.744979247450829 48.621546253561974
leaf_count=445 241 398 228 284 335 301 351 236 222 281 312 348 294 204
internal_value=0.000455495 0.000780952 0.00346757 -8.84441e-05 0.000714477 0.00420169 -0.00077653 0.000365238 -0.00221184 0.000452299 0.00430794 0.0013369 0.00433372 0.00772159
internal_weight=1088.42 1029.33 248.004 781.328 684.692 202.347 482.345 413.243 251.228 193.798 162.015 192.507 125.397 128.679
internal_count=4480 4239 1021 3218 2820 840 1980 1696 1033 797 663 793 516 539
is_linear=0
shrinkage=0.03


Tree=191
num_leaves=15
num_cat=0
split_feature=19 5 18 20 7 5 7 20 11 19 20 17 1 3
split_gain=4.27335 4.51662 3.361 4.20402 4.801 4.71659 6.47778 4.76441 4.59269 6.83787 5.37361 3.74624 3.71936 3.11909
threshold=1.1867768631195672 0.35937436859622773 1.6496075546158997 -0.20305103521823309 -0.33333333333333331 0.055806123674073012 0.33333333333333337 0.7583098360787911 0.064446047945481227 -0.28681063920261018 -0.7644268642301969 0.12012808232191567 1.0000000180025095e-35 0.043478260869565195
decision_type=2 2 2 2 2 2 2 2 2 2 2 2 2 2
left_child=1 2 3 8 12 6 13 11 9 -1 -10 -7 -5 -6
right_child=-2 -3 -4 4 5 7 -8 -9 10 -11 -12 -13 -14 -15
leaf_value=0.002251693446275487 0.0065373049037779603 -0.0057409990442890864 -0.0063098028957203458 0.0028209203137691428 0.00076603122257499633 0.0060901320384884709 -0.0063151494742511713 0.0021115156954708519 0.0072498985727914092 -0.0083018412402368572 -0.0026831234967165246 0.018030815088085968 -0.0076497869625694898 0.010703886212570724
leaf_weight=94.277166664600372 103.4811507165432 96.379064857959747 49.413374483585358 63.875614836812019 59.151476994156837 54.853645771741867 58.215266838669777 68.490556314587593 98.08495806157589 122.82804796099663 89.63869121670723 50.430843949317932 50.368798583745956 51.244546622037888
leaf_count=386 429 399 202 262 244 227 239 281 403 506 368 208 207 210
internal_value=0.000879632 0.000268965 0.000932746 0.00138219 0.00334001 0.00509842 0.00145131 0.00849759 -0.000839956 -0.00377148 0.00256029 0.0123678 -0.00192266 0.00564298
internal_weight=1110.73 1007.25 910.873 861.46 456.631 342.386 168.611 173.775 404.829 217.105 187.724 105.284 114.244 110.396
internal_count=4571 4142 3743 3541 1878 1409 693 716 1663 892 771 435 469 454
is_linear=0
shrinkage=0.03


Tree=192
num_leaves=15
num_cat=0
split_feature=14 9 4 9 3 6 4 13 9 4 8 4 5 20
split_gain=5.21099 5.06784 7.29372 7.18306 3.80754 2.89814 2.67841 2.86256 2.73195 2.61119 5.30335 4.94023 2.5013 2.38494
threshold=0.40778533635679354 -0.049706901362439583 0.87785517585783546 0.2112887573048908 0.3043478260869566 -0.32476117577417479 0.95344927046033157 0.16666666666664862 -0.15209646563065296 0.89632268074877652 -0.087359220622140563 0.99418195359672457 -0.064139874598266353 -1.0000000180025095e-35
decision_type=2 2 2 2 2 2 2 2 2 2 2 2 2 2
left_child=1 2 -1 9 6 -2 -4 -8 -9 -3 -11 -12 -5 -7
right_child=5 3 4 12 -6 13 7 8 -10 10 11 -13 -14 -15
leaf_value=0.0083665209821110892 -0.0024448196428066634 -0.011361240695605969 -0.0073091219221627594 0.0072643543286247288 0.0056570979752272885 0.0084465883828905037 -0.005829809167293195 -0.0029457066009059515 0.0060817234428667214 -0.010023088818323351 0.0062512510706625325 -0.0051840130157151032 -0.00089326951625429564 0.0021563670043667589
leaf_weight=95.142607122659683 53.029403001070023 62.602675497531891 71.429187044501305 49.290830835700035 57.407588571310043 101.65202559530735 55.340679138898849 49.386592134833336 64.213107988238335 83.56885176897049 52.840991854667664 77.548671379685402 87.277101188898087 119.98112930357456
leaf_count=396 217 257 297 201 238 414 229 204 268 342 217 319 357 492
internal_value=0.000146922 -0.00107141 0.00136011 -0.00337259 -0.000979701 0.00367757 -0.00264775 -0.000523436 0.00219839 -0.00611639 -0.00435739 -0.000490103 0.0022036 0.00516408
internal_weight=1080.71 806.049 392.92 413.129 297.777 274.663 240.37 168.94 113.6 276.561 213.959 130.39 136.568 221.633
internal_count=4448 3325 1632 1693 1236 1123 998 701 472 1135 878 536 558 906
is_linear=0
shrinkage=0.03


Tree=193
num_leaves=15
num_cat=0
split_feature=7 5 14 14 8 0 16 5 8 0 3 14 5 16
split_gain=3.77843 7.0756 6.29147 5.98855 5.68969 4.54509 3.96292 3.81039 4.69378 3.64844 4.07746 2.68372 2.15842 3.43367
threshold=1.0000000180025095e-35 0.26329599174592866 0.37499999999992201 0.58333333333332826 -0.1908247621920153 0.24999999999997355 1.0376039475330565 -0.39830706284452039 -0.16687237635756921 0.68775000000002062 -0.043478260869565209 0.18749999999997727 -0.20464718218867889 -0.17838239723989821
decision_type=2 2 2 2 2 2 2 2 2 2 2 2 2 2
left_child=3 2 7 4 -1 -4 12 -2 -9 10 -10 -3 -6 -14
right_child=1 11 5 -5 6 -7 -8 8 9 -11 -12 -13 13 -15
leaf_value=-0.0030190824265840651 -0.0087092590551675255 -0.0018682174924068817 0.011797366376788521 -0.0062781202507409374 0.01156901817820045 0.00023361425950506725 -0.0019270696323882533 0.008002308720134705 0.0065676392248380519 -0.0075180732124514472 -0.0035661042690882643 -0.010411766211268082 -0.001455114342085427 0.0068106447173555164
leaf_weight=91.820377841591835 48.674692809581757 59.917566567659378 62.777060478925705 58.2836624532938 58.485934108495712 56.130394950509071 58.057518303394318 48.63687090575695 58.423424065113068 65.175982639193535 77.046774759888649 76.890260875225067 55.123319700360298 212.65865555405617
leaf_count=376 199 248 257 238 240 229 239 201 242 269 318 319 227 878
internal_value=0.000655327 -0.0010774 0.000881775 0.00244379 0.00356556 0.00656838 0.00515729 -0.00145856 0.000100618 -0.00196276 0.000882428 -0.00686776 0.00642797 0.00511364
internal_weight=1088.1 553.673 416.865 534.429 476.146 118.907 384.325 297.958 249.283 200.646 135.47 136.808 326.268 267.782
internal_count=4480 2282 1715 2198 1960 486 1584 1229 1030 829 560 567 1345 1105
is_linear=0
shrinkage=0.03


Tree=194
num_leaves=15
num_cat=0
split_feature=20 20 20 14 5 4 1 5 0 17 0 15 17 3
split_gain=2.52726 6.82969 3.81676 2.65152 3.93348 3.03001 2.52901 2.47311 2.47266 5.00862 3.55286 4.31653 2.93392 2.8462
threshold=-0.96125458716180912 -0.67717505028292291 -0.55089650058336737 0.020833333333354059 -0.0058200338549816147 0.80856167730825068 -0.41666666666666663 -0.26801891772499137 0.57924641148328693 0.66664465199478207 0.42857142857143238 -0.26944859482157796 -0.027003726176888256 -0.086956521739130418
decision_type=2 2 2 2 2 2 2 2 2 2 2 2 2 2
left_child=7 -2 -3 4 -4 -5 -7 -1 10 12 11 -8 -10 -13
right_child=1 2 3 5 -6 6 8 -9 9 -11 -12 13 -14 -15
leaf_value=0.0064746336828965835 -0.0088091135764650306 0.0069443403432656739 0.0011237596295465644 0.0060816838189971236 -0.0098760848688779681 0.0034985150946223544 0.0050174857572778866 -0.0011766034657377182 -0.00014161713206321068 -0.0061635891627039151 -0.0079045109110383871 -0.0071131404818623612 0.0094379750936975614 -0.00021395306699749839
leaf_weight=74.992400318384171 93.460748136043549 53.458443135023117 49.909693330526352 56.461864724755287 62.671750262379646 94.991181120276451 68.964452043175697 69.968967944383621 54.4198097884655 49.260398730635643 94.213959842920303 94.633661106228828 55.712028384208679 117.72450798749924
leaf_count=308 383 220 208 233 262 390 282 288 224 203 389 388 230 483
internal_value=-0.000759817 -0.00132756 -0.000460686 -0.000996261 -0.0051592 -0.000281076 -0.000894793 0.00286549 -0.00170012 0.00139997 -0.00301702 -0.00127077 0.0049038 -0.00338136
internal_weight=1090.84 945.882 852.422 798.963 112.581 686.382 629.92 144.961 534.929 159.392 375.537 281.323 110.132 212.358
internal_count=4491 3895 3512 3292 470 2822 2589 596 2199 657 1542 1153 454 871
is_linear=0
shrinkage=0.03


Tree=195
num_leaves=15
num_cat=0
split_feature=15 15 15 20 1 9 7 20 15 9 0 6 6 3
split_gain=2.46177 3.00122 3.23745 3.19618 3.69618 3.86765 2.93636 2.65913 4.75743 5.8474 4.45641 3.1649 2.09149 1.98142
threshold=1.3880419740551271 -0.079336497440762585 -0.26944859482157796 0.60552826589577058 -1.0000000180025095e-35 -0.050025909994857252 1.0000000180025095e-35 0.86218645211989331 0.62226139329318386 0.024945384705179596 0.48484848484850324 -0.18830085227478036 -0.064646567869973845 -0.30434782608695649
decision_type=2 2 2 2 2 2 2 2 2 2 2 2 2 2
left_child=1 2 3 4 5 -1 -6 8 10 11 13 -10 -4 -3
right_child=-2 7 12 -5 6 -7 -8 -9 9 -11 -12 -13 -14 -15
leaf_value=0.0028639074470445166 -0.0051240468605864096 -0.0034120869235568802 -0.0096097809640658324 -0.0047381145114389804 0.0082054196500036761 -0.006495660853864639 0.000375738740673005 0.0067162244877534078 -0.0039385908940409798 -0.010953166573018355 0.011256984610385051 0.0063567810307766552 -0.0013485870148119557 0.0030171243078014878
leaf_weight=76.474135801196098 66.883183524012566 50.76361320912838 51.209128171205521 85.759413719177246 89.04419669508934 73.231263816356659 80.51938085258007 91.103489473462105 49.407674536108971 50.080633625388145 48.345127314329147 48.360825717449188 57.913260817527771 191.9257373213768
leaf_count=312 279 209 210 352 364 300 329 376 207 206 202 202 237 789
internal_value=0.000248254 0.000615161 -0.0010133 0.000241318 0.00163129 -0.00177647 0.00460465 0.00218967 0.00118497 -0.00312984 0.0033928 0.00121548 -0.00547659 0.00163059
internal_weight=1111.02 1044.14 514.151 405.028 319.269 149.705 169.564 529.987 438.884 147.849 291.034 97.7685 109.122 242.689
internal_count=4574 4295 2104 1657 1305 612 693 2191 1815 615 1200 409 447 998
is_linear=0
shrinkage=0.03


Tree=196
num_leaves=15
num_cat=0
split_feature=8 4 18 17 20 11 17 17 17 19 18 18 18 4
split_gain=3.76304 3.65428 2.61196 4.79296 2.8019 4.98555 3.99467 4.14501 3.95416 4.52492 4.48038 7.75336 3.88822 3.41457
threshold=0.29413205771700124 1.2070925441145417 1.6069975486373653 1.2219466252486451 0.50701762004727613 -0.63992621134285621 -1.3499958287963962 -0.77574852029258379 -0.10434638759108582 -0.45778878752939983 -0.61987668550332997 -0.25223699947365058 -0.85929991827912044 0.99418195359672457
decision_type=2 2 2 2 2 2 2 2 2 2 2 2 2 2
left_child=1 2 3 4 6 -6 -1 12 10 -10 -9 -12 -8 -7
right_child=-2 -3 -4 -5 5 13 7 8 9 -11 11 -13 -14 -15
leaf_value=0.0064988693369293039 -0.00468284955023591 0.0077955498138472775 -0.0056003413857692386 0.0097544712285206371 -0.0037361545688005316 0.011265380572536491 -0.00035296867615168515 -0.0034448786454693474 0.0031946656086124254 -0.0049328498661293449 0.014705918918561321 0.00065487227066910153 -0.011537330009709513 0.0010919435856277353
leaf_weight=63.829145923256874 101.55028016865253 66.346248492598534 50.128668040037155 49.482625469565392 50.562443450093269 69.237754732370377 53.027228936553001 61.681570395827293 87.575501725077629 183.10280340909958 51.822441011667252 94.816277787089348 54.993227943778038 51.441662386059761
leaf_count=264 421 273 205 203 209 286 219 254 359 753 214 390 226 212
internal_value=0.000679801 0.00125177 0.000741214 0.00113581 0.000561213 0.0039171 -0.000344872 -0.00113762 8.08847e-05 -0.00229302 0.00314683 0.00594171 -0.00630544 0.00714475
internal_weight=1089.6 988.048 921.701 871.573 822.09 171.242 650.848 587.019 478.999 270.678 208.32 146.639 108.02 120.679
internal_count=4488 4067 3794 3589 3386 707 2679 2415 1970 1112 858 604 445 498
is_linear=0
shrinkage=0.03


Tree=197
num_leaves=15
num_cat=0
split_feature=16 11 0 0 8 8 9 11 17 16 11 17 16 15
split_gain=2.34756 4.05539 3.51923 11.5128 4.54761 4.7888 3.06051 2.93374 3.33401 3.14041 4.42561 3.02055 5.21273 2.56855
threshold=-0.7338676557446403 0.49224417691241218 0.82352941176470795 0.75000000000004052 -0.1812081046540204 -0.12449896293996786 0.0070569786105600949 -0.94162627725779957 -0.628570961287925 0.58187802128032684 0.76695657710404752 0.71904108090054775 -0.19488100225800395 0.049682334453739929
decision_type=2 2 2 2 2 2 2 2 2 2 2 2 2 2
left_child=1 6 3 4 -2 -6 -1 13 -9 11 -11 12 -10 -7
right_child=2 -3 -4 -5 5 7 -8 8 9 10 -12 -13 -14 -15
leaf_value=0.0020822691760619899 -0.0083017528783716956 -0.0025033145509880616 0.00470611556421845 -0.012857642159916957 0.0088901187114491416 0.008358281014981029 0.011013264479382515 -0.0061631182142599487 -0.00353089993295167 -0.0059666985758500234 0.0043107717598153033 -0.0025030229934215292 0.007814405751778962 -0.00074309411306795585
leaf_weight=87.211836755275726 51.036936104297638 78.401262506842613 96.832732349634171 64.754620745778084 52.282054379582405 56.306502625346184 55.644031137228012 91.321539789438248 48.61578044295311 124.11150692403316 49.104356959462166 79.410135418176651 116.51751708984375 49.842843189835548
leaf_count=359 209 321 400 266 215 232 227 377 200 512 203 325 480 208
internal_value=0.000151297 0.00287778 -0.000546497 -0.00122156 -9.13292e-05 0.000593482 0.00581579 -0.000177548 -0.0011317 2.80462e-05 -0.00301397 0.0022 0.0044687 0.00424351
internal_weight=1101.39 221.257 880.137 783.304 718.549 667.512 142.856 615.23 509.081 417.759 173.216 244.543 165.133 106.149
internal_count=4534 907 3627 3227 2961 2752 586 2537 2097 1720 715 1005 680 440
is_linear=0
shrinkage=0.03


Tree=198
num_leaves=15
num_cat=0
split_feature=9 11 9 13 17 18 20 3 17 11 17 0 14 9
split_gain=4.19921 5.50952 5.10315 3.70395 7.28283 4.73477 3.54488 2.56545 7.85365 4.78439 2.73461 2.53088 2.7306 3.01936
threshold=0.2112887573048908 0.21163471682404042 0.15120557057743508 0.44827586206896092 0.090869610531622236 -0.61987668550332997 -0.15098376217782147 0.086956521739130446 -0.35837791494765781 0.34016447154639079 -0.86969021248302891 0.20000000000001336 0.20000000000000892 -0.043743238528072645
decision_type=2 2 2 2 2 2 2 2 2 2 2 2 2 2
left_child=2 6 3 7 5 -5 -2 11 10 -10 -9 -1 13 -13
right_child=1 -3 -4 4 -6 -7 -8 8 9 -11 -12 12 -14 -15
leaf_value=-0.0038111271534979254 -0.0061924894558295258 0.010129315449429268 -0.0093280747771026049 -0.006005889441115294 -0.011905968018242554 0.0062406819711233984 0.0042165494149395341 -0.0024551800051385614 -0.0023080486913849138 0.0075552148855223345 -0.012192710980198007 0.0029639596421860721 0.0055351589489782867 -0.0051449512556843383
leaf_weight=56.125715374946594 49.193208396434784 66.736905574798584 61.662855356931686 48.827737480401993 67.040276780724525 55.209735900163651 59.547590002417564 49.30569152534008 95.143395707011223 75.052582070231438 58.238522946834564 115.19720460474491 165.39745084941387 57.987102195620537
leaf_count=230 200 272 252 202 276 230 244 202 392 310 239 483 679 239
internal_value=-0.000508576 0.00367482 -0.00133529 -0.000699484 -0.00457322 0.000481177 -0.000557608 0.000312515 -0.00187699 0.00213292 -0.00803577 0.00185739 0.00283883 0.000180679
internal_weight=1080.67 175.478 905.188 843.525 171.078 104.037 108.741 672.448 277.74 170.196 107.544 394.707 338.582 173.184
internal_count=4450 716 3734 3482 708 432 444 2774 1143 702 441 1631 1401 722
is_linear=0
shrinkage=0.03


Tree=199
num_leaves=15
num_cat=0
split_feature=19 15 17 15 17 13 19 13 18 8 8 11 17 1
split_gain=4.55115 4.09305 8.01554 7.08453 3.96011 3.69551 3.66995 4.53178 3.36404 2.7347 3.82009 5.71847 2.86843 2.67113
threshold=-0.021234668373036808 -0.26944859482157796 -0.20861653364745505 0.29938890424115661 -0.1366275733361639 0.14017543859647683 0.24819062851119864 0.18644067796609948 1.2375153141368791 -0.065215855936883907 0.20187461300609885 0.42575189027154275 -0.59539027128791355 -1.0000000180025095e-35
decision_type=2 2 2 2 2 2 2 2 2 2 2 2 2 2
left_child=1 2 -1 -3 -5 -4 7 -2 9 -8 12 -12 -11 -14
right_child=6 3 5 4 -6 -7 8 -9 -10 10 11 -13 13 -15
leaf_value=-0.0013492462200820666 0.00066843172136698246 -0.0052416187688735377 0.01424327520021987 0.010463166361666935 -0.00066694936645642371 0.0045440365185387055 -0.004910874682214298 -0.010824261460778039 -0.0073748205297221705 0.0096662153330731807 -0.0087875535882285718 0.0043209760793023848 0.0060997745248737847 -0.0020160843569322659
leaf_weight=126.06743392348289 48.727115526795387 145.34454500675201 61.119364678859711 50.083982422947884 59.055046051740646 91.864870682358742 68.081908091902733 76.768806934356689 54.396337598562241 53.334655836224556 59.797682225704193 51.45577335357666 61.176074340939522 77.388561487197876
leaf_count=515 200 597 249 209 243 376 281 315 223 223 248 214 252 322
internal_value=-0.00020143 0.00176526 0.00424244 -0.000980476 0.00467528 0.00874716 -0.0021041 -0.00650728 -0.000745349 0.000311154 0.00154457 -0.00279965 0.00407026 0.0016547
internal_weight=1084.66 533.535 279.052 254.484 109.139 152.984 551.127 125.496 425.631 371.235 303.153 111.253 191.899 138.565
internal_count=4467 2189 1140 1049 452 625 2278 515 1763 1540 1259 462 797 574
is_linear=0
shrinkage=0.03


Tree=200
num_leaves=15
num_cat=0
split_feature=8 10 17 13 7 13 8 17 13 5 16 16 19 16
split_gain=3.79133 4.221 3.12266 3.80947 2.98945 3.86463 3.21816 3.0487 3.44768 4.33481 3.14396 3.70307 3.71136 2.44806
threshold=0.16485981230234018 -1.0000000180025095e-35 0.70598953847894996 0.18644067796609948 -0.33333333333333331 0.21132478632479607 0.12116879149905892 -1.3499958287963962 0.22499999999998893 -0.068523731199213664 0.26003079759410586 -0.26053043863567776 -0.41648346960594379 -0.19488100225800395
decision_type=2 2 2 2 2 2 2 2 2 2 2 2 2 2
left_child=4 -2 3 -3 5 13 7 -6 9 -9 11 12 -10 -1
right_child=1 2 -4 -5 6 -7 -8 8 10 -11 -12 -13 -14 -15
leaf_value=0.006352018029883306 -0.0090872804448863878 -0.0033333675480889473 -0.0058205636106674116 0.0075464156740372304 0.0074809271579344408 -0.0061561066109324623 0.0084670504705129778 -0.0053163481226457697 0.0062286733940899019 0.0024077287938340281 -0.0037395957917558558 0.0096019086231880057 -0.0029733524265139906 -0.0026817969858439652
leaf_weight=49.127820819616318 75.861717149615288 51.75242392718792 62.239426165819168 55.105431243777275 55.250830069184303 107.64239229261875 53.735598251223564 150.82523357868195 70.097620815038681 108.75148490071297 51.226986259222031 71.70702300965786 78.610085070133209 49.707330897450447
leaf_count=201 312 215 257 228 229 443 223 617 288 447 211 299 324 204
internal_value=-0.000199862 -0.00344769 -0.00072929 0.00236375 0.00075451 -0.00234697 0.00176523 0.00108479 0.000355985 -0.00209595 0.00269455 0.0042397 0.0014258 0.00189827
internal_weight=1091.64 244.959 169.097 106.858 846.682 206.478 640.205 586.469 531.218 259.577 271.642 220.415 148.708 98.8352
internal_count=4498 1012 700 443 3486 848 2638 2415 2186 1064 1122 911 612 405
is_linear=0
shrinkage=0.03


Tree=201
num_leaves=15
num_cat=0
split_feature=14 19 19 19 19 3 19 11 8 3 8 18 14 7
split_gain=2.87146 5.34351 3.56849 7.82842 3.08127 2.93339 3.49163 4.01734 3.94919 2.99026 4.82426 2.89493 2.1753 3.92617
threshold=0.21428571428568599 -0.88100312053596574 0.18208407729772411 0.5935447254763907 0.91149934862033677 -0.39130434782608686 0.5459002590975871 -0.12291942959667752 0.139057331112272 0.086956521739130446 -0.15226074808877191 0.049292667362132593 0.29658564814817906 0.33333333333333337
decision_type=2 2 2 2 2 2 2 2 2 2 2 2 2 2
left_child=5 -2 12 -4 -5 -1 8 -8 9 10 -7 -11 -3 -14
right_child=1 2 3 4 -6 6 7 -9 -10 11 -12 -13 13 -15
leaf_value=-0.0046977414104829142 -0.0089154526268754881 -0.0031596243921040881 -0.0095029051256862868 0.0062613581728266842 -0.0024701762059078794 0.011319392858736125 -0.0082001942870581074 0.0020832341755429159 0.010392252417330456 0.00224987291800555 0.00033664573718915672 -0.0061986749479853685 0.0005241381963121851 0.010047497887754563
leaf_weight=67.040935665369034 82.365374550223351 59.03886641561985 102.22301918268204 57.840158343315125 81.912320956587791 56.242678016424179 54.098413899540901 77.482743099331856 55.170918866991997 85.831546857953072 88.088919058442116 56.296503901481628 137.56978818774223 49.690571963787079
leaf_count=278 337 241 418 238 339 232 227 321 227 355 366 231 561 203
internal_value=-0.000604091 -0.00207971 -0.000847932 -0.00340177 0.00123505 0.000959306 0.00180149 -0.00229012 0.0033877 0.00188352 0.00485207 -0.0011935 0.00167884 0.00324679
internal_weight=1110.89 570.64 488.275 241.975 139.752 540.253 473.212 131.581 341.631 286.46 144.332 142.128 246.299 187.26
internal_count=4574 2337 2000 995 577 2237 1959 548 1411 1184 598 586 1005 764
is_linear=0
shrinkage=0.03


Tree=202
num_leaves=15
num_cat=0
split_feature=18 13 8 19 17 17 16 16 5 16 20 17 16 11
split_gain=3.79601 3.3194 2.8749 4.50418 7.04079 4.19121 5.30344 4.68408 5.05075 5.3204 4.08414 3.61588 2.84929 2.32285
threshold=0.94168717251320844 0.14705882352939501 -0.15043776427752723 0.48149998800737237 -0.10434638759108582 0.048205813823535677 0.028854799345835867 0.60417258767580562 0.059509108166436571 -0.31423860827306965 0.49602038198374049 0.52426685752615787 0.44478741505848235 0.4499770807107531
decision_type=2 2 2 2 2 2 2 2 2 2 2 2 2 2
left_child=2 -2 13 5 12 7 -7 8 9 -4 -6 -8 -5 -1
right_child=1 -3 3 4 10 6 11 -9 -10 -11 -12 -13 -14 -15
leaf_value=0.0037925647687481133 0.0082543972785324559 1.3458636870806465e-05 -0.012071121280160111 0.011087170027073686 -0.0088765036284490558 0.0045913599788734603 0.00027122530489348133 0.00046937290549770955 -0.016989510384480377 0.00041764480916843565 0.0014144256937983501 -0.0098619260305491223 0.0013468923024071409 -0.0022081692671578027
leaf_weight=144.46204806864262 69.677496790885925 107.08530935645103 53.917482167482376 53.611580163240433 62.752773568034172 84.418113067746162 60.996079549193382 56.990830406546593 50.58082427084446 63.430817440152168 68.750684916973114 60.390801265835762 53.082006573677063 90.731592491269112
leaf_count=594 285 438 222 226 261 347 251 234 208 262 286 249 219 372
internal_value=-0.000561656 0.00339963 -0.00135056 -0.00234934 0.00094974 -0.00416373 -0.00102668 -0.00694944 -0.00940797 -0.00557932 -0.00364161 -0.0049608 0.00651843 0.00147986
internal_weight=1080.88 176.763 904.116 668.922 238.197 430.725 205.805 224.92 167.929 117.348 131.503 121.387 106.694 235.194
internal_count=4454 723 3731 2765 992 1773 847 926 692 484 547 500 445 966
is_linear=0
shrinkage=0.03


Tree=203
num_leaves=15
num_cat=0
split_feature=18 18 11 11 19 18 11 9 0 17 9 15 15 11
split_gain=4.80244 3.02394 2.47384 3.97911 3.63798 2.95375 2.67946 5.67146 6.78005 4.15746 2.95395 3.60278 5.58437 3.87258
threshold=-1.7607264530832054 -1.3047483055282021 -0.98032386650013315 -0.61391464463338508 -0.23984070390746628 0.031616824120719624 -0.18559062886127314 -0.18394953377822379 0.7631578947368407 -0.23105620497352566 -0.10461476091872696 -0.39471724823241922 -0.7461116738139556 1.0275237263834058
decision_type=2 2 2 2 2 2 2 2 2 2 2 2 2 2
left_child=-1 -2 4 5 -3 -4 9 -8 10 -5 -9 12 -12 -13
right_child=1 2 3 6 -6 -7 7 8 -10 -11 11 13 -14 -15
leaf_value=0.0074560955491670636 -0.0077303186891134433 -0.0032295338335531936 -0.011855982114807772 -0.0032029227851380591 0.0065054581394656391 -0.0018999037168414249 0.00517191203293145 -0.0068500339492189059 -0.010447612696280905 0.0062409399966286113 -0.0022230534677730868 -0.0042893960827510768 0.01105072133984281 0.0048692083911474511
leaf_weight=54.170657381415367 57.615382820367813 52.665341302752495 49.121182277798653 65.093752562999725 83.644968077540398 57.724757924675941 86.607695326209068 65.719290107488632 84.372377619147301 101.76550351083279 55.454989343881607 176.90524806082249 50.871288493275642 49.340667217969894
leaf_count=224 238 216 203 269 346 236 360 272 346 418 228 728 208 204
internal_value=-0.000865311 -0.00133374 -0.000920046 -0.00152838 0.00276303 -0.00680249 -0.000722143 -0.00170131 -0.002975 0.00257078 -0.00128213 -9.6703e-05 0.00433881 -0.00222995
internal_weight=1091.07 1036.9 979.287 842.977 136.31 106.846 736.131 569.272 482.664 166.859 398.291 332.572 106.326 226.246
internal_count=4496 4272 4034 3472 562 439 3033 2346 1986 687 1640 1368 436 932
is_linear=0
shrinkage=0.03


Tree=204
num_leaves=15
num_cat=0
split_feature=8 15 7 18 15 7 11 17 15 17 17 19 17 5
split_gain=2.48957 3.81961 3.17572 4.48135 3.12244 3.47141 4.87552 4.1848 6.10941 3.37221 3.06738 5.17679 2.74262 2.6736
threshold=0.16485981230234018 -1.2922240129528129 0.33333333333333337 0.031616824120719624 -0.97880177203556229 0.33333333333333337 0.28267434361373411 -0.86969021248302891 -0.24298316697643269 0.028791742273938128 0.3859461104431941 -0.28681063920261018 0.79239729416685989 0.089148279366531316
decision_type=2 2 2 2 2 2 2 2 2 2 2 2 2 2
left_child=1 -1 3 -2 -3 7 9 -6 -9 -7 11 -10 -12 -13
right_child=2 4 -4 -5 5 6 -8 8 10 -11 12 13 -14 -15
leaf_value=-0.0058795903814824 -0.0064843164180159677 0.0080590330001557436 -0.0085793703279427938 0.0028077526969225077 -0.005771600360284789 -0.0027568044717742506 0.011819174938501259 0.0059494373469896333 0.007613235184267585 0.0062534784530016993 -0.0099465249057095178 -0.0063567084145792286 -0.00045695727374988975 0.0022782743449968816
leaf_weight=67.432290062308311 70.247357621788979 52.468517869710922 57.015452742576599 118.38741831481457 102.43164266645908 80.807270333170891 49.538585439324379 137.05019417405128 60.100630506873131 61.5219516903162 54.580904066562653 71.642369493842125 51.698908343911171 52.235261127352715
leaf_count=275 290 215 236 488 425 334 204 561 249 253 224 296 212 217
internal_value=-6.12232e-05 0.000716678 -0.00268717 -0.000730687 0.00132535 0.00078365 0.00418576 -0.000476185 0.000845271 0.00121795 -0.00162468 0.000734639 -0.00555835 -0.00276848
internal_weight=1087.16 841.509 245.65 188.635 774.076 721.608 191.868 529.74 427.308 142.329 290.258 183.978 106.28 123.878
internal_count=4479 3465 1014 778 3190 2975 791 2184 1759 587 1198 762 436 513
is_linear=0
shrinkage=0.03


Tree=205
num_leaves=15
num_cat=0
split_feature=16 18 18 19 15 14 7 14 19 15 5 14 6 14
split_gain=3.72857 2.83948 3.9762 3.20682 5.00547 4.97443 4.92546 10.6177 5.84633 3.67151 3.51965 3.0013 2.37939 2.16863
threshold=-1.2900399389393746 -1.6177403225060987 -1.1593232244571066 -1.1162437648827452 0.15196956454146071 0.062499999999992416 0.33333333333333337 0.27311577311584995 -0.19495817809460414 -0.34027110411958789 -0.068523731199213664 0.12500000000000774 -0.13868220837283501 0.21680376028202772
decision_type=2 2 2 2 2 2 2 2 2 2 2 2 2 2
left_child=-1 -2 -3 -4 6 -6 8 -8 9 -5 -10 -7 -12 -13
right_child=1 2 3 4 5 11 7 -9 10 -11 12 13 -14 -15
leaf_value=0.0060976305603221391 0.0055865468174041456 -0.0077833801025875499 -0.0058411468968396184 0.012665352110606791 0.0039537981041928294 -0.010422493258375225 -0.010503770118912436 0.0071468107163635422 -0.0056409690095092805 0.0024782822422625994 -0.0016707547408219552 0.002317185745694306 0.0065231294698829562 -0.0041773122120162725
leaf_weight=85.1865603774786 64.433482572436333 61.30964757502079 76.27806656062603 86.067607507109642 87.521909400820732 49.74596680700779 63.314378812909126 51.026387512683868 49.233951807022095 53.447218269109726 48.840780109167099 58.91062967479229 78.561236947774887 172.71618649363518
leaf_count=349 266 254 313 352 369 207 261 209 202 219 202 242 322 711
internal_value=0.000254843 -0.000270009 -0.000700266 -0.000162967 0.000411789 -0.00213713 0.00259545 -0.0026575 0.00450706 0.00898352 0.00082139 -0.00406768 0.00343746 -0.00251148
internal_weight=1086.59 1001.41 936.974 875.664 799.386 368.895 430.492 114.341 316.151 139.515 176.636 281.373 127.402 231.627
internal_count=4478 4129 3863 3609 3296 1529 1767 470 1297 571 726 1160 524 953
is_linear=0
shrinkage=0.03


Tree=206
num_leaves=15
num_cat=0
split_feature=11 11 11 20 16 11 16 16 8 11 20 20 9 0
split_gain=3.98378 5.96377 4.63889 4.27773 3.49186 4.18743 3.44106 2.65284 4.27609 2.46216 4.28036 5.91057 3.09956 1.8762
threshold=-0.9983866269363989 -0.77213670377924204 -0.46952205464788171 -1.1417610698548004 -1.0377140254585255 1.2195734902161643 -1.0000000180025095e-35 0.60417258767580562 0.25510256920198743 -0.076595658321379365 0.49602038198374049 0.055549824516852746 -0.073835296674365544 0.37499999999991335
decision_type=2 2 2 2 2 2 2 2 2 2 2 2 2 2
left_child=6 -2 -3 -4 -5 7 -1 9 -9 13 11 12 -11 -6
right_child=1 2 3 4 5 -7 -8 8 -10 10 -12 -13 -14 -15
leaf_value=0.00050210573743807586 -0.0078201716787073775 0.006196267424823103 0.0064267294915166424 -0.0069080490391457529 -0.0072290445316419028 0.0068947949805983483 0.0092288260092534338 -0.0081828688862279533 0.00107805633961054 0.0080436691985976815 0.0082620641059658068 -0.0085423701342439758 -0.0010903276865672604 0.00032272160360111661
leaf_weight=79.906682580709457 76.745660394430161 112.56954564154148 73.222466886043549 74.074424549937248 49.83275593817234 61.720745772123337 79.11403426527977 95.010420888662338 79.506158977746964 56.074002534151077 67.040262177586555 51.108966007828712 71.605823695659637 63.48162879049778
leaf_count=329 316 464 301 303 205 255 329 391 330 233 276 211 293 261
internal_value=0.000681285 -7.70642e-05 0.000659179 -0.000215916 -0.000984721 -0.000196376 0.0049927 -0.0010729 -0.00405127 0.000410122 0.0020876 -0.000389414 0.00307306 -0.0031635
internal_weight=1091.01 931.993 855.247 742.678 669.455 595.381 159.021 533.66 174.517 359.143 245.829 178.789 127.68 113.314
internal_count=4497 3839 3523 3059 2758 2455 658 2200 721 1479 1013 737 526 466
is_linear=0
shrinkage=0.03


Tree=207
num_leaves=15
num_cat=0
split_feature=8 4 4 18 16 11 16 20 17 13 17 18 16 14
split_gain=3.61448 3.32181 4.47591 3.45402 3.08186 4.69064 4.45617 2.40869 2.56405 2.41492 4.13991 3.80124 4.99142 3.7822
threshold=-0.13550245435640276 1.094935194079018 0.93269762767773778 -0.11099112286591013 -0.29785402500960395 0.13131152808204982 -0.15149534973340428 -0.13207970135276714 -1.0000000180025095e-35 0.18644067796609948 0.29570375832976009 0.27812166420300682 0.57066360050685161 0.27777777777774926
decision_type=2 2 2 2 2 2 2 2 2 2 2 2 2 2
left_child=1 2 -1 -4 5 -2 -6 8 -8 11 13 12 -9 -11
right_child=4 -3 3 -5 6 -7 7 9 -10 10 -12 -13 -14 -15
leaf_value=0.0060212072674502935 -0.0089392565984139968 0.0081913869577227086 -0.0062805197398281129 0.0033866216794583319 0.007244325173120774 0.0022180987688565691 -0.0075319862521289098 0.00056903665768626187 0.00035410192459008115 0.0011029222285213625 -0.0019149066296935027 0.001707501800759694 -0.012502282953907547 0.011549663271286452
leaf_weight=84.563125103712082 92.309538081288338 69.629460975527763 81.446410775184631 50.006828486919403 58.892701521515846 49.473333284258842 86.28915436565876 48.771049156785011 61.7903783172369 71.727717086672783 120.48714922368526 100.57617573440075 51.006587028503418 51.854510679841042
leaf_count=348 379 285 335 204 244 204 357 201 254 301 495 416 213 212
internal_value=-0.000133354 0.0027317 0.000826351 -0.00261365 -0.00117579 -0.0051031 -0.000288607 -0.00109171 -0.00433721 2.58954e-05 0.0020114 -0.00238292 -0.0063908 0.00576499
internal_weight=1078.82 285.646 216.016 131.453 793.178 141.783 651.395 592.503 148.08 444.423 244.069 200.354 99.7776 123.582
internal_count=4448 1172 887 539 3276 583 2693 2449 611 1838 1008 830 414 513
is_linear=0
shrinkage=0.03


Tree=208
num_leaves=15
num_cat=0
split_feature=11 7 5 0 16 0 6 18 5 16 7 16 0 13
split_gain=4.0579 4.83598 3.51882 4.53072 5.99454 5.97788 4.65383 4.3476 5.59514 5.7066 6.54533 3.6029 4.51886 2.99391
threshold=1.1551078393801328 1.0000000180025095e-35 0.3831403560783892 0.42857142857143238 1.0000000180025095e-35 0.62499999999992784 -0.058053579099735235 0.487697223371022 -0.31940291218084893 -0.3432014956656127 1.0000000180025095e-35 -0.89017597413140048 0.54999999999996685 0.34375000000001038
decision_type=2 2 2 2 2 2 2 2 2 2 2 2 2 2
left_child=2 -2 3 7 11 -6 -7 8 -1 -10 -11 -5 -13 -9
right_child=1 -3 -4 4 5 6 -8 13 9 10 -12 12 -14 -15
leaf_value=0.0077014595099288898 0.011717710057635613 -0.00086848211861428328 0.0043967087360938968 -0.0052398998348701003 -0.012623700524145942 0.0038725259355865712 -0.0080685811673570015 0.0010774601114838332 -0.01015883868632809 -0.0056283515961319669 0.005500283887493654 0.0093649345311913306 -0.00071674695756933457 0.010447217513965851
leaf_weight=53.403230205178261 53.345799580216408 50.711634039878845 122.18633018434048 78.24686361849308 85.510785892605782 55.325627610087395 52.793183416128159 60.297228172421455 61.232597500085831 86.932122841477394 93.562716260552406 51.465345278382301 135.19326178729534 60.340092822909355
leaf_count=220 220 210 508 321 353 230 216 246 251 358 386 212 560 249
internal_value=0.000331005 0.00582532 -0.000268952 -0.000942285 -0.00298396 -0.00692383 -0.0020571 0.00131811 -0.000660911 -0.00262699 0.000133139 -2.92475e-05 0.00223476 0.00599326
internal_weight=1100.55 104.057 996.489 874.303 458.535 193.63 108.119 415.768 295.131 241.727 180.495 264.905 186.659 120.637
internal_count=4540 430 4110 3602 1892 799 446 1710 1215 995 744 1093 772 495
is_linear=0
shrinkage=0.03


Tree=209
num_leaves=15
num_cat=0
split_feature=4 11 16 17 17 5 1 4 4 0 9 6 17 8
split_gain=4.22385 4.40998 5.26126 4.53843 3.39475 3.23119 3.04877 6.92659 3.03471 2.94958 2.55593 5.61381 2.4725 2.42252
threshold=1.0521189635714259 0.35646066646409241 -0.29785402500960395 0.059682406937232826 0.84543701414658334 -0.45629405822748087 0.25000000000000006 0.94991854175178914 0.95839111090271112 0.34917588620457146 -0.12681940599130148 0.027651044536629591 1.3489308854143771 0.076529029274122432
decision_type=2 2 2 2 2 2 2 2 2 2 2 2 2 2
left_child=4 2 -2 -4 5 -1 8 -8 10 -10 -7 -12 -6 -3
right_child=1 13 3 -5 12 6 7 -9 9 -11 11 -13 -14 -15
leaf_value=0.0065974817655808657 -0.011486685247556198 0.0046957038306415693 0.0042857406959572976 -0.0066550320127252791 0.0086652356603916913 0.0035741339640363483 -0.0030363207349159327 0.0091465976154027247 -0.010409390741676228 -0.00172543091641889 -0.0074725003608080163 0.003268465482375779 0.0002398060493892899 -0.0035606987793935429
leaf_weight=57.07891571521759 79.180879265069962 74.883650258183479 57.754050463438034 70.386774852871895 75.639079928398132 102.34279294312 83.585793793201447 75.8424162119627 57.01967690885067 87.139415323734283 85.787065714597702 80.463976174592972 51.758618548512459 48.741645961999893
leaf_count=234 325 307 239 291 311 425 348 315 233 359 354 329 212 201
internal_value=-0.000222908 -0.00302417 -0.00565045 -0.00174818 0.00101412 9.46656e-05 -0.000605567 0.00286118 -0.00196283 -0.00539402 -5.63346e-05 -0.00233032 0.00538051 0.00142858
internal_weight=1087.6 330.947 207.322 128.141 756.658 629.26 572.181 159.428 412.753 144.159 268.594 166.251 127.398 123.625
internal_count=4483 1363 855 530 3120 2597 2363 663 1700 592 1108 683 523 508
is_linear=0
shrinkage=0.03


Tree=210
num_leaves=15
num_cat=0
split_feature=0 19 14 8 9 0 6 9 19 15 6 9 3 14
split_gain=3.40366 3.16766 4.98962 4.07727 4.84766 3.89047 3.76907 3.2156 2.84053 2.53411 2.12884 4.99523 4.75702 4.13775
threshold=0.07142857142856153 0.095257677244164965 0.18749999999997727 -0.24471897627757319 -0.090069977374973353 0.8268693596905935 0.05572591000648431 -0.08462604859815144 1.1680560262259481 0.21925318465901034 -0.082182695244570156 -0.00843628208620501 -0.21739130434782605 0.28571428571421781
decision_type=2 2 2 2 2 2 2 2 2 2 2 2 2 2
left_child=-1 3 6 4 -2 10 7 -3 9 -4 12 -12 -5 -14
right_child=1 2 8 5 -6 -7 -8 -9 -10 -11 11 -13 13 -15
leaf_value=0.0052153019410656623 -0.010896156461389783 0.0014147721367083054 -0.010450312320461808 0.012307781042165568 0.0010594862521983749 -0.005478768881138507 0.0061060325549117849 -0.0077543234086122868 0.00067786582519275965 -0.0033369860841823171 -0.0069821655510466244 0.003589942666599301 0.0068459811604770909 -0.0039101405418107147
leaf_weight=86.912100985646248 48.666931346058846 85.552871540188789 98.937144160270691 56.076192706823349 68.939794704318047 49.599209889769554 71.136631861329079 51.243325501680374 51.106547102332115 91.620054513216019 48.575610920786858 157.07616965472698 64.577613636851311 55.43100044131279
leaf_count=358 200 363 405 231 282 204 292 213 213 378 200 642 268 228
internal_value=-0.000312149 -0.000816842 -0.00266981 0.000711183 -0.00413048 0.0020635 0.000736737 -0.00217225 -0.0055564 -0.00720298 0.00310164 0.000986321 0.00547669 0.00192013
internal_weight=1085.45 998.539 449.597 548.943 117.607 431.336 207.933 136.796 241.664 190.557 381.737 205.652 176.085 120.009
internal_count=4477 4119 1864 2255 482 1773 868 576 996 783 1569 842 727 496
is_linear=0
shrinkage=0.03


Tree=211
num_leaves=15
num_cat=0
split_feature=0 0 15 6 6 16 5 15 5 17 12 4 6 16
split_gain=2.8159 5.61777 3.75138 6.50683 4.80845 2.59631 5.34043 6.82633 3.50535 3.93243 4.08391 4.2188 1.98864 1.39211
threshold=0.85584415584400853 0.7586206896551474 0.53788656543350821 0.1115276222470027 -0.13868220837283501 -0.6874273852567242 -0.074906084785037477 -0.68248359508220469 0.028889270842414608 -0.69566878086705353 1.0000000180025095e-35 0.96926547053491541 0.015434911752542026 -0.18716808951264038
decision_type=2 2 2 2 2 2 2 2 2 2 2 2 2 2
left_child=1 2 5 4 -4 12 13 -8 -9 -10 11 -11 -1 -7
right_child=-2 -3 3 -5 -6 6 7 8 9 10 -12 -13 -14 -15
leaf_value=-0.00045070200333676086 0.0045881252968947746 -0.00736417235893869 0.001626855501884406 -0.004852358662390705 0.012997074753512899 -0.0042360657679194258 0.0092217929331409165 0.0049550098865495515 -0.010300121495962941 0.00100962552879316 0.0045126321653510123 -0.0087677671614989957 0.0061047535395553458 -0.01036384714592431
leaf_weight=100.06510783731937 91.616803243756294 99.345578014850616 70.42454095184803 52.759522438049316 61.779069289565086 116.80337911844254 55.931255087256432 54.301440924406052 49.873773410916328 75.899532958865166 69.804284453392029 76.237539559602737 65.580756545066833 51.49650913476944
leaf_count=412 377 408 296 217 259 479 230 223 206 312 289 313 268 212
internal_value=-0.000305607 -0.00077441 -1.11452e-05 0.0037395 0.0072202 -0.000999266 -0.00198792 -6.46242e-06 -0.00170453 -0.00310039 -0.00129121 -0.00401302 0.00224749 -0.00635597
internal_weight=1091.92 1000.3 900.957 184.963 132.204 715.994 550.348 382.048 326.117 271.815 221.941 152.137 165.646 168.3
internal_count=4501 4124 3716 772 555 2944 2264 1573 1343 1120 914 625 680 691
is_linear=0
shrinkage=0.03


Tree=212
num_leaves=15
num_cat=0
split_feature=19 3 8 5 13 13 16 3 18 4 4 13 5 5
split_gain=2.97391 2.78766 6.29667 2.6263 2.71617 2.42124 4.40757 5.03389 4.68628 4.7165 3.60889 3.46094 3.41356 2.77761
threshold=-0.67151524674348273 0.34782608695652178 0.0017483455831857244 -0.46353457356468369 0.22499999999998893 0.33333333333339948 0.18628896793334926 1.0000000180025095e-35 -0.25223699947365058 0.97915140456376781 0.95705550032240427 0.166666666666659 0.11325593832586646 -0.13565545514633434
decision_type=2 2 2 2 2 2 2 2 2 2 2 2 2 2
left_child=3 5 -3 -1 -5 6 8 11 9 -2 -10 -8 13 -7
right_child=1 2 -4 4 -6 12 7 -9 10 -11 -12 -13 -14 -15
leaf_value=0.0012889555732253613 -0.0020784090005111855 0.0032754451226729639 -0.0090956034229219881 -0.0091182405006231503 -0.0015095128080205005 -0.002061393322453981 -0.0023149301996184448 0.010051282768646528 0.0015345236682525244 0.010305593896379292 -0.0084218981333752437 0.0067875496168629595 -0.0052571531650247062 0.0067228910225335357
leaf_weight=74.069787040352821 53.912388160824776 65.321029528975487 74.877855136990547 82.452538967132568 86.262610167264938 67.116900637745857 88.021825149655342 101.48307178914547 53.216902315616608 49.03038227558136 75.027706027030945 58.424734741449356 104.2263752669096 54.639358416199684
leaf_count=303 223 268 310 338 355 278 365 419 219 202 307 241 431 228
internal_value=-0.000472263 0.000372852 -0.00341741 -0.00336283 -0.00538338 0.00114525 0.00234483 0.00508225 -0.00063627 0.00402409 -0.00438779 0.0014207 -0.00139375 0.00199034
internal_weight=1088.08 845.299 140.199 242.785 168.715 705.1 479.117 247.93 231.187 102.943 128.245 146.447 225.983 121.756
internal_count=4487 3491 578 996 693 2913 1976 1025 951 425 526 606 937 506
is_linear=0
shrinkage=0.03


Tree=213
num_leaves=15
num_cat=0
split_feature=17 20 14 17 0 20 7 18 4 17 4 6 20 0
split_gain=3.62552 2.33212 4.08568 6.93467 4.58651 5.01848 6.19701 6.67448 6.26305 5.63592 4.72756 3.85316 3.22598 4.67614
threshold=1.5012498407336701 0.50701762004727613 1.0000000180025095e-35 -0.29214342741762517 0.7586206896551474 0.15829931025826885 1.0000000180025095e-35 -0.61987668550332997 0.95469803401694309 -0.63769986548013058 0.9971390739407201 0.27154587024162352 0.72520107038175607 0.42857142857143238
decision_type=2 2 2 2 2 2 2 2 2 2 2 2 2 2
left_child=1 2 3 -1 5 6 7 -4 -9 -8 -7 12 -3 -14
right_child=-2 11 4 -5 -6 10 9 8 -10 -11 -12 -13 13 -15
leaf_value=-0.0020930927887189092 -0.0063460237865594999 0.0065458562594698285 -0.0084225592971805211 0.012960174857925508 -0.0072225320938158252 0.0008308750753234362 0.011628761564411307 -0.0054495211435430929 0.0068214599287124787 0.0016633160683900247 -0.011192352932751885 0.0098990972699831703 0.004544794385542384 -0.0053695042863021961
leaf_weight=51.901379331946373 57.1169054210186 73.426681280136108 80.650935664772987 50.940239757299423 79.132062122225761 57.004954695701599 75.179175183176994 56.955966278910637 90.454067140817642 146.41801877319813 54.468153536319733 58.866803541779518 74.237799495458603 88.314478829503059
leaf_count=218 233 304 331 214 325 236 312 234 371 599 226 241 307 367
internal_value=0.000700857 0.0011172 0.000214575 0.00561838 -0.000690215 0.00028664 0.00170754 -0.00175016 0.00205699 0.00522619 -0.00527221 0.00335059 0.00154552 -0.000841128
internal_weight=1095.07 1037.95 743.105 102.842 640.263 561.131 449.658 228.061 147.41 221.597 111.473 294.846 235.979 162.552
internal_count=4518 4285 3066 432 2634 2309 1847 936 605 911 462 1219 978 674
is_linear=0
shrinkage=0.03


Tree=214
num_leaves=15
num_cat=0
split_feature=17 3 11 13 20 15 20 11 0 0 11 5 10 5
split_gain=3.34645 5.62776 8.11638 3.63648 3.27172 4.73262 3.45955 2.82153 2.56951 4.52094 3.4599 2.62952 5.45663 7.14634
threshold=0.43890790752086267 -0.34782608695652167 0.16106596243066856 0.23809523809522351 0.49602038198374049 -0.079336497440762585 0.22393579205959288 0.53749113144731575 0.71428571428574761 0.62857142857143222 0.97125350869682026 -0.21646528104438051 -1.0000000180025095e-35 0.068398996641537216
decision_type=2 2 2 2 2 2 2 2 2 2 2 2 2 2
left_child=4 -2 3 -3 6 -6 8 -4 9 10 11 -1 -13 -14
right_child=1 2 7 -5 5 -7 -8 -9 -10 -11 -12 12 13 -15
leaf_value=0.0054893095993619745 0.0067057582109142141 -0.012594976728611609 0.0067589230242797163 -0.0033303931244242683 -0.0013045408494634693 0.0091712460899367604 -0.0053624890925431682 -0.0017082587720542175 -0.0028557296479421773 0.010197742524031508 -0.0060362107577924453 0.0053065571735889019 -0.012467335986243675 0.0030027168030923269
leaf_weight=124.21653142571449 49.692422568798065 81.66579070687294 50.416535407304764 76.747266501188278 61.958795860409737 94.117867574095726 79.283869624137878 94.142242178320885 107.1772036999464 51.055830448865891 48.772619754076004 85.505353346467018 48.336138233542442 51.035098001360893
leaf_count=511 205 335 208 315 255 391 328 387 441 212 202 351 200 211
internal_value=0.000178023 -0.00221396 -0.00376206 -0.00834575 0.00130781 0.0051012 0.000279189 0.00137201 0.00118901 0.00227082 0.00101497 0.00220597 -8.65309e-05 -0.00475899
internal_weight=1104.12 352.664 302.972 158.413 751.459 156.077 595.383 144.559 516.099 408.922 357.866 309.093 184.877 99.3712
internal_count=4552 1450 1245 650 3102 646 2456 595 2128 1687 1475 1273 762 411
is_linear=0
shrinkage=0.03


Tree=215
num_leaves=15
num_cat=0
split_feature=15 16 8 0 20 14 14 8 4 17 20 0 17 6
split_gain=3.19442 4.00143 2.88809 4.95576 7.72932 4.36648 3.82928 3.64121 4.57606 3.46775 2.59415 1.95188 3.31103 3.8531
threshold=-0.78372394563208159 -0.40807926571037562 -0.046264582354096424 0.82352941176470795 -0.016215023594470641 0.20833333333332141 0.12499999999999568 -0.10193897354407359 1.0934573485973529 -0.46220450680939262 0.15829931025826885 0.68775000000002062 0.84543701414658334 -0.10890243621086788
decision_type=2 2 2 2 2 2 2 2 2 2 2 2 2 2
left_child=1 -1 6 4 5 -4 -2 8 9 -8 -3 12 13 -6
right_child=2 10 3 -5 11 -7 7 -9 -10 -11 -12 -13 -14 -15
leaf_value=-0.0080729414544408185 0.0076607465135352468 0.0051121972994714864 -0.014305117925825601 0.0070851126969433903 0.0030190603164535097 -0.0030247877660301349 0.0012102032500852437 0.0068893781594259367 0.0060980403981754829 -0.008111384240671024 -0.0040890250028297907 -0.0049275717459221048 0.0062575473885485124 -0.0043816263069556757
leaf_weight=91.282910898327827 93.935090884566307 49.385181203484535 52.308185324072838 58.739403590559959 127.32014028728008 74.658253207802773 60.869262531399727 58.410967856645584 49.020985811948776 78.768560498952866 50.995117604732513 48.437202915549278 82.563610941171646 116.50422710180283
leaf_count=373 398 202 218 244 531 306 249 239 200 321 210 200 339 481
internal_value=-0.000237863 -0.0037029 0.000515151 -0.000808859 -0.00179371 -0.00803803 0.00267175 0.000660613 -0.00139597 -0.00414666 0.000465574 0.000399432 0.0012524 -0.000534126
internal_weight=1093.2 191.663 901.536 560.531 501.792 126.966 341.005 247.07 188.659 139.638 100.38 374.825 326.388 243.824
internal_count=4511 785 3726 2319 2075 524 1407 1009 770 570 412 1551 1351 1012
is_linear=0
shrinkage=0.03


Tree=216
num_leaves=15
num_cat=0
split_feature=3 20 6 13 18 18 6 5 13 13 11 20 20 11
split_gain=3.9854 3.49428 8.6733 6.66864 3.98946 4.1066 3.19084 4.10012 3.88731 3.3859 5.84205 5.15685 3.11298 3.32567
threshold=-0.086956521739130418 0.064659233210739145 0.10945255203870026 0.11111111111111455 0.058884508473681187 0.78909705703125654 0.10945255203870026 0.13306654427239786 0.11111111111110655 0.1939964157706193 0.15025754958928841 -0.22601261442450737 -0.27665731187312198 0.064446047945481227
decision_type=2 2 2 2 2 2 2 2 2 2 2 2 2 2
left_child=6 2 12 -3 -5 -6 8 -8 -1 -10 11 -11 13 -2
right_child=1 3 -4 4 5 -7 7 -9 9 10 -12 -13 -14 -15
leaf_value=0.0047411293567078865 -0.0020218106083744903 -0.0072521388224773449 0.010882732861365881 0.0063771700162382119 -0.0078005104568683028 0.0034430141633952339 -0.0099327351850459506 0.00079291689844524491 -0.0091097951136487904 -0.0042501012819192874 -0.0085450541782500968 0.0078273593711116075 -0.0047910178425640583 0.0061477247491947846
leaf_weight=87.444859251379967 76.487338930368423 93.403858944773674 98.270151644945145 99.735878318548203 49.075888499617577 59.212997302412987 81.301511496305466 49.946600958704948 49.088906362652779 49.016053527593613 51.320595502853394 74.265196174383163 67.138272970914841 97.194112703204155
leaf_count=362 315 388 401 413 203 243 333 204 202 203 213 309 277 401
internal_value=3.38403e-05 0.00154186 0.00360881 -0.000804276 0.0021931 -0.00177187 -0.00214243 -0.00597177 -0.000458173 -0.0025499 -0.00050333 0.00304693 0.000479594 0.00259405
internal_weight=1082.9 640.518 339.09 301.429 208.025 108.289 442.384 131.248 311.136 223.691 174.602 123.281 240.82 173.681
internal_count=4467 2641 1394 1247 859 446 1826 537 1289 927 725 512 993 716
is_linear=0
shrinkage=0.03


Tree=217
num_leaves=15
num_cat=0
split_feature=9 18 7 14 14 5 19 6 4 18 19 9 18 4
split_gain=3.49839 4.03455 4.96565 6.33992 8.21487 4.6313 4.83387 7.03538 4.13384 4.43082 3.99463 3.40267 2.82427 2.08465
threshold=-0.33938220870477004 -0.87929890045196613 1.0000000180025095e-35 0.066666666666658048 0.12499999999997399 0.34903052364812398 0.31314778619895706 -0.15301162286134265 0.93396867438281284 0.44338635635579599 0.86331064514010702 -0.1802338901546853 0.50819293285518952 0.97016179633107391
decision_type=2 2 2 2 2 2 2 2 2 2 2 2 2 2
left_child=-1 11 3 -3 -5 6 7 -4 -9 -10 12 -2 -6 -13
right_child=1 2 5 4 10 -7 -8 8 9 -11 -12 13 -14 -15
leaf_value=0.007366707013287674 -0.0098367369579408052 0.0096140688874437382 0.005504419788398285 -0.0097157056284883896 0.0018105109265563666 -0.0080855901848678052 0.005471023321073327 -0.010929022654648839 0.0039275120990707743 -0.006890279898766 -0.0045147062641665413 -0.0052146386756057829 0.008384939168338261 0.0028083627559136481
leaf_weight=54.467555895447731 58.58498252928257 94.540815800428391 72.853574499487877 49.64222577214241 149.5521230250597 74.921115055680275 96.754267200827599 66.67241744697094 60.06244720518589 67.158789798617363 49.529199749231339 50.359314799308777 96.052918091416359 56.9079200476408
leaf_count=226 242 393 299 205 613 313 401 274 246 275 205 209 393 235
internal_value=0.000289117 -0.000113644 0.000703629 0.00294173 0.00100084 -0.00154692 -0.000107819 -0.0021948 -0.00515336 -0.0018277 0.00293521 -0.00433291 0.00449768 -0.00102273
internal_weight=1098.06 1043.59 877.74 439.317 344.776 438.423 363.501 266.747 193.894 127.221 295.134 165.852 245.605 107.267
internal_count=4529 4303 3617 1809 1416 1808 1495 1094 795 521 1211 686 1006 444
is_linear=0
shrinkage=0.03


Tree=218
num_leaves=15
num_cat=0
split_feature=17 18 6 13 0 4 5 5 17 4 0 13 7 6
split_gain=3.02235 6.24322 2.32448 4.61379 3.4634 3.98525 3.31473 3.39471 5.91195 3.98533 7.53517 5.9958 4.47637 3.05418
threshold=1.4647633478518802 1.1068513965188791 0.062015785408222508 0.45161290322578396 0.37931034482756648 0.98279835933168758 -0.34275538397326949 0.20127568010573013 0.30369282987848922 0.91022081481227779 0.60996279454322411 0.21132478632479607 0.33333333333333337 -0.19507956830026094
decision_type=2 2 2 2 2 2 2 2 2 2 2 2 2 2
left_child=1 2 6 4 -4 -6 13 9 -9 11 12 -8 -11 -1
right_child=-2 -3 3 -5 5 -7 7 8 -10 10 -12 -13 -14 -15
leaf_value=5.1716519564321387e-05 -0.0064839641297354082 0.0073765429637594566 0.0054569354606144264 -0.010283792175201562 0.001194771887722732 -0.0088407006413826986 -0.013594061082872411 0.0054427637458695525 -0.0053672287536125924 -0.006394130794120702 0.0073618024064384903 0.00053614043819204412 0.0039136161259345206 0.0098623264296088999
leaf_weight=56.611078172922134 59.782133907079697 93.583718955516815 53.224056527018547 55.088500037789345 78.952724412083626 58.380481258034706 54.274064436554909 153.98233896493912 59.274737641215324 133.11211048066616 75.638377517461777 49.005717918276787 48.411256745457649 52.743673458695412
leaf_count=233 244 386 218 225 324 241 224 639 250 549 315 205 200 218
internal_value=-0.000199921 0.000197334 -0.000561733 -0.00303311 -0.000727657 -0.00323202 0.000342629 -0.000582214 0.00238401 -0.0023458 -0.000306803 -0.0071742 -0.00361389 0.00500787
internal_weight=1082.06 1022.28 928.699 245.646 190.557 137.333 683.053 573.699 213.257 360.442 257.162 103.28 181.523 109.355
internal_count=4471 4227 3841 1008 783 565 2833 2382 889 1493 1064 429 749 451
is_linear=0
shrinkage=0.03


Tree=219
num_leaves=15
num_cat=0
split_feature=4 13 20 6 20 6 6 11 13 18 6 3 6 5
split_gain=3.4552 3.1568 4.68259 4.91787 4.66324 4.45021 4.1156 3.25482 3.22617 3.10979 2.62773 2.46881 2.49424 2.30311
threshold=0.78513882317695993 0.44444444444445247 0.047984083418157915 0.26156958065255365 0.24343296528546474 0.26795081982430824 0.10945255203870026 -0.01163153507549365 0.66666666666667795 -0.51817313871405724 -0.26794091280426569 0.17391304347826089 -0.13868220837283501 -0.034018602939502922
decision_type=2 2 2 2 2 2 2 2 2 2 2 2 2 2
left_child=-1 2 3 6 -4 9 7 13 -3 -6 -9 12 -11 -2
right_child=1 8 4 -5 5 -7 -8 10 -10 11 -12 -13 -14 -15
leaf_value=0.0066710563096512368 0.0022889450661644972 -0.0058167629803183912 -0.0087742192899031221 -0.0046774868680596656 0.0033207564629530238 0.0058428884783766595 0.011548709191684426 0.010370528115882788 0.0019439634382318843 -0.0067022367376663727 0.002159593100269864 -0.0092304897432454597 0.0013126647216814796 -0.0051650314199481696
leaf_weight=60.6632279753685 96.279629975557327 157.55219151079655 66.975237891077995 64.334358796477318 63.956942871212959 75.213805928826332 51.549525111913681 59.214819833636284 65.61283902823925 52.255573496222496 84.93641097843647 54.657668635249138 86.369156375527382 54.110255643725395
leaf_count=252 397 647 279 262 264 307 210 244 277 217 349 226 358 225
internal_value=-2.81904e-06 -0.000424983 0.000450533 0.00268508 -0.00185034 -0.000346132 0.00410082 0.0026263 -0.00354243 -0.00223263 0.00576708 -0.00410764 -0.00183675 -0.000472893
internal_weight=1093.68 1033.02 809.853 410.425 399.428 332.453 346.091 294.541 223.165 257.239 144.151 193.282 138.625 150.39
internal_count=4514 4262 3338 1687 1651 1372 1425 1215 924 1065 593 801 575 622
is_linear=0
shrinkage=0.03


Tree=220
num_leaves=15
num_cat=0
split_feature=4 11 16 5 4 8 16 13 9 8 10 16 0 9
split_gain=5.14223 4.95622 2.69038 4.62385 4.4588 4.31691 5.6465 4.4847 3.64525 3.33679 3.32585 2.79667 2.98191 1.80609
threshold=0.77580729219847011 1.1551078393801328 -0.62766537035246917 -0.24695909064728544 1.1179112633096868 -0.044661176812283251 0.78830265113572195 0.15624999999998104 -0.13907362066508416 0.056868187930829282 1.0000000180025095e-35 -0.84823325163135121 0.55555555555544145 -0.031946239424922911
decision_type=2 2 2 2 2 2 2 2 2 2 2 2 2 2
left_child=-1 2 11 -4 5 -5 8 -8 -7 -6 -10 12 -2 -12
right_child=1 -3 3 4 9 6 7 -9 10 -11 13 -13 -14 -15
leaf_value=0.0098873593259440114 -0.0030544212759305947 0.0067410655819117732 -0.0083585304849742997 0.0064728916328406407 -0.010763831655743706 0.0027847441030453167 -0.0021426578182462993 0.0084502842211465687 -0.00066435664854324109 -0.00076194355402917926 -0.012204595856969239 0.007316674809394564 0.0052421931702169005 -0.0044663756308543886
leaf_weight=49.016550123691559 93.405234038829803 95.185185313224792 67.290890321135521 93.641995891928673 53.047586873173714 77.452695429325104 56.126091748476028 87.444319307804108 108.04509314894676 63.882145032286644 48.225367829203606 70.126132920384407 59.583271682262421 75.736237406730652
leaf_count=204 384 393 277 386 219 323 235 359 444 264 200 288 245 312
internal_value=0.000859832 0.000393186 -0.000272012 -0.00115305 -0.000365354 0.000784927 -0.00044861 0.00437643 -0.00272113 -0.00555483 -0.00457917 0.00257616 0.000240441 -0.00783328
internal_weight=1098.21 1049.19 954.007 730.892 663.602 546.672 453.03 143.57 309.459 116.93 232.007 223.115 152.989 123.962
internal_count=4533 4329 3936 3019 2742 2259 1873 594 1279 483 956 917 629 512
is_linear=0
shrinkage=0.03


Tree=221
num_leaves=15
num_cat=0
split_feature=14 19 14 18 17 19 19 6 19 4 17 17 20 16
split_gain=4.4776 5.3268 5.03844 4.07421 3.53857 3.99821 3.37455 4.22517 4.0249 5.30658 3.16171 2.30849 3.46321 4.52704
threshold=0.052631578947362791 -0.60222215099615428 0.076923076923068615 1.6496075546158997 0.84543701414658334 0.20037322061028065 -0.37721186099202691 0.073078580427940035 -0.6379435795477455 0.98139758526782583 0.2652267479205106 0.51495063301176391 0.82085299260361433 0.57066360050685161
decision_type=2 2 2 2 2 2 2 2 2 2 2 2 2 2
left_child=1 -1 -2 4 6 -6 7 8 9 -4 -3 12 13 -8
right_child=2 10 3 -5 5 -7 11 -9 -10 -11 -12 -13 -14 -15
leaf_value=-0.010710310605275051 0.010202741856031984 -0.0036960535649632688 0.0092010262285863002 -0.0070213275635655249 0.011507322844750287 0.00011251541151841693 0.00091599742607064957 -0.0031333544731957366 0.012187398685125705 -0.0036221449238269666 0.00501744057054923 -0.00583100947142038 0.0070143128419630635 -0.0070080185286769932
leaf_weight=59.364326804876328 49.308496579527855 92.715951696038246 48.77044153213501 51.54800720512867 55.268294662237167 51.490709319710732 238.37489920854568 60.457030788064003 54.826116666197777 58.918788015842438 55.818607792258263 70.105192929506302 48.504582718014717 83.695071890950203
leaf_count=244 206 393 200 210 226 212 979 247 225 242 231 291 200 345
internal_value=0.000403556 -0.00350106 0.00134992 0.000760374 0.00132296 0.00626243 0.000487485 0.00345325 0.0059239 0.00233581 -0.000364802 -0.00103502 -6.21662e-05 -0.00121884
internal_weight=1079.17 207.899 871.268 821.959 770.411 106.759 663.652 222.972 162.515 107.689 148.535 440.68 370.575 322.07
internal_count=4451 868 3583 3377 3167 438 2729 914 667 442 624 1815 1524 1324
is_linear=0
shrinkage=0.03


Tree=222
num_leaves=15
num_cat=0
split_feature=17 16 20 20 1 17 20 15 0 15 16 11 5 0
split_gain=4.53981 5.45315 3.52853 5.18 3.51175 3.3693 3.62267 3.38562 3.08863 2.69213 2.55325 2.49076 2.38179 3.39507
threshold=-1.3499958287963962 -0.89017597413140048 -1.0466435724256018 -0.67717505028292291 -0.41666666666666663 0.41204113637476109 -0.022885281712760403 0.95103516658125953 0.64444444444445137 -0.12718323318841915 0.82518247745863882 0.49224417691241218 0.32232129578912122 0.44444444444444681
decision_type=2 2 2 2 2 2 2 2 2 2 2 2 2 2
left_child=-1 11 -3 -4 -5 7 -7 8 12 -8 -11 -2 13 -6
right_child=1 2 3 4 5 6 9 -9 -10 10 -12 -13 -14 -15
leaf_value=0.0062892791372510621 -0.0028730491045729908 0.0066883363464764929 -0.0074619541790859776 0.0052453818441113914 -0.0023771928372477574 0.0033347707716189848 -0.00040102422437217583 0.0082684329139804391 -0.0055973995091471059 -0.010960994280961705 -0.0019644762612031192 -0.01113480059625827 0.0071380764340192547 0.0064389757798903376
leaf_weight=85.253681838512421 93.78703248500824 64.115692064166069 78.213371962308884 110.20664183795452 135.4388110935688 57.733005583286285 74.009686633944511 50.193637415766716 60.668005540966988 74.033554390072823 48.339389801025391 50.218806281685829 51.395756334066391 49.596346169710159
leaf_count=353 385 265 321 454 560 236 305 210 251 305 202 206 212 206
internal_value=-0.000156139 -0.000735372 0.00018759 -0.000378874 0.000446257 -0.00046917 -0.00306255 0.00144495 0.000174385 -0.00497935 -0.00762383 -0.00603111 0.00174067 9.31113e-05
internal_weight=1083.2 997.95 853.944 789.828 711.615 601.408 254.116 347.293 297.099 196.383 122.373 144.006 236.431 185.035
internal_count=4471 4118 3527 3262 2941 2487 1048 1439 1229 812 507 591 978 766
is_linear=0
shrinkage=0.03


Tree=223
num_leaves=15
num_cat=0
split_feature=9 5 11 11 3 8 11 18 1 14 6 5 11 3
split_gain=3.79544 3.68386 6.26488 4.87702 3.64569 4.29533 4.49993 4.48255 4.21208 3.26215 3.85436 3.72939 2.95541 5.28295
threshold=-0.099606852910657351 -0.13261326781636143 0.64136283879843037 0.94810193659163589 -0.34782608695652167 0.18588603319092695 0.21163471682404042 -1.0698830731140652 -1.0000000180025095e-35 0.22222222222217655 0.071502032169646804 -0.3235565340247914 0.53749113144731575 0.3043478260869566
decision_type=2 2 2 2 2 2 2 2 2 2 2 2 2 2
left_child=4 2 9 12 -1 6 7 -6 -9 11 -11 -2 13 -3
right_child=1 3 -4 -5 5 -7 -8 8 -10 10 -12 -13 -14 -15
leaf_value=0.0038301977423351747 0.0036382664828395399 0.0014262945567637758 -0.004431396768781788 0.0067243663392909988 -0.011966710811156255 -0.01113833467763577 0.0031468902279768438 0.0045630519972205416 -0.0069712091442378889 0.0079123078955358802 -0.0030194678787031758 0.015267111030024238 -0.008098720402928106 -0.0074747178237055782
leaf_weight=66.453414738178253 49.358807146549225 268.94876347482204 56.447065532207489 71.050979122519493 50.188841313123703 52.441823408007622 92.825888529419899 51.563010722398758 52.675194784998894 54.516738384962082 52.739558711647987 54.831875026226044 48.946136102080345 71.87548254430294
leaf_count=276 203 1108 232 293 209 218 385 214 220 223 215 227 201 296
internal_value=0.000148603 0.00139852 0.00416098 -0.000234835 -0.00232434 -0.00372948 -0.00196845 -0.00504554 -0.00131791 0.00650415 0.00264192 0.010177 -0.00157252 -0.000531747
internal_weight=1094.86 728.715 267.894 460.821 366.148 299.695 247.253 154.427 104.238 211.447 107.256 104.191 389.77 340.824
internal_count=4520 2998 1100 1898 1522 1246 1028 643 434 868 438 430 1605 1404
is_linear=0
shrinkage=0.03


Tree=224
num_leaves=15
num_cat=0
split_feature=9 4 1 20 18 20 9 1 19 14 18 5 14 18
split_gain=3.345 2.12232 2.63873 2.48836 1.86762 6.31685 3.89397 8.77518 3.42791 3.46114 3.38542 3.40316 3.01199 4.0379
threshold=-0.33938220870477004 1.2325077997514093 0.41666666666666674 0.15829931025826885 0.84938436820741037 0.33696517517647179 0.076866463902262025 -1.0000000180025095e-35 -1.0070192247387892 0.020833333333354059 0.023253782081980815 0.10195183022992012 0.25000000000012151 -0.43765329561215954
decision_type=2 2 2 2 2 2 2 2 2 2 2 2 2 2
left_child=-1 2 4 -4 6 -6 8 -8 -2 -10 12 -12 -11 -14
right_child=1 -3 3 -5 5 -7 7 -9 9 10 11 -13 13 -15
leaf_value=0.0069704334452889314 0.0054566886954334455 -0.0059201995026475817 0.0065849637416869923 -0.00082032777750368343 -0.0044174666619783984 0.0070273947232995749 0.00036156709412709422 -0.014666447610359455 -0.0076196915094944489 0.0012488296544190145 -0.0016203855778714679 0.0088102497521717806 -0.0010895889548845105 -0.011296248074509931
leaf_weight=49.988342553377151 70.464340537786484 58.883308887481689 84.298204153776169 73.426188752055168 75.222242012619972 90.169625163078308 81.229381829500198 56.097105950117111 64.321595340967178 128.28510996699333 49.283251211047173 56.776453450322151 93.905021339654922 51.678257703781128
leaf_count=208 290 242 350 305 308 371 333 230 271 532 203 237 385 213
internal_value=-0.000241856 -0.000622383 -0.000273914 0.00321827 -0.000963203 0.00184525 -0.0016842 -0.00607687 -0.000465034 -0.00145458 -0.000325414 0.00410866 -0.00208545 -0.00496747
internal_weight=1084.03 1034.04 975.157 157.724 817.432 165.392 652.041 137.326 514.714 444.25 379.928 106.06 273.868 145.583
internal_count=4478 4270 4028 655 3373 679 2694 563 2131 1841 1570 440 1130 598
is_linear=0
shrinkage=0.03


Tree=225
num_leaves=15
num_cat=0
split_feature=9 16 16 18 6 16 9 14 0 17 3 14 16 17
split_gain=3.345 6.30818 4.93186 3.3069 3.80398 5.71173 5.88377 4.3629 4.46687 4.05206 3.72357 3.61564 6.63424 3.20159
threshold=-0.17368629894936474 0.092913513015099827 -0.49592557271151189 1.1068513965188791 0.32469358135754489 0.96265186860623742 0.085579722070430811 0.37499999999992201 0.64248120300750511 -0.1366275733361639 0.043478260869565195 0.21428571428568599 -0.20339333750660513 0.9256892976218698
decision_type=2 2 2 2 2 2 2 2 2 2 2 2 2 2
left_child=1 2 -1 4 5 6 7 8 11 -10 -8 12 -2 -5
right_child=3 -3 -4 13 -6 -7 10 -9 9 -11 -12 -13 -14 -15
leaf_value=0.0039223425859701323 -0.0099914448188570711 0.0089412996214824538 -0.0081552978040245593 0.0082143641625811309 -0.0086704269580046029 -0.0081890896045374827 0.0002524935515035941 0.0027035203177080947 0.0053349101118934312 -0.0043995798944887615 0.010319529950678705 -0.011052812320000212 0.0044605460450470036 -0.00067669319245040557
leaf_weight=62.76837058365345 50.740884974598885 86.902019247412682 50.497729182243347 56.145271584391594 64.110627055168152 87.854414224624634 65.14026814699173 136.21158397197723 70.727745518088341 73.287737175822258 62.702853634953499 83.599485263228416 54.368745341897011 88.548487991094589
leaf_count=259 211 362 210 232 262 367 267 559 294 302 257 343 230 362
internal_value=-0.000363545 0.0030947 -0.0015794 -0.00115125 -0.00195463 -0.00126745 -0.000188908 -0.0017514 -0.00358819 0.000399741 0.00539261 -0.00656339 -0.00265295 0.00293243
internal_weight=1093.61 200.168 113.266 893.438 748.744 684.634 596.779 468.936 332.725 144.015 127.843 188.709 105.11 144.694
internal_count=4517 831 469 3686 3092 2830 2463 1939 1380 596 524 784 441 594
is_linear=0
shrinkage=0.03


Tree=226
num_leaves=15
num_cat=0
split_feature=18 19 20 20 4 5 4 3 20 4 20 18 16 1
split_gain=4.63887 5.95274 3.28482 9.44464 4.05162 4.554 3.59281 3.42386 3.13826 6.55508 5.128 3.51829 2.9507 2.8969
threshold=-1.1593232244571066 0.15669838952923457 0.35551247422143784 0.055549824516852746 0.95705550032240427 0.32646570772684902 0.95270793165256396 0.043478260869565195 -0.67717505028292291 1.0129807468978294 -1.2299526019562286 -0.15965314463373909 -0.24420712270351766 0.25000000000000006
decision_type=2 2 2 2 2 2 2 2 2 2 2 2 2 2
left_child=1 -1 3 8 7 13 -5 -4 10 -10 -2 -12 -11 -6
right_child=2 -3 4 6 5 -7 -8 -9 9 12 11 -13 -14 -15
leaf_value=-0.010017437608528041 0.00468168609543661 0.0024700467064735017 0.010147771530485166 -0.001866029402468115 -0.00029015786398136804 -0.0065692784902122792 -0.012442919503806237 0.00088692153646809547 -0.00034752937411271711 0.0032249764673856619 -0.00070698177450998596 -0.010722992471558064 0.013661068391105187 0.0082127477086072487
leaf_weight=83.365297093987465 66.673493623733521 53.507416009902954 88.301372289657593 51.333796963095665 94.386608347296715 59.552445322275162 67.771893948316574 60.116052344441414 180.31404756009579 49.111088499426842 69.232034176588058 54.209041491150856 52.812902733683586 53.033493652939796
leaf_count=343 274 223 367 213 387 248 282 249 742 201 286 222 218 220
internal_value=-0.000160703 -0.00522072 0.000594335 -0.000775495 0.00285321 0.000111871 -0.00814318 0.00654785 0.00114813 0.00313291 -0.00180318 -0.00535171 0.00901849 0.00293778
internal_weight=1083.72 136.873 946.848 591.458 355.39 206.973 119.106 148.417 472.353 282.238 190.115 123.441 101.924 147.42
internal_count=4475 566 3909 2438 1471 855 495 616 1943 1161 782 508 419 607
is_linear=0
shrinkage=0.03


Tree=227
num_leaves=15
num_cat=0
split_feature=5 15 1 16 16 16 16 20 17 8 5 18 17 8
split_gain=4.57336 3.16522 9.18515 5.91332 3.06611 6.67613 3.46884 4.43005 4.23945 4.10991 5.81514 3.07263 2.67349 2.40379
threshold=-0.50980354611488843 -0.63272353176673957 0.25000000000000006 -0.46592211643511405 -0.62766537035246917 -0.84823325163135121 -0.26053043863567776 -0.34453602184085508 0.14522375922059608 0.139057331112272 0.10575153379656672 1.1586796977861946 -0.34737561337216244 0.085669135991636919
decision_type=2 2 2 2 2 2 2 2 2 2 2 2 2 2
left_child=-1 2 3 -2 5 12 7 -6 9 10 -8 13 -3 -10
right_child=1 4 -4 -5 6 -7 8 -9 11 -11 -12 -13 -14 -15
leaf_value=0.0093332865656900015 -0.014777635713122123 -0.0044900972340116046 0.006547061389957403 -0.0022943122495452497 0.0016108242075789927 0.013210546536700988 0.0061162771390485876 -0.010208084632786243 0.0013458960635113603 0.008854321558594511 -0.0043225800563607367 0.0040066712094696064 0.0048091449652603643 -0.005321201519714441
leaf_weight=49.293896868824959 49.793869718909264 48.561320543289185 61.16891385614872 96.814997643232346 53.517731204628944 51.94346672296524 96.640707030892372 53.410273894667625 70.884361743927002 93.320009872317314 86.288792982697487 68.94655454158783 52.936427548527718 139.21920001506805
leaf_count=202 205 202 250 398 220 214 403 220 292 386 361 283 218 580
internal_value=0.000847728 0.000395636 -0.00286734 -0.00688165 0.00123923 0.0049885 0.000339635 -0.00448498 0.00130039 0.00390264 0.00120822 -0.00129909 0.000358028 -0.00309287
internal_weight=1072.74 1023.45 207.778 146.609 815.669 153.441 662.228 106.928 555.3 276.25 182.93 279.05 101.498 210.104
internal_count=4434 4232 853 603 3379 634 2745 440 2305 1150 764 1155 420 872
is_linear=0
shrinkage=0.03


Tree=228
num_leaves=15
num_cat=0
split_feature=4 4 9 20 18 7 15 19 4 4 4 18 1 6
split_gain=2.29663 2.78427 5.08776 4.91344 2.71125 4.76232 3.80734 3.67067 3.51716 7.25931 4.99873 4.33027 4.93566 5.252
threshold=0.79666902287484231 0.90164564667203606 -0.15209646563065296 0.14877299670629338 -0.81431262362160861 1.0000000180025095e-35 0.97055299387088168 -1.0928373971718457 1.1230219762042093 1.0830063617243992 1.2140932502742274 -0.15965314463373909 1.0000000180025095e-35 0.049280281702163427
decision_type=2 2 2 2 2 2 2 2 2 2 2 2 2 2
left_child=-1 2 -2 -4 5 -3 7 -6 9 11 -10 -9 -13 -14
right_child=1 4 3 -5 6 -7 -8 8 10 -11 -12 12 13 -15
leaf_value=0.0053290896883492521 0.0050984856979432031 -0.00074004662580430503 -0.0099893504798165798 0.00033449921469663513 -0.0054336471462219328 0.0094470065346727358 -0.0061589585731290702 -0.0036139608467843018 -0.0076046782296981712 0.013255117272618197 0.0044009137285593363 0.0076592100024442744 0.0061652061411015804 -0.0063947968722836337
leaf_weight=76.387545511126518 50.021541431546211 81.667851537466049 89.397358477115631 73.465890243649483 68.026972696185112 77.190160542726517 73.813570514321327 100.98396298289299 69.921813696622849 49.992550194263458 49.203984379768372 124.4903412014246 48.516773253679276 63.210187017917633
leaf_count=318 209 337 368 304 279 321 308 416 289 206 203 511 202 260
internal_value=0.000479323 9.18647e-05 -0.00291987 -0.00546112 0.000899422 0.00434713 2.76113e-05 0.000868986 0.00176063 0.00313992 -0.00266834 0.0014685 0.00367115 -0.00091023
internal_weight=1096.29 1019.9 212.885 162.863 807.018 158.858 648.16 574.347 506.32 387.194 119.126 337.201 236.217 111.727
internal_count=4531 4213 881 672 3332 658 2674 2366 2087 1595 492 1389 973 462
is_linear=0
shrinkage=0.03


Tree=229
num_leaves=15
num_cat=0
split_feature=11 14 11 19 13 9 20 9 9 16 16 16 13 16
split_gain=2.36398 2.83091 2.67255 4.07702 3.49429 3.45476 3.81847 4.52369 3.79755 5.97067 3.31407 3.30795 6.1279 6.52872
threshold=0.96016890666276444 0.27027027027024603 -0.80490332727350866 -0.077454857326550261 0.20670914542727661 -0.050721035732255892 0.32826663821201046 0.21746023640038389 1.0000000180025095e-35 0.092913513015099827 0.30808254763177906 0.038330504532225119 0.11111111111108828 -0.62766537035246917
decision_type=2 2 2 2 2 2 2 2 2 2 2 2 2 2
left_child=2 -2 3 4 -1 11 8 -8 -7 -10 -5 12 -4 -14
right_child=1 -3 5 10 -6 6 7 -9 9 -11 -12 -13 13 -15
leaf_value=-0.011174619605525078 0.00022351448363093734 -0.0083562194898520129 0.0095197256352409707 -0.0021834417802884891 -0.00041686323440746453 -0.0093152341034318086 -0.00048728069662402706 0.010400749528707703 0.0032988586228051291 -0.0074733494354594469 0.0075898182759900684 0.0069663810173441337 0.0045140113538344852 -0.0088328120687804022
leaf_weight=52.093138828873634 88.16437503695488 51.714665904641151 48.895980760455132 71.310031726956367 52.623962536454201 49.558519616723061 85.744175061583519 51.822450444102287 131.68036551773548 65.049290046095848 48.385386511683464 168.84266926348209 58.545711651444435 64.347820296883583
leaf_count=213 366 214 201 297 218 204 354 213 539 267 201 703 243 267
internal_value=0.000446007 -0.00312741 0.000986403 -0.0018458 -0.00603384 0.00187033 -8.75926e-05 0.00383525 -0.00231145 -0.000359955 0.0019132 0.00404603 0.00105993 -0.00254657
internal_weight=1088.78 139.879 948.9 224.413 104.717 724.487 383.855 137.567 246.288 196.73 119.695 340.632 171.79 122.894
internal_count=4500 580 3920 929 431 2991 1577 567 1010 806 498 1414 711 510
is_linear=0
shrinkage=0.03


Tree=230
num_leaves=15
num_cat=0
split_feature=17 18 13 4 6 17 11 14 18 18 8 6 8 18
split_gain=2.71562 3.72533 3.8915 2.19732 5.1333 3.5827 3.78311 2.44923 2.30355 5.79993 2.94146 4.83368 3.91891 3.82767
threshold=1.3963034739817866 0.96658209117918636 0.15384615384613198 1.0129807468978294 0.074309988850776568 -0.26248824071282928 0.17095118836268194 0.18527551942187084 -1.1424765512928792 -0.7348870178573006 -0.099641245829498987 -0.23632330965158777 0.080097102824985458 0.2022443245409784
decision_type=2 2 2 2 2 2 2 2 2 2 2 2 2 2
left_child=1 3 -3 8 5 6 -5 -7 -1 -10 -11 -12 -13 -14
right_child=-2 2 -4 4 -6 7 -8 -9 9 10 11 12 13 -15
leaf_value=-0.006069714707631956 -0.0058132177226480862 0.01108551062712421 0.00028111930746404075 0.0041663422010669296 -0.0053368331778007715 0.011547163418187267 -0.005438212412851552 0.0032006385458181424 0.0077615171971903273 -0.0060541575888683431 -0.0069554709783257087 0.0057466166295368128 0.0038169609146795217 -0.00690365015326053
leaf_weight=86.77810575067997 69.507835626602173 48.671970620751381 68.641127422451973 75.783266127109528 77.067162871360779 50.111890912055969 62.96919621527195 87.943306013941765 56.379114702343941 116.19758614897728 72.005968764424324 106.75302870571613 50.183164745569229 61.525282427668571
leaf_count=360 285 201 283 315 317 209 259 363 235 478 299 439 208 256
internal_value=-0.000283966 0.000118947 0.00503366 -0.000543242 0.00128966 0.00319652 -0.00022998 0.006528 -0.00172392 -0.000853339 -0.00212745 -0.000480751 0.00176123 -0.0021304
internal_weight=1090.52 1021.01 117.313 903.697 353.875 276.808 138.752 138.055 549.822 463.044 406.665 290.467 218.461 111.708
internal_count=4507 4222 484 3738 1463 1146 574 572 2275 1915 1680 1202 903 464
is_linear=0
shrinkage=0.03


Tree=231
num_leaves=15
num_cat=0
split_feature=14 9 7 15 5 13 5 15 19 0 11 18 18 0
split_gain=3.2988 4.85788 3.05755 6.25587 6.06896 4.90818 4.05285 5.03642 3.46408 3.31179 3.39894 3.93711 3.08242 2.14677
threshold=0.52631578947372015 -0.070166380885972754 1.0000000180025095e-35 -0.85185666053303943 -0.38726569144916484 0.60000000000001485 0.071831189590565406 -0.63272353176673957 0.061332591626780918 0.28464818763321947 0.5225622538266036 -0.69438380628880736 -0.044617389697767865 0.4347826086956344
decision_type=2 2 2 2 2 2 2 2 2 2 2 2 2 2
left_child=2 -2 3 -1 -4 9 7 -6 -9 -5 11 -11 -13 -8
right_child=1 -3 4 5 6 -7 13 8 -10 10 -12 12 -14 -15
leaf_value=0.0088934851834446046 -0.010413850573910723 0.00020637449079986153 -0.010190650250127125 -0.0076300749487277775 -0.005049775718325618 0.0087175190813033685 0.00084358269102989623 0.0092616659668980413 0.00044326103448902012 -0.0045393780230761453 -0.0050480751160447155 0.01029883116578814 0.0014178614327685685 -0.0052852306588957012
leaf_weight=90.519392415881157 63.012703761458397 89.694296702742577 56.163020431995392 52.403028711676598 50.734298527240753 48.476442694664001 80.934866964817047 87.67714823782444 71.583377435803413 51.564101547002792 72.961145147681236 51.97291325032711 97.027461841702461 130.51747173070908
leaf_count=371 260 367 231 215 209 203 334 362 297 214 302 215 401 544
internal_value=-0.000350956 -0.00436716 0.00031935 0.0020403 -0.00135968 0.000288051 -7.71547e-05 0.00284121 0.00543217 -0.00107846 0.000291161 0.002309 0.00474944 -0.00297409
internal_weight=1095.24 152.707 942.535 464.924 477.61 374.405 421.447 209.995 159.261 325.929 273.526 200.564 149 211.452
internal_count=4525 627 3898 1921 1977 1550 1746 868 659 1347 1132 830 616 878
is_linear=0
shrinkage=0.03


Tree=232
num_leaves=15
num_cat=0
split_feature=4 6 17 14 13 9 14 6 19 7 13 7 18 16
split_gain=4.05309 6.72255 4.77845 3.99048 3.12358 2.86003 2.85659 3.9365 2.84187 3.79665 4.83912 2.71562 2.31938 4.63735
threshold=0.92822712283080133 -0.19056521894938741 -0.054483584238927192 0.11428571428570343 0.60869565217393629 0.011235610130000852 0.43749999999995454 -0.41929536159321046 -0.35119837321853542 1.0000000180025095e-35 0.2608695652173903 -0.33333333333333331 -0.1658393712691893 -0.27166044840926923
decision_type=2 2 2 2 2 2 2 2 2 2 2 2 2 2
left_child=2 6 12 -4 8 -5 7 -2 -3 11 -11 -10 13 -1
right_child=1 4 3 5 -6 -7 -8 -9 9 10 -12 -13 -14 -15
leaf_value=0.0094315589188420628 0.0015860880697164794 -0.00093466517172703992 -0.00017727326456996816 -0.014335062385494472 0.010134318038442053 -0.0045027405247101884 0.002702182935314329 -0.0081699789556908421 0.0029670165822950913 0.0049766723279120479 -0.0055244500517985344 0.011337813335186547 -0.0040143186317276383 -0.0015820612984627821
leaf_weight=53.475711613893509 53.366435691714287 150.41155929863453 71.018549606204033 49.633983582258224 48.66733130812645 65.556998237967491 55.105131402611732 108.06103411316872 70.949481502175331 92.555462747812271 61.428768113255501 74.08115927875042 56.489106938242912 80.723466068506241
leaf_count=222 221 618 294 206 204 268 226 448 292 382 253 305 234 336
internal_value=2.28723e-05 0.00134845 -0.00247526 -0.00582794 0.00325803 -0.00915943 -0.00301859 -0.00499396 0.0024101 0.00408029 0.000745477 0.00747814 0.000863927 0.00298779
internal_weight=1091.52 714.626 376.898 186.21 498.094 115.191 216.533 161.427 449.426 299.015 153.984 145.031 190.688 134.199
internal_count=4509 2949 1560 768 2054 474 895 669 1850 1232 635 597 792 558
is_linear=0
shrinkage=0.03


Tree=233
num_leaves=15
num_cat=0
split_feature=4 4 17 6 11 6 6 13 18 0 0 11 7 8
split_gain=2.79106 3.61735 3.83191 2.40527 2.7452 3.31079 3.31779 2.73982 3.70986 4.86309 4.85188 3.70545 4.5264 2.65708
threshold=0.82444101803852099 0.85464979446002576 1.4341475270376154 0.40871955552761269 1.2710205895580717 0.062015785408222508 0.13924225647139879 0.031498015873013117 -1.0698830731140652 0.11764705882358704 0.37499999999991335 0.5225622538266036 1.0000000180025095e-35 -0.020512268345354554
decision_type=2 2 2 2 2 2 2 2 2 2 2 2 2 2
left_child=-1 -2 3 4 5 7 -7 -3 -9 -10 13 12 -12 -11
right_child=1 2 -4 -5 -6 6 -8 8 9 10 11 -13 -14 -15
leaf_value=0.0033257271938739691 -0.0085143027633849174 -0.0054087246109713006 -0.0086355859737152676 0.0047045903028723798 0.0052158239902035299 -0.0095188432923405779 -0.0017278330467441231 -0.0042724232429593714 0.010327224693613803 0.00099821943379182218 0.010812783153894097 -0.0035637770003236766 0.00054467050497713121 -0.0079919388247823818
leaf_weight=114.6917255371809 57.615702688694 74.114581018686295 51.337767884135246 66.933701008558273 54.136604875326157 74.669343009591103 136.17712754011154 102.95164410769939 49.499920234084129 49.68332839012146 72.642895609140396 48.221916675567627 78.026286393404007 64.682807192206383
leaf_count=477 239 307 210 275 224 307 559 427 205 205 301 200 325 267
internal_value=-0.00100921 -0.00153048 -0.00105105 -0.000557685 -0.00102168 -0.00150305 -0.00464353 -0.000245069 0.000625418 0.00205463 0.000605711 0.00340911 0.00568358 -0.00420818
internal_weight=1095.39 980.694 923.078 871.74 804.806 750.67 210.846 539.823 465.709 362.757 313.257 198.891 150.669 114.366
internal_count=4528 4051 3812 3602 3327 3103 866 2237 1930 1503 1298 826 626 472
is_linear=0
shrinkage=0.03


Tree=234
num_leaves=15
num_cat=0
split_feature=13 18 9 0 16 16 14 1 19 3 4 14 0 18
split_gain=2.37079 3.86802 4.51829 3.42808 4.73578 5.31281 4.89332 2.80283 2.53502 2.94788 5.01729 3.6552 3.08697 2.55101
threshold=0.088235294117636989 0.57552013176402295 0.011235610130000852 0.55823643410852097 -0.020103902481425868 0.61325173814494194 0.050316455696210967 -0.41666666666666663 0.5935447254763907 0.26086956521739135 1.1011526771147 0.40000000000000452 0.28571428571428859 0.14198837864358357
decision_type=2 2 2 2 2 2 2 2 2 2 2 2 2 2
left_child=1 2 -1 7 6 -6 -5 -2 9 10 11 13 -11 -9
right_child=3 -3 -4 4 5 -7 -8 8 -10 12 -12 -13 -14 -15
leaf_value=0.0023383909791998563 0.0046691350640439069 0.0073245824053085658 -0.0078898817255939509 -0.0063885241255107784 -0.014109141108825055 -0.0014707382023716135 0.0051075581993867162 -0.011723615723968768 0.0029217167325471406 -0.0027772308486163464 0.0031710826757484862 -0.00045013253413337182 0.006982510006170165 -0.0033613758055152884
leaf_weight=135.35425309836864 87.808044731616974 76.642776548862457 48.780433624982834 56.640964016318321 63.07422947883606 55.737052753567696 67.542182564735413 86.410939067602158 111.45376895368099 55.232766896486282 70.301125437021255 76.411635458469391 52.369742169976234 59.660881787538528
leaf_count=559 361 316 201 236 263 232 280 358 463 228 290 313 215 247
internal_value=-0.000587494 0.00188835 -0.000508199 -0.00136033 -0.00432703 -0.00847901 -0.00018022 -0.000132297 -0.000993201 -0.00210557 -0.00364987 -0.00582751 0.00207193 -0.00853247
internal_weight=1103.42 260.777 184.135 842.643 242.994 118.811 124.183 599.649 511.841 400.387 292.785 222.483 107.603 146.072
internal_count=4562 1076 760 3486 1011 495 516 2475 2114 1651 1208 918 443 605
is_linear=0
shrinkage=0.03


Tree=235
num_leaves=15
num_cat=0
split_feature=17 13 4 17 5 5 5 17 19 13 9 4 8 6
split_gain=3.29781 5.59181 5.09709 4.76865 3.14685 5.45073 3.56697 3.11757 7.97963 2.88756 3.09442 4.71163 2.55111 3.45817
threshold=-0.76572622120211575 0.62115563839704313 1.0521189635714259 -0.38685340580979299 0.27733271705811502 0.068398996641537216 -0.24355798144781862 0.1944103483685922 1.0000000180025095e-35 0.24999999999999012 -0.053310426018244067 0.95270793165256396 -0.054340756522974223 -0.19507956830026094
decision_type=2 2 2 2 2 2 2 2 2 2 2 2 2 2
left_child=12 2 3 -2 5 6 -4 8 -5 10 -9 -12 13 -1
right_child=1 -3 4 7 -6 -7 -8 9 -10 -11 11 -13 -14 -15
leaf_value=-0.00494355085718592 0.0075519174664176172 0.0085649440581453944 0.00045651955099759164 0.0036865581644001323 -0.0099259261642895349 0.0056986940612723525 -0.0092961634255711249 -0.0018822077689780851 -0.0087782122402037116 -0.0017415496913193323 0.0018950483371992055 0.013376500641853495 -0.0069799771650755071 0.0048699062083279324
leaf_weight=65.650351360440254 92.522086963057518 68.998214229941368 58.987547487020493 84.783505111932755 51.087005615234375 56.657362222671509 72.515604466199875 48.538839384913445 91.351470708847046 104.06836403906345 78.65146392583847 51.859152719378471 94.837901309132576 54.603173866868019
leaf_count=271 382 290 242 349 213 233 299 201 379 428 323 213 393 226
internal_value=-0.000156238 0.000678728 -5.86379e-05 0.00152675 -0.00367142 -0.0017603 -0.00506498 0.00024465 -0.00284209 0.00218099 0.00444624 0.00678249 -0.00343434 -0.000471059
internal_weight=1075.11 860.021 791.022 551.775 239.248 188.161 131.503 459.253 176.135 283.118 179.049 130.511 215.091 120.254
internal_count=4442 3552 3262 2275 987 774 541 1893 728 1165 737 536 890 497
is_linear=0
shrinkage=0.03


Tree=236
num_leaves=15
num_cat=0
split_feature=9 4 7 1 6 9 20 20 4 4 6 11 20 9
split_gain=3.74461 3.41125 4.23587 6.36944 4.19282 6.04357 5.51445 4.58234 7.78395 3.2664 3.56754 2.93297 2.69419 2.05941
threshold=0.49165775992372723 1.0521189635714259 0.33333333333333337 1.0000000180025095e-35 -0.19056521894938741 0.076866463902262025 -0.089247084016720574 0.17373196186025527 0.95093288151721878 1.091539033307644 0.10945255203870026 -0.29127253963628602 -0.098022601327403869 -0.1802338901546853
decision_type=2 2 2 2 2 2 2 2 2 2 2 2 2 2
left_child=1 2 4 -4 6 7 -1 8 -6 -3 11 -11 -7 -8
right_child=-2 9 3 -5 5 12 13 -9 -10 10 -12 -13 -14 -15
leaf_value=0.0012309425164204551 0.0064531516930255578 -0.0081966568678137862 -0.00058462801242812473 0.010652897832595664 -0.0056464604712633494 -0.0082356821095242241 -0.0041354265112993754 0.0093161441621970112 0.0087325468681657258 0.0057666274898893095 -0.0075177586504974209 -0.0021143719298549594 0.00012316600496070147 -0.012956553486128546
leaf_weight=87.818419054150581 67.230114489793777 81.403280541300774 99.939373925328255 77.433592319488525 74.067068547010422 59.745997205376625 53.896107479929924 87.528136700391769 54.312613219022751 63.555823177099228 56.288029596209526 107.26020555198193 74.480704352259636 50.518660500645638
leaf_count=364 276 336 412 322 306 244 224 363 225 264 231 445 306 211
internal_value=-0.000151426 -0.000612392 0.000521894 0.00447877 -0.000801232 0.00115468 -0.00430271 0.00422577 0.000536072 -0.00322477 -0.00130447 0.000898531 -0.00375961 -0.00880038
internal_weight=1095.48 1028.25 719.741 177.373 542.368 350.135 192.233 215.908 128.38 308.507 227.104 170.816 134.227 104.415
internal_count=4529 4253 2977 734 2243 1444 799 894 531 1276 940 709 550 435
is_linear=0
shrinkage=0.03


Tree=237
num_leaves=15
num_cat=0
split_feature=4 4 4 3 17 17 8 11 11 17 17 4 5 1
split_gain=3.2409 4.64302 4.51231 4.5029 3.53202 4.23057 3.4163 5.65735 5.13239 4.4874 6.16144 5.59368 4.46254 2.72266
threshold=0.98139758526782583 1.0129807468978294 1.0521189635714259 0.21739130434782608 -0.45518149705013539 0.61816216018588377 0.17646376555471763 0.42575189027154275 0.69685588252531538 -1.1485875179608376 -0.4470919524195644 0.9449406126025236 0.043467359653895206 1.0000000180025095e-35
decision_type=2 2 2 2 2 2 2 2 2 2 2 2 2 2
left_child=6 -2 13 4 -4 -6 8 -8 9 -1 -11 12 -12 -3
right_child=1 2 3 -5 5 -7 7 -9 -10 10 11 -13 -14 -15
leaf_value=-0.0027940979392844234 -0.0065132551473891468 0.001257376392995446 -0.0044535552433586081 -0.0072015946106708962 0.0070618143741258167 -0.0025982578847842767 -0.0068318525911776774 0.0055966225101456166 -0.0036339394028459958 0.013279662805388975 -0.0027489700286678145 0.012206741550264391 0.0066835902479258982 0.010568309785248401
leaf_weight=51.639769211411476 97.548180013895035 62.362035915255547 72.54935410618782 79.480731695890427 98.476718097925186 63.918757751584053 75.338766947388649 51.181927472352982 67.364845752716064 83.559341534972191 104.67506366968155 49.496504113078117 71.932062521576881 49.165674284100533
leaf_count=215 402 256 300 329 407 264 312 212 279 346 431 205 298 204
internal_value=0.000909307 -0.000781237 0.000591798 -0.00125883 0.000859757 0.00329558 0.00249611 -0.00178248 0.00376492 0.00517521 0.00652747 0.00379879 0.00117115 0.00563934
internal_weight=1078.69 523.501 425.953 314.426 234.945 162.395 555.188 126.521 428.668 361.303 309.663 226.104 176.607 111.528
internal_count=4460 2162 1760 1300 971 671 2298 524 1774 1495 1280 934 729 460
is_linear=0
shrinkage=0.03


Tree=238
num_leaves=15
num_cat=0
split_feature=8 15 4 3 15 15 16 0 15 16 1 20 13 5
split_gain=4.56541 2.88565 3.7623 2.62168 5.78466 3.88226 7.0652 4.77084 4.76093 3.23075 6.87083 8.04892 6.70434 2.05747
threshold=-0.31586325058926129 0.75637347406784017 0.88973722716727777 0.3043478260869566 -0.24866469370054137 -0.62381340760398296 -0.45431381419421984 0.60996279454322411 -0.97880177203556229 -0.62766537035246917 -1.0000000180025095e-35 0.70247054204190629 0.30801282051287182 0.29503953362001017
decision_type=2 2 2 2 2 2 2 2 2 2 2 2 2 2
left_child=-1 3 -3 5 -5 6 -2 9 -8 -7 -11 12 -12 -4
right_child=1 2 13 4 -6 7 8 -9 -10 10 11 -13 -14 -15
leaf_value=0.0072356471292620208 -0.012311702991529243 0.0037077524710591721 -0.0022417936998378896 0.010297373824967267 -0.00065020744959723876 0.0056637110068596301 0.006427743356654636 0.0096639913232040298 -0.0053756599174173006 0.0036206385604472813 -0.015460302980262387 0.0040916134001635664 -0.0022458075663443645 -0.0095162328035718492
leaf_weight=78.932710647583008 55.141778334975243 47.681119963526726 79.430493712425232 69.957394748926163 101.99889895319939 74.086699232459068 55.046232849359512 48.679761379957199 58.07092672586441 155.84024339914322 62.850793600082397 61.811335429549217 74.514683440327644 63.969740629196167
leaf_count=325 227 200 331 286 422 305 226 203 240 641 258 256 312 267
internal_value=0.000512907 -4.60449e-05 -0.00331638 0.000733398 0.00396874 -0.000151613 -0.00400287 0.00123208 0.000397181 0.000175226 -0.00103289 -0.00467341 -0.00862266 -0.00569816
internal_weight=1088.01 1009.08 191.081 817.999 171.956 646.042 168.259 477.784 113.117 429.104 355.017 199.177 137.365 143.4
internal_count=4499 4174 798 3376 708 2668 693 1975 466 1772 1467 826 570 598
is_linear=0
shrinkage=0.03


Tree=239
num_leaves=15
num_cat=0
split_feature=17 17 8 4 17 6 19 6 3 4 17 20 3 14
split_gain=3.17233 3.8017 4.04188 3.589 3.38033 4.6348 7.84022 4.05161 4.19937 5.58444 5.35197 5.1678 3.09298 2.48222
threshold=1.5012498407336701 -0.76572622120211575 -0.012046854096053392 1.1179112633096868 -0.58565012535210614 -0.21950341237018833 0.13206872436637696 -0.11091021427790511 -0.086956521739130418 0.93501169536054196 0.63847015703525956 0.083070765226376561 0.1304347826086957 0.30940108001962735
decision_type=2 2 2 2 2 2 2 2 2 2 2 2 2 2
left_child=1 2 13 4 -3 6 -6 -7 11 -10 -11 -9 -5 -1
right_child=-2 3 -4 12 5 7 -8 8 9 10 -12 -13 -14 -15
leaf_value=-0.0032910619941101298 -0.0072671458025287813 0.0090259283886327188 -0.00893669910658507 0.00051168393239383735 0.0031815316675172295 0.0078374290134585658 -0.01105160558385106 -0.0078939525169482907 -0.0018810546511038436 0.01263207949734042 0.00044817723335726365 0.0023584609405104496 -0.0083590670060275617 0.0046831065200151952
leaf_weight=94.902616575360298 53.074882417917252 48.864762753248215 74.781085073947906 78.489933744072914 68.673734545707703 97.258824452757835 62.277160987257957 77.147834599018097 90.354458048939705 74.89784836769104 55.275566786527634 92.174483090639114 58.606052294373512 49.235058858990669
leaf_count=394 217 202 309 325 283 405 260 317 372 309 229 381 242 202
internal_value=-0.000446476 -5.89614e-05 -0.00351814 0.000898825 0.00180993 0.00117157 -0.00374492 0.0025179 0.00110836 0.00379963 0.00766638 -0.00240525 -0.0034411 -0.000501531
internal_weight=1076.01 1022.94 218.919 804.021 666.925 618.06 130.951 487.109 389.85 220.528 130.173 169.322 137.096 144.138
internal_count=4447 4230 905 3325 2758 2556 543 2013 1608 910 538 698 567 596
is_linear=0
shrinkage=0.03


Tree=240
num_leaves=15
num_cat=0
split_feature=4 0 9 4 11 4 17 13 13 20 18 5 4 10
split_gain=3.25426 4.68571 6.23726 4.46633 5.47716 4.84101 4.60158 6.00714 6.23937 4.92485 4.3681 5.42236 3.7125 3.15553
threshold=1.0679115302656874 0.36140661938532576 -0.015053169483728651 1.0129807468978294 -0.37367835517703957 0.99291544892801231 -0.069683629732304811 0.10344827586205578 0.23076923076919795 0.13331471369103817 0.15281590665688219 0.024777918311478523 0.86451771337053718 1.0000000180025095e-35
decision_type=2 2 2 2 2 2 2 2 2 2 2 2 2 2
left_child=3 2 -2 5 -5 6 7 -1 -9 -10 11 -8 -12 -3
right_child=1 13 -4 4 -6 -7 10 8 9 -11 12 -13 -14 -15
leaf_value=0.010623068540815173 -0.0043773220161665233 -0.0097820193180789237 0.0085717531364298792 -0.0015261731595576881 0.010459542023037366 -0.007138983276562743 -0.012930918582168256 -0.0057985324317524727 0.00042649353263698889 0.012037237555599547 -0.0043502912263378062 0.000305851051803559 0.0043575897705409733 -0.0013019920871994444
leaf_weight=79.939778253436089 64.036861464381218 77.797176346182823 60.430117011070251 52.061962276697159 89.564070254564285 64.538593456149101 49.033602505922318 71.622449845075607 86.911243423819542 48.26563948392868 62.601180732250214 57.018669545650482 122.56581059098244 78.899813890457153
leaf_count=330 265 321 248 215 371 265 202 294 364 203 259 237 506 328
internal_value=0.000434951 -0.00230814 0.00199784 0.00142694 0.00615178 0.000345976 0.00123586 0.0039021 0.00111461 0.00485366 -0.00141092 -0.00612086 0.00137666 -0.00568446
internal_weight=1065.29 281.164 124.467 784.123 141.626 642.497 577.958 286.739 206.799 135.177 291.219 106.052 185.167 156.697
internal_count=4408 1162 513 3246 586 2660 2395 1191 861 567 1204 439 765 649
is_linear=0
shrinkage=0.03


Tree=241
num_leaves=15
num_cat=0
split_feature=0 18 15 18 19 6 20 6 19 1 6 6 15 7
split_gain=2.06354 8.8199 2.27616 2.39936 2.23458 6.85975 5.45158 5.40044 3.04917 2.96841 2.81594 4.23897 2.57501 2.41716
threshold=0.81955828779598017 0.3069300695296901 -1.2607291861033769 -1.4611527211633342 -0.38648565853475408 0.074309988850776568 0.50701762004727613 -0.17237585040940165 0.13206872436637696 0.25000000000000006 -0.044375897065165641 -0.20811281129987005 0.16146310662969179 1.0000000180025095e-35
decision_type=2 2 2 2 2 2 2 2 2 2 2 2 2 2
left_child=2 -2 -1 -4 5 7 9 -5 -8 10 11 -6 -10 -12
right_child=1 -3 3 4 6 -7 8 -9 12 -11 13 -13 -14 -15
leaf_value=-0.0063990005769996496 -0.002712937386920277 0.012930478166693281 0.0048922013354502645 -0.00054422430084993887 -0.0038026423678016283 -0.0046135221725056358 0.0080463209116699349 0.010289865781374094 -0.0045240128217756831 0.00054569458116754312 0.0025426892341831788 -0.014271829606717299 0.0033121488379697223 -0.0056285460385973006
leaf_weight=49.92457714676857 78.64600957930088 48.640649959445 73.922260373830795 74.562986493110657 93.81216524541378 92.573660433292389 54.986893638968468 86.799113690853119 60.348264619708061 105.26549431681633 57.070839315652847 55.874264419078827 84.335718303918839 64.680560201406479
leaf_count=205 326 201 306 308 389 379 227 360 250 438 235 232 352 265
internal_value=1.53255e-05 0.00352774 -0.000469186 -0.000108399 -0.00058022 0.00174229 -0.00160964 0.0054177 0.00235955 -0.00371686 -0.00534988 -0.00804553 1.71567e-06 -0.00184908
internal_weight=1081.44 127.287 954.157 904.232 830.31 253.936 576.374 161.362 199.671 376.703 271.438 149.686 144.684 121.751
internal_count=4473 527 3946 3741 3435 1047 2388 668 829 1559 1121 621 602 500
is_linear=0
shrinkage=0.03


Tree=242
num_leaves=15
num_cat=0
split_feature=5 8 8 15 11 6 16 16 15 8 17 17 0 17
split_gain=4.00527 3.33274 4.32938 3.97237 3.23454 4.23598 6.29018 4.27484 4.37604 5.3692 4.29551 4.09612 3.4382 3.5807
threshold=-0.29425070735846115 -0.23496805974298834 -0.30907669842165636 -0.42903201889609005 0.79914303626071959 0.062015785408222508 -0.35205194776991927 -0.15149534973340428 0.36095763033217765 0.11647413803725727 -0.35837791494765781 0.31131029518556003 0.33333333333330034 0.42932409693121465
decision_type=2 2 2 2 2 2 2 2 2 2 2 2 2 2
left_child=1 2 -1 -3 5 6 -2 -8 10 -10 -9 -12 -7 -14
right_child=4 3 -4 -5 -6 12 7 8 9 -11 11 -13 13 -15
leaf_value=0.0057094774918159102 -0.0061135262304608789 0.014233590352572221 -0.0050284801371766503 0.0022912118576542333 0.0043834210619965565 0.00084664441621738285 0.010313359479563858 -0.0066291490267508359 0.013046021665317188 0.00034812151572469825 0.0062855953196761993 -0.0036271651191773155 -0.0010280834033067263 -0.010347921697300391
leaf_weight=76.287997037172318 86.977967500686646 48.974693074822426 53.038178890943527 51.088309362530708 130.20574399828911 86.699831828474998 50.697453662753105 77.94741602241993 48.086828023195267 69.475870713591576 79.234562665224075 63.232188522815704 64.111902102828026 87.193880423903465
leaf_count=314 360 201 218 211 540 356 211 323 203 291 328 262 263 360
internal_value=0.00109157 0.00456093 0.00128246 0.00853549 0.000127175 -0.000674465 0.000962694 0.00260375 0.0013138 0.00586229 -0.00118846 0.00191213 -0.0038988 -0.00655809
internal_weight=1073.25 229.389 129.326 100.063 843.864 713.658 475.652 388.674 337.977 117.563 220.414 142.467 238.006 151.306
internal_count=4441 944 532 412 3497 2957 1978 1618 1407 494 913 590 979 623
is_linear=0
shrinkage=0.03


Tree=243
num_leaves=15
num_cat=0
split_feature=20 15 16 16 16 9 9 5 20 1 17 20 18 0
split_gain=3.57023 4.72242 3.48044 5.17426 3.85762 5.34157 5.23849 3.39243 3.30996 2.95064 2.30458 4.47908 2.70808 2.25074
threshold=-0.96125458716180912 -0.62381340760398296 -0.99473828933789976 -0.48765575213379198 -0.062558691053893722 -0.12915749333637042 -0.05668922887675009 -0.27673928563927774 -0.23665789877919316 -1.0000000180025095e-35 0.84543701414658334 0.87406852811721458 -0.036435216571039881 0.49999999999997352
decision_type=2 2 2 2 2 2 2 2 2 2 2 2 2 2
left_child=7 9 -3 -4 6 13 -5 -1 -7 -2 11 12 -10 -6
right_child=1 2 3 4 5 8 -8 -9 10 -11 -12 -13 -14 -15
leaf_value=0.0082515860459242071 -0.0087274211300955654 -0.0064852745659220619 0.007171757051220461 -0.011322254997855177 0.0093905768220078206 -0.0070249959338812475 0.00064677289972111651 -0.00059809676663446956 0.006179927407112343 -0.0014782955540072612 0.0044461550597287396 -0.0084836124218841489 -0.0020656935494116724 0.001088898411667126
leaf_weight=76.503520101308823 91.261057764291763 58.293391287326813 95.064484447240829 54.575619131326675 74.769145593047142 59.445273488759995 72.395403683185577 73.520616486668587 58.193813681602478 111.64338178932667 86.165431186556816 51.215358093380928 78.735345780849457 48.846731260418892
leaf_count=316 377 240 392 227 312 245 298 305 242 458 355 212 328 206
internal_value=-0.000185566 -0.000876563 0.00024729 0.000868106 -0.000209557 0.00108348 -0.0047319 0.00403531 -0.000905491 -0.00487024 0.000522674 -0.00134276 0.00153289 0.00628003
internal_weight=1090.63 940.604 737.7 679.407 584.342 457.371 126.971 150.024 333.755 202.904 274.31 188.145 136.929 123.616
internal_count=4513 3892 3057 2817 2425 1900 525 621 1382 835 1137 782 570 518
is_linear=0
shrinkage=0.03


Tree=244
num_leaves=15
num_cat=0
split_feature=19 15 3 6 11 19 6 19 5 6 18 15 17 17
split_gain=4.224 4.91592 3.70837 4.08908 3.97674 2.88958 4.73678 5.67202 3.84402 3.5808 4.66711 6.35742 2.74114 2.6668
threshold=0.29448487499638509 0.29938890424115661 -0.086956521739130418 -0.13868220837283501 -0.12700764315376614 -0.97855381133066366 0.20324458386571723 -0.021234668373036808 -0.48302509512242336 -1.0000000180025095e-35 -0.74541524020194949 -0.55782472479387535 -0.38685340580979299 -0.10434638759108582
decision_type=2 2 2 2 2 2 2 2 2 2 2 2 2 2
left_child=1 5 3 -2 -5 8 7 9 -1 10 -7 -12 -3 -4
right_child=2 12 13 4 -6 6 -8 -9 -10 -11 11 -13 -14 -15
leaf_value=1.8355725739753378e-05 -0.0065645532356404142 -0.0018009198383706004 0.0088047727456588027 0.0081052446804723809 -0.0031541311307865133 -0.0056376267471321111 0.0049473898958847847 -0.0099960090362627829 -0.010492576968816041 -0.0066073989885374884 0.012465041917342779 -0.0011503792906574811 0.0061203999619981542 0.0022253822910887756
leaf_weight=49.458891570568085 65.479027822613716 60.652623102068901 88.248659536242485 53.236048445105553 50.851082846522331 52.279175907373428 77.021394520998001 76.105393886566162 80.27655927836895 63.033462807536125 49.048034116625786 70.184757098555565 97.850193336606026 148.84450334310532
leaf_count=202 274 254 368 222 211 215 315 313 331 259 202 291 405 619
internal_value=2.19804e-05 -0.0014285 0.00242091 -0.000955555 0.00271211 -0.00284056 -0.00150294 -0.00315524 -0.00663353 -0.000773226 0.00149736 0.00472677 0.00312685 0.00480557
internal_weight=1082.57 675.91 406.659 169.566 104.087 517.408 387.672 310.651 129.735 234.545 171.512 119.233 158.503 237.093
internal_count=4481 2787 1694 707 433 2128 1595 1280 533 967 708 493 659 987
is_linear=0
shrinkage=0.03


Tree=245
num_leaves=15
num_cat=0
split_feature=0 18 18 0 5 9 16 11 13 0 13 9 9 7
split_gain=3.38207 4.24723 4.01022 2.97547 4.00834 6.52163 4.18466 3.90587 3.64453 3.14249 2.82143 2.21225 6.03828 3.38183
threshold=0.1428571428571089 -0.46615391759115565 0.3994525505687555 0.59999999999999565 0.29503953362001017 0.018824529361556659 0.98791427940102539 0.32052025236412102 0.24999999999994219 0.37500000000000583 0.27272727272722691 0.054243197780676843 0.24602574646154915 1.0000000180025095e-35
decision_type=2 2 2 2 2 2 2 2 2 2 2 2 2 2
left_child=1 -1 -3 4 5 7 -6 9 11 -2 -7 13 -13 -5
right_child=3 2 -4 8 6 10 -8 -9 -10 -11 -12 12 -14 -15
leaf_value=-0.0037143616885996051 -0.012753315723611729 0.012230379573362152 0.00060441361478481457 0.0048544516307686405 0.0073186556351240656 0.0045746956070885844 -0.003773097427985699 -0.0013926793984284751 0.0078184848017940536 -0.0048377065782012375 -0.0029141780176514497 -0.0099550693193631735 0.0034049033359588557 -0.0025431840925634205
leaf_weight=48.488990232348442 99.641855984926224 51.385981693863869 51.762722566723824 109.10863517224789 60.61750216782093 79.862375855445862 53.051982522010803 87.556016206741333 49.810740783810616 96.60105536878109 92.204859852790833 60.529193520545959 53.25667642056942 104.0489786863327
leaf_count=201 413 212 213 451 252 327 222 362 212 401 380 250 218 432
internal_value=-0.000736586 0.0033533 0.00669384 -0.00140615 -0.00276537 -0.00401418 0.00220104 -0.00676923 0.000657886 -0.00907384 0.000592697 -0.000534386 -0.00382191 0.00126791
internal_weight=1097.93 151.638 103.149 946.29 569.536 455.866 113.669 283.799 376.754 196.243 172.067 326.943 113.786 213.158
internal_count=4546 626 425 3920 2357 1883 474 1176 1563 814 707 1351 468 883
is_linear=0
shrinkage=0.03


Tree=246
num_leaves=15
num_cat=0
split_feature=20 9 0 1 17 4 20 0 17 17 4 15 5 17
split_gain=3.0485 5.06446 4.4431 4.52304 3.75976 3.49174 3.57567 2.26829 2.23601 2.98283 3.72216 4.8558 2.93292 4.0432
threshold=0.60552826589577058 -0.14592673940986187 0.42857142857143238 1.0000000180025095e-35 0.41204113637476109 0.89632268074877652 -1.0000000180025095e-35 0.22881085395051115 -1.482378790043011 0.1281900954032936 0.87960330650101703 0.44778776278777155 -0.21646528104438051 -0.28523876805862053
decision_type=2 2 2 2 2 2 2 2 2 2 2 2 2 2
left_child=4 -2 7 -4 8 -6 -7 -3 -1 10 -10 12 -12 -14
right_child=1 2 3 -5 5 6 -8 -9 9 -11 11 -13 13 -15
leaf_value=0.0080747161212537943 -0.010021914085267408 -0.00026457738739247671 0.0014333044350802009 -0.0098973435121245418 -0.0083904613631944243 0.0043108720449389825 -0.0043251477635100431 0.008598631105152332 0.0059260826932028329 0.0066135167554059659 0.0008043786382390493 0.0050904335657809795 -0.0089882946910059165 0.0011315934912230813
leaf_weight=53.144256561994553 55.934843242168427 49.341093018651009 63.831661626696587 55.927994519472122 53.623740136623383 84.340231105685234 78.461850613355637 49.23217748105526 96.185204192996025 92.714195445179939 122.81966412067413 95.365402385592461 94.145107194781303 53.790682271122932
leaf_count=221 233 205 263 233 221 345 326 203 401 383 504 399 388 223
internal_value=0.000338474 -0.00237445 -0.000234733 -0.00404272 0.00124969 -0.00211236 0.000143916 0.00436353 0.00245361 0.00184809 0.000831858 -0.000568277 -0.00261755 -0.00539192
internal_weight=1098.86 274.268 218.333 119.76 824.59 216.426 162.802 98.5733 608.165 555.02 462.306 366.121 270.755 147.936
internal_count=4548 1137 904 496 3411 892 671 408 2519 2298 1915 1514 1115 611
is_linear=0
shrinkage=0.03


Tree=247
num_leaves=15
num_cat=0
split_feature=18 5 5 0 20 9 4 6 16 9 4 4 13 19
split_gain=3.41241 3.85995 3.3472 3.75288 5.05981 3.9802 5.96178 8.1209 4.7131 2.75951 4.94521 3.40547 4.83513 2.65215
threshold=1.6926274915307766 -0.48302509512242336 0.46023536176022689 0.42857142857143238 0.97219136734645517 -0.092021599925519254 0.89116234576966635 -0.093966934417080358 -0.11898962792721783 -0.090069977374973353 0.95992886481237072 0.89632268074877652 0.09317829457365652 0.35050979791084153
decision_type=2 2 2 2 2 2 2 2 2 2 2 2 2 2
left_child=1 -1 3 5 9 8 -7 -8 -3 10 -5 -11 -13 -9
right_child=-2 2 -4 4 -6 6 7 13 -10 11 -12 12 -14 -15
leaf_value=0.0072015385708821197 -0.0064815420923352842 -0.0085630136913838369 0.0057951732234645227 0.0066624911826734688 -0.011057690172570711 -0.0054961936519818209 0.015480651740953758 -0.0001365364310307593 0.0018173252630649952 -0.0089976127726029264 -0.0035247996766058247 0.0048508670637314854 -0.0049150332594945067 0.0077464113478250612
leaf_weight=63.517134144902229 65.92527562379837 61.981716126203537 72.988916918635368 81.217355966567993 50.599022567272186 50.46930243074894 50.98438136279583 125.39081902801991 92.148655071854591 64.751390218734741 80.821323305368423 69.56661082804203 113.0274334102869 50.268080219626427
leaf_count=261 271 255 307 342 211 207 210 516 383 267 338 287 468 208
internal_value=-0.00011657 0.000321124 -0.000166933 -0.00068482 -0.0025568 0.00131834 0.0034459 0.00551279 -0.0024949 -0.00138536 0.00162788 -0.00335252 -0.00116419 0.00227128
internal_weight=1093.66 1027.73 964.215 891.226 459.983 431.243 277.113 226.643 154.13 409.384 162.039 247.345 182.594 175.659
internal_count=4531 4260 3999 3692 1913 1779 1141 934 638 1702 680 1022 755 724
is_linear=0
shrinkage=0.03


Tree=248
num_leaves=15
num_cat=0
split_feature=3 13 18 18 13 19 5 4 13 17 3 19 9 6
split_gain=2.68452 8.06396 4.60718 10.1505 4.45565 3.94413 3.48658 3.4232 5.4432 4.56221 3.26222 4.0477 3.66503 4.09389
threshold=0.21739130434782608 0.28692493946742825 -0.43167622971675562 0.079367467931613297 0.090909090909075632 -0.17483850483977123 -0.0058200338549816147 1.091539033307644 0.32797220792588844 0.84543701414658334 -0.34782608695652167 0.60224958501080272 -0.13035059866740764 -0.071697714572437718
decision_type=2 2 2 2 2 2 2 2 2 2 2 2 2 2
left_child=4 2 -2 -4 5 -1 -3 9 -9 10 -6 12 -12 -14
right_child=1 6 3 -5 7 -7 -8 8 -10 -11 11 -13 13 -15
leaf_value=-0.0012793217136315982 -0.013348039048718379 0.0075003055623777022 0.0069003298085546687 -0.0094676589688491523 -0.0081218322064467458 0.007766717847171597 -0.001937077194281154 0.0083364282792424693 -0.0032067440985248589 0.0052345887949331888 -0.0090222973415211832 0.0044726637716827663 0.0056985644111937272 -0.004391644787896362
leaf_weight=65.39619617164135 57.212542131543159 67.156151235103607 50.69684574007988 84.244251161813736 89.839824229478836 116.8879280090332 65.653681665658951 77.786721542477608 62.400372758507729 61.782970681786537 70.661047890782356 68.769249573349953 50.78933934867382 98.307152569293976
leaf_count=269 235 279 209 347 373 486 272 321 260 255 292 288 211 405
internal_value=-0.000425802 -0.00268724 -0.00654831 -0.00329144 0.000549057 0.00457385 0.00293398 -0.000743406 0.00326482 -0.00204235 -0.00328337 -0.00166411 -0.00364128 -0.000881066
internal_weight=1087.58 324.963 192.154 134.941 762.621 182.284 132.81 580.337 140.187 440.15 378.367 288.527 219.758 149.096
internal_count=4502 1342 791 556 3160 755 551 2405 581 1824 1569 1196 908 616
is_linear=0
shrinkage=0.03


Tree=249
num_leaves=15
num_cat=0
split_feature=16 19 18 18 7 0 19 9 6 4 0 19 0 16
split_gain=2.37956 3.6968 3.41107 8.20726 6.2481 4.6157 5.16705 5.20447 7.06891 4.01712 3.94124 3.83561 3.59761 2.81144
threshold=-1.1915105967395923 -1.1327708908107408 -1.1800116896823714 -0.81431262362160861 1.0000000180025095e-35 0.87287157287155437 0.095257677244164965 0.0027509794691651739 -0.10267218583154757 0.96926547053491541 0.33333333333330034 -0.41648346960594379 0.57142857142858849 0.017567972707684353
decision_type=2 2 2 2 2 2 2 2 2 2 2 2 2 2
left_child=-1 -2 4 -4 -3 6 7 8 11 10 -8 -5 -12 -9
right_child=1 2 3 5 -6 -7 9 13 -10 -11 12 -13 -14 -15
leaf_value=0.0050553301382438576 -0.0058186841808412536 -0.010673402477596879 0.011223453645875976 -0.0018227182854223291 0.0029942455551248861 -0.0078822521658957305 0.0081456754452347187 0.011470145915128764 -0.0079147280435761871 -0.0042657426854047333 -0.0068483922561176558 0.0089466496114934627 0.0033754726172399115 0.0030182556632676483
leaf_weight=96.599564895033836 78.318880379199982 56.070018991827965 65.892967760562897 48.236822694540024 55.989738389849663 49.477590709924698 56.504548534750938 82.936662763357162 57.022968292236328 187.27230478823185 50.810477912425995 67.089644119143486 64.952878281474113 67.237235099077225
leaf_count=398 323 232 274 200 234 205 235 339 236 778 211 278 270 277
internal_value=0.000683208 0.000232346 0.00078238 0.00147637 -0.00400827 0.000528178 0.0011912 0.00391944 0.000321569 -0.00127634 0.0020021 0.00455365 -0.0012097 0.00790517
internal_weight=1084.41 987.813 909.494 797.434 112.06 731.541 682.064 322.523 172.349 359.54 172.268 115.326 115.763 150.174
internal_count=4490 4092 3769 3303 466 3029 2824 1330 714 1494 716 478 481 616
is_linear=0
shrinkage=0.03


Tree=250
num_leaves=15
num_cat=0
split_feature=0 15 18 5 5 5 18 3 16 11 11 5 0 15
split_gain=3.59977 5.09591 3.81484 3.3447 3.82057 5.08025 3.85655 3.21089 3.23485 2.83542 2.46473 2.26258 2.94769 1.49512
threshold=0.59999999999999565 0.42938634698685457 -0.61987668550332997 -0.074906084785037477 0.098100151380593983 0.18803305658964706 0.23367168003634206 0.3043478260869566 -0.93900175081794801 -0.56661649906747236 0.5225622538266036 -0.11356753194242696 0.80993431855501019 -0.16652792366732588
decision_type=2 2 2 2 2 2 2 2 2 2 2 2 2 2
left_child=1 3 -2 7 13 -6 -7 8 -1 -10 11 -4 -13 -5
right_child=2 -3 10 4 5 6 -8 -9 9 -11 -12 12 -14 -15
leaf_value=0.00067048115893233225 -0.0033357809818921748 -0.006785346494656265 0.0093976204294206247 0.0099210757347718108 -0.0078028014025378796 -0.0018117159549042433 0.0074303935789709922 0.0031725087630076147 -0.0012379923409496011 -0.01030604207228041 -0.00086498317251136581 -0.00065878938113235236 0.0081986731567214814 0.0023202051365574759
leaf_weight=68.365114480257034 91.035477921366692 137.60656972229481 72.296893239021301 48.564223080873489 58.296701982617378 90.316691964864731 66.687482938170433 57.180474027991295 48.839115083217621 88.023749962449074 80.080631539225578 85.351312786340714 50.28174515068531 48.256002172827721
leaf_count=281 379 574 298 201 240 374 276 236 201 362 332 355 209 200
internal_value=-0.000455484 -0.00170884 0.00189085 -0.000444902 0.00164312 -0.00060786 0.00222204 -0.00291278 -0.00464338 -0.00722782 0.00357164 0.00526052 0.00279959 0.00643271
internal_weight=1091.18 712.136 379.046 574.53 312.121 215.301 157.004 262.408 205.228 136.863 288.011 207.93 135.633 96.8202
internal_count=4518 2945 1573 2371 1291 890 650 1080 844 563 1194 862 564 401
is_linear=0
shrinkage=0.03


Tree=251
num_leaves=15
num_cat=0
split_feature=4 20 17 17 13 4 18 18 13 17 5 20 4 5
split_gain=3.13277 4.85481 5.85958 7.28621 4.64679 3.87957 4.16132 3.8895 3.49746 3.16834 4.12324 3.29975 3.90683 3.24273
threshold=0.98139758526782583 -0.77891677309174623 -0.76572622120211575 -0.38139787134643988 0.033898305084742578 0.93630148886695086 0.61029751079919048 -0.044617389697767865 0.23333333333335865 0.61816216018588377 0.038703117694383789 -0.60262561079739307 1.091539033307644 0.047793387187318633
decision_type=2 2 2 2 2 2 2 2 2 2 2 2 2 2
left_child=1 -1 8 -4 -2 6 7 -5 -3 11 -11 -6 -13 -14
right_child=4 2 3 5 9 -7 -8 -9 -10 10 -12 12 13 -15
leaf_value=0.0084845913263346378 -0.0079890454466743366 -0.010717046957721028 0.012180483343861206 0.00038868506841083358 -0.0023861371073676529 0.0060507501206936163 0.0039173064085261467 -0.0095176590044147441 0.00037807053178334147 0.002193033682179134 -0.0087253210126736602 0.00016593477519963887 0.013043089019615983 0.0021108284577912302
leaf_weight=87.370479628443718 69.091297894716263 48.619248613715172 55.796240895986557 72.065449878573418 121.38018472492695 84.328050166368484 80.326945707201958 64.908621624112129 48.250779300928116 52.162712812423706 66.597084477543831 128.96763281524181 49.575902178883553 48.354381412267685
leaf_count=362 288 200 233 299 500 349 331 269 201 214 275 534 206 201
internal_value=0.000612258 0.00221175 0.000926117 0.00270364 -0.00100925 0.000780556 -0.00135474 -0.00447555 -0.00544328 9.69879e-05 -0.00403481 0.00154306 0.00365113 0.00800989
internal_weight=1077.8 541.666 454.295 357.425 536.129 301.629 217.301 136.974 96.87 467.038 118.76 348.278 226.898 97.9303
internal_count=4462 2244 1882 1481 2218 1248 899 568 401 1930 489 1441 941 407
is_linear=0
shrinkage=0.03


Tree=252
num_leaves=15
num_cat=0
split_feature=15 6 16 14 18 14 18 16 6 0 3 1 18 7
split_gain=2.4289 2.01004 2.26451 1.80082 2.03806 2.02971 4.92923 4.06232 3.32359 3.26689 4.69108 5.23679 3.50696 4.76493
threshold=-1.2922240129528129 0.44239605068973875 1.4438888571333093 0.65058139534884896 -1.4340908392176901 0.37766439909296551 -0.33117585331996319 0.78830265113572195 -0.00082345377770628992 0.53907203907208523 0.26086956521739135 1.0000000180025095e-35 -0.61987668550332997 1.0000000180025095e-35
decision_type=2 2 2 2 2 2 2 2 2 2 2 2 2 2
left_child=-1 2 3 4 -2 7 -7 9 -8 12 11 -11 -6 -14
right_child=1 -3 -4 -5 5 6 8 -9 -10 10 -12 -13 13 -15
leaf_value=-0.0054749263725826286 0.0046567148487556345 0.0041441565842742492 -0.0063070997014369294 -0.004932741815558985 -0.010824681420130596 0.0087698091860841359 -0.0060301503527607136 0.0049608899553634745 0.0034653282434236664 0.0072213889491559704 -0.0064405618350969361 -0.0029707682390037096 0.0025415986597819812 -0.0068858723649913491
leaf_weight=74.732124447822571 81.135105013847351 89.011310800909996 50.996107280254364 59.067468553781509 56.603999584913254 65.45913165807724 58.996070355176926 79.504763975739479 64.185412466526031 99.489551842212677 62.347754284739494 76.374097481369972 87.880408570170403 96.856791883707047
leaf_count=306 338 367 214 243 235 269 243 331 263 416 258 319 366 402
internal_value=-0.000430773 -3.932e-05 -0.000455782 -8.6279e-05 0.000286616 -0.000215381 0.00243625 -0.00112378 -0.00114023 -0.00217333 0.000325062 0.00283537 -0.00459587 -0.00245238
internal_weight=1102.64 1027.91 938.897 887.901 828.833 747.698 188.641 559.057 123.181 479.553 238.211 175.864 241.341 184.737
internal_count=4570 4264 3897 3683 3440 3102 775 2327 506 1996 993 735 1003 768
is_linear=0
shrinkage=0.03


Tree=253
num_leaves=15
num_cat=0
split_feature=17 19 16 15 19 4 13 15 3 5 5 16 17 20
split_gain=3.20485 3.19025 4.24424 3.69296 2.41178 2.68545 5.18043 7.83361 4.72062 4.22221 5.05891 4.07994 2.98118 2.43928
threshold=1.5012498407336701 1.4387939684029598 1.1430952548622055 1.1213608527974268 -1.3072479939285742 1.0848987785571775 0.088235294117636989 0.20026516609428127 0.17391304347826089 -0.37330938935823882 -0.25064746997383031 -0.40807926571037562 0.5584229783706075 -0.25721458238065925
decision_type=2 2 2 2 2 2 2 2 2 2 2 2 2 2
left_child=1 2 3 4 -1 6 7 -6 -7 -8 -11 -12 13 -13
right_child=-2 -3 -4 -5 5 8 9 -9 -10 10 11 12 -14 -15
leaf_value=0.0044762106035973427 -0.0064077771908232174 -0.0062975867559011125 0.0075312463031013644 0.0068671911646545312 0.010571670292484618 0.0054909766204745422 -0.010462425619862759 -0.0048764853359613619 -0.0044248825400462662 0.0053850109067901178 -0.011183090631492983 -0.0084705271049744599 0.002879251343627212 -0.0016658110028012988
leaf_weight=80.974415808916092 60.547223657369614 54.84792348742485 73.468030691146851 65.240985244512558 62.234762907028198 126.36201846599579 58.068757891654968 48.665450170636177 59.957410782575607 64.105140343308449 48.304363831877708 65.986202090978622 76.145801141858101 153.0447755753994
leaf_count=333 247 230 306 274 254 523 240 201 248 264 200 273 315 639
internal_value=2.67104e-05 0.000431187 0.000836781 0.000257532 -0.000290924 -0.000822778 -0.00183244 0.00387476 0.00226781 -0.00321839 -0.00207205 -0.00352108 -0.00210184 -0.00385912
internal_weight=1097.95 1037.41 982.558 909.09 843.849 762.875 576.555 110.9 186.319 465.655 407.586 343.481 295.177 219.031
internal_count=4547 4300 4070 3764 3490 3157 2386 455 771 1931 1691 1427 1227 912
is_linear=0
shrinkage=0.03


Tree=254
num_leaves=15
num_cat=0
split_feature=18 14 9 8 8 8 4 5 8 6 5 19 6 5
split_gain=2.99917 4.30048 4.07065 4.81405 5.53701 4.29572 4.54124 4.14192 5.29369 3.72401 6.24291 6.23636 6.36218 4.20721
threshold=1.0405668879032446 0.25000000000000394 0.10192431972916276 -0.15226074808877191 -0.23236263046184488 -0.10193897354407359 1.1425953828841362 0.038703117694383789 -0.12190026227426513 -0.38265794378946455 0.12534913240106929 0.35050979791084153 -0.08822998053737606 -0.064139874598266353
decision_type=2 2 2 2 2 2 2 2 2 2 2 2 2 2
left_child=2 -2 3 4 -1 -5 9 8 -4 -7 13 -12 -13 -11
right_child=1 -3 7 5 -6 6 -8 -9 -10 10 11 12 -14 -15
leaf_value=-0.000139821201403541 0.0078052147934153902 -0.0020188354087500799 -0.006927048138218931 -0.0086099185754232154 0.010352128765746524 -0.0046897440541791915 -0.0083069172524012445 -0.010763723736884815 0.0056015054196638554 0.00069031978845565255 -0.0076969022630443175 -0.0031915782242633705 0.010423186693656101 0.010654551627306988
leaf_weight=111.88852117955685 83.77910453081131 70.106230422854424 63.572189003229141 61.541919007897377 70.88202340900898 91.210408478975296 53.959613040089607 65.578300297260284 49.659113004803658 67.273990035057068 81.102550178766251 66.205597653985023 50.229149356484413 85.336877584457397
leaf_count=462 348 286 260 255 293 379 226 271 204 280 335 277 210 355
internal_value=-0.000402689 0.00340694 -0.00105599 -6.26145e-05 0.00409647 -0.001452 -0.000485493 -0.0050515 -0.00142796 0.000553079 0.00196558 -0.0015519 0.00286908 0.00642336
internal_weight=1072.33 153.885 918.44 739.631 182.771 556.86 495.318 178.81 113.231 441.359 350.148 197.537 116.435 152.611
internal_count=4441 634 3807 3072 755 2317 2062 735 464 1836 1457 822 487 635
is_linear=0
shrinkage=0.03


Tree=255
num_leaves=15
num_cat=0
split_feature=17 17 15 16 5 11 3 7 3 3 13 13 8 17
split_gain=2.97242 3.21097 3.04118 3.70453 5.59248 5.38054 5.85022 3.97808 9.36413 3.70726 4.21128 3.63907 4.46312 2.9056
threshold=1.4647633478518802 0.84543701414658334 0.99071601395791331 -0.53814958472602392 -0.26044638799196634 0.60713501249963808 -0.043478260869565209 -0.33333333333333331 -0.17391304347826084 -0.39130434782608686 0.12499999999998657 0.21428571428569279 0.16485981230234018 0.010944774321321979
decision_type=2 2 2 2 2 2 2 2 2 2 2 2 2 2
left_child=1 2 3 4 5 6 -1 8 -5 -9 -11 -12 13 -13
right_child=-2 -3 -4 7 -6 -7 -8 9 -10 10 11 12 -14 -15
leaf_value=-0.0027640874464906779 -0.0065379286688061538 0.004369331217831251 -0.0054082945827518894 -0.0040833354863160486 -0.010377799907715035 -0.0076624084898059414 0.0097415124532877987 0.0067589106044751539 0.011586306659964893 -0.0066653926593180542 0.0067678262941138498 -0.0018541197339316622 -0.0086135585590330042 0.0061810597180856526
leaf_weight=68.605425253510475 61.752010032534599 126.86898343265057 101.30531412363052 52.22424054145813 63.12612946331501 55.911910936236382 58.07465386390686 55.594912946224213 84.846842467784882 90.732858508825302 61.475946217775345 102.52446699142456 50.404568880796432 60.267009884119034
leaf_count=282 253 524 427 217 262 230 240 231 352 375 253 427 209 251
internal_value=-0.000402654 -5.76951e-06 -0.000639672 -8.94124e-06 -0.00304222 -0.000297141 0.00312113 0.00134177 0.00568256 -0.000121639 -0.00124559 0.000631895 -0.00125197 0.00121613
internal_weight=1093.72 1031.96 905.094 803.789 245.718 182.592 126.68 558.071 137.071 421 365.405 274.672 213.196 162.791
internal_count=4533 4280 3756 3329 1014 752 522 2315 569 1746 1515 1140 887 678
is_linear=0
shrinkage=0.03


Tree=256
num_leaves=15
num_cat=0
split_feature=0 0 4 15 6 7 4 13 15 15 16 16 13 5
split_gain=2.71607 3.25959 4.38684 3.79322 3.84715 2.7937 2.98853 2.82183 2.26466 3.2753 3.8161 3.98452 3.20302 2.27796
threshold=0.29411764705888316 0.36140661938532576 1.046573066071846 0.44778776278777155 -0.083530653989835682 -0.33333333333333331 0.94370225182603318 0.29999999999997229 0.66186330491334788 -1.2922240129528129 -0.088467918857451727 0.45461044874491041 0.048003072196615475 0.15371128970052869
decision_type=2 2 2 2 2 2 2 2 2 2 2 2 2 2
left_child=5 -2 8 4 -4 -1 -7 -8 9 -3 -11 -12 -10 -14
right_child=1 2 3 -5 -6 6 7 -9 12 10 11 -13 13 -15
leaf_value=0.0026783322244730914 0.0067455662115338509 -0.0031787096562184993 -0.00064370647979344268 0.001396165388413197 -0.011897214183925796 -0.0079716418650175817 -0.0064012430739993128 0.0017131358817723706 0.0047584827738143725 0.0084112541630088893 -0.003748795500874349 0.0056802448037906253 0.00083025206453451821 -0.0079445647592719191
leaf_weight=81.58755424618721 80.602649956941605 53.354329228401184 50.062809869647026 86.766685470938683 56.8795315772295 85.229365736246109 53.942991122603416 107.36551532149315 52.884915232658386 128.28801617026329 69.537963449954987 83.419024288654327 46.892720341682434 54.094916552305222
leaf_count=337 331 218 208 363 234 353 222 445 221 529 288 346 200 227
internal_value=0.00024567 0.00122614 0.000529657 -0.00323849 -0.00689318 -0.00201779 -0.00359424 -0.00111125 0.00204163 0.0034112 0.00469505 0.0014106 -0.000950164 -0.0040231
internal_weight=1090.91 762.784 682.181 193.709 106.942 328.125 246.538 161.309 488.472 334.599 281.245 152.957 153.873 100.988
internal_count=4522 3165 2834 805 442 1357 1020 667 2029 1381 1163 634 648 427
is_linear=0
shrinkage=0.03


Tree=257
num_leaves=15
num_cat=0
split_feature=20 5 19 15 11 11 17 16 16 15 15 19 4 19
split_gain=3.05752 2.8473 4.7408 3.46264 8.10147 5.57089 4.31818 3.13582 3.74604 4.54863 3.27634 3.89527 3.38678 2.71987
threshold=-1.4638302109074233 0.46023536176022689 1.039335002587346 0.27142011607999267 0.65189489500862075 0.044725714828701392 -0.10434638759108582 -0.45431381419421984 -0.92547837878449801 -0.53671471433056606 -0.97880177203556229 0.095257677244164965 0.99877772358200179 -0.21712216890917918
decision_type=2 2 2 2 2 2 2 2 2 2 2 2 2 2
left_child=-1 2 3 7 5 6 -5 8 -2 -10 -9 13 -13 -12
right_child=1 -3 -4 4 -6 -7 -8 10 9 -11 11 12 -14 -15
leaf_value=0.0076159675920818432 0.00026185065422752995 0.0053903917515084202 -0.0073929026328908506 0.0087134822398651814 0.012773681427448494 -0.0066375628903001674 -0.0012429136136290458 0.0064478874671063963 -0.013814079487289287 -0.001595127153194018 -0.0002947866395984114 -0.0084074614752556696 0.0010527578234632226 0.0071030187957271847
leaf_weight=47.839128702878952 105.97307419776917 82.727859795093536 72.061684310436249 70.398468866944313 56.326016664505005 64.917462423443794 79.414570778608322 67.875371918082237 49.566739022731781 58.106246948242188 139.55258432030678 75.940087243914604 57.069301679730415 60.569079875946045
leaf_count=199 435 347 301 297 235 271 329 279 205 238 576 316 236 249
internal_value=0.000575676 0.000217109 -0.000255409 0.000363541 0.00315638 0.000400407 0.003566 -0.000883611 -0.00377502 -0.00758347 0.000684378 -0.000567917 -0.00445735 0.00206281
internal_weight=1088.34 1040.5 957.771 885.709 271.057 214.731 149.813 614.652 213.646 107.673 401.006 333.131 133.009 200.122
internal_count=4513 4314 3967 3666 1132 897 626 2534 878 443 1656 1377 552 825
is_linear=0
shrinkage=0.03


Tree=258
num_leaves=15
num_cat=0
split_feature=20 10 8 12 9 11 4 4 8 9 4 9 13 18
split_gain=2.72693 3.23449 3.05189 2.96945 3.1409 3.02904 8.43321 6.94231 2.42246 2.37557 3.30445 4.5961 3.97431 3.28855
threshold=-0.67717505028292291 1.0000000180025095e-35 -0.22672525562150872 1.0000000180025095e-35 0.2112887573048908 -0.21781914021323551 1.0536460009864281 0.98399662357111317 -0.15536587557316484 0.11399890434109566 0.84855737257407748 -0.060632821458611583 0.10344827586205578 0.023253782081980815
decision_type=2 2 2 2 2 2 2 2 2 2 2 2 2 2
left_child=1 2 -1 4 9 7 -7 -5 -3 10 -2 12 -12 -13
right_child=3 8 -4 5 -6 6 -8 -9 -10 -11 11 13 -14 -15
leaf_value=-0.0034222338151920165 -0.0059191429951559295 -0.00164700970281964 0.0049958673821598448 -0.0064975128540810346 0.0041366677369877834 0.012018340355765553 -0.0031958116115715744 0.006509492442836994 -0.010882654046568466 -0.0072143817751648227 0.005004310027262461 -0.00071667723896268426 -0.0042593856190049446 0.0089005635697354101
leaf_weight=81.48851466178894 77.266238510608673 51.639154821634293 65.266121193766594 64.728004723787308 115.13354887068272 87.111510723829269 48.193205311894417 73.538692474365234 50.058261722326279 49.10287281870842 51.227706730365753 51.513289049267769 159.36417184770107 76.556652694940567
leaf_count=333 322 216 269 269 473 363 201 305 207 203 214 213 660 317
internal_value=0.000220548 -0.00251491 0.000362798 0.00102662 -0.000194173 0.00357259 0.00667855 0.000406155 -0.00648999 -0.00129901 -0.000523265 0.000776021 -0.00194214 0.00515066
internal_weight=1102.19 248.452 146.755 853.736 580.164 273.571 135.305 138.267 101.697 465.031 415.928 338.662 210.592 128.07
internal_count=4565 1025 602 3540 2402 1138 564 574 423 1929 1726 1404 874 530
is_linear=0
shrinkage=0.03


Tree=259
num_leaves=15
num_cat=0
split_feature=0 0 8 18 18 9 0 15 6 5 5 4 7 5
split_gain=3.58368 4.51822 8.42144 5.1922 2.65812 2.62173 2.84275 2.33802 3.51292 2.81857 3.73196 4.40922 2.59467 2.01278
threshold=0.68027777777779641 0.81955828779598017 -0.044661176812283251 0.32194566256903207 1.6496075546158997 -0.21860151582873474 0.35294117647055373 -0.90499398696093147 -0.33174590475647764 0.093595352474629037 0.19738113187947806 0.94370225182603318 1.0000000180025095e-35 -0.32664522015199171
decision_type=2 2 2 2 2 2 2 2 2 2 2 2 2 2
left_child=4 2 -2 -3 5 6 -1 -7 -9 13 -11 -12 -13 -10
right_child=1 3 -4 -5 -6 7 -8 8 9 10 11 12 -14 -15
leaf_value=-0.0064571460156474195 0.0031581455898707757 -0.0023457809113314565 -0.010861533457116457 0.0096286132565163648 -0.004077343645811627 -0.0027406237635204029 0.0031569324265555013 0.010214040423298515 0.0007023872871193209 -0.0054251630852462599 -0.0034025317931083241 0.011124115847441218 0.0017176865638961454 0.0061854292421754881
leaf_weight=51.554979220032692 62.205562502145767 80.240657344460487 89.207929268479347 48.248478695750237 52.969120934605598 49.720566838979721 49.863448783755302 64.431691691279411 82.428292781114578 64.72434763610363 61.421097442507744 49.199231371283531 55.689573213458061 234.01710768043995
leaf_count=213 257 333 370 200 218 205 208 267 341 268 256 204 233 970
internal_value=0.00115844 -0.00174882 -0.00518496 0.00234291 0.00216024 0.00261696 -0.00180404 0.00330308 0.00381239 0.00297338 0.000435947 0.00280874 0.00643527 0.00479034
internal_weight=1095.92 279.903 151.413 128.489 816.019 763.05 101.418 661.632 611.911 547.48 231.034 166.31 104.889 316.445
internal_count=4543 1160 627 533 3383 3165 421 2744 2539 2272 961 693 437 1311
is_linear=0
shrinkage=0.03


Tree=260
num_leaves=15
num_cat=0
split_feature=4 13 4 13 4 13 4 8 13 17 17 13 18 17
split_gain=3.6526 4.77415 4.04418 4.73195 3.69699 2.89306 4.84634 4.74644 4.11732 2.84457 6.60913 3.64684 2.67205 2.04915
threshold=0.96669374490189652 1.0000000180025095e-35 1.0129807468978294 0.17080889163320831 1.0482902353534362 0.1333333333333156 0.89854866269547407 0.17646376555471763 0.44444444444445247 0.61816216018588377 0.010944774321321979 0.22222222222218113 -0.044617389697767865 0.14522375922059608
decision_type=2 2 2 2 2 2 2 2 2 2 2 2 2 2
left_child=1 -1 3 -2 12 6 -3 8 13 10 11 -6 -4 -7
right_child=2 5 4 -5 9 7 -8 -9 -10 -11 -12 -13 -14 -15
leaf_value=0.0094968950781743767 -0.012017884974709766 -0.0079895881155678788 -0.00013694219309801954 -0.0011736300864163291 0.0016206941066335917 0.0040022464949771436 0.0039382964916863904 -0.004385384792946187 -0.0013825994902570561 -0.0058244010365115489 0.0064625463509395149 -0.0074199100918322372 0.0094285808429401766 0.010811227946963197
leaf_weight=63.38523805141449 56.127512410283089 67.437581181526184 48.471313148736954 91.88448391854763 69.262609407305717 115.67675164341927 49.078060552477837 68.882645413279533 79.820203095674515 89.467461675405502 92.051759049296379 85.877522379159927 52.051724165678024 65.43145939707756
leaf_count=263 233 278 201 379 286 483 202 285 334 370 382 356 216 270
internal_value=0.000265597 0.00211153 -0.0013465 -0.00554421 0.000121292 0.000969102 -0.00301007 0.00239882 0.00423857 -0.00139601 0.000290475 -0.00345913 0.00502823 0.00668659
internal_weight=1094.91 509.712 585.194 148.012 437.182 446.327 116.516 329.811 260.928 336.659 247.192 155.14 100.523 181.108
internal_count=4538 2115 2423 612 1811 1852 480 1372 1087 1394 1024 642 417 753
is_linear=0
shrinkage=0.03


Tree=261
num_leaves=15
num_cat=0
split_feature=9 16 8 5 16 16 9 19 20 7 9 8 14 11
split_gain=3.35229 3.89143 6.69106 4.14302 3.30798 9.54469 6.34559 4.41585 3.4861 8.78989 3.9513 6.56072 3.18265 3.16064
threshold=-0.00843628208620501 1.0000000180025095e-35 -0.17311828213341895 0.11325593832586646 0.10240014494808027 0.57066360050685161 -0.13597460498986516 0.18208407729772411 -0.078716046280969829 0.33333333333333337 -0.1802338901546853 -0.17653250958472957 0.19625350140054393 0.22926490684467718
decision_type=2 2 2 2 2 2 2 2 2 2 2 2 2 2
left_child=4 2 -2 -3 8 6 -6 -7 9 10 -1 -12 -10 -9
right_child=1 3 -4 -5 5 7 -8 13 12 -11 11 -13 -14 -15
leaf_value=-0.01151727902168354 -0.0026074208646205796 -0.007773010348719041 0.0079335321890093083 0.0011541031741201669 0.01485214680959464 0.0022749198058674611 0.00088500883519372587 -0.0022665730922110886 -0.0024492245204615136 0.0084555785533559011 -0.0082378782309826763 0.0056372031503962713 -0.012593070864634372 -0.012802896559407601
leaf_weight=51.235628545284271 80.620408564805984 58.467892378568649 148.74178367853165 174.33312481641769 47.362858712673187 60.186103716492653 67.942190438508987 53.155256330966949 54.772509604692459 53.952932894229889 59.502377048134804 53.735998913645744 58.647709399461746 49.693203270435333
leaf_count=213 330 241 614 720 199 249 283 223 229 225 246 223 242 209
internal_value=-0.000397985 0.00152002 0.00425182 -0.00120423 -0.00185126 0.000559413 0.007001 -0.00406911 -0.00385152 -0.00156407 -0.00500335 -0.00169366 -0.00800468 -0.00771494
internal_weight=1072.35 462.163 229.362 232.801 610.187 278.34 115.305 163.035 331.847 218.427 164.474 113.238 113.42 102.848
internal_count=4446 1905 944 961 2541 1163 482 681 1378 907 682 469 471 432
is_linear=0
shrinkage=0.03


Tree=262
num_leaves=15
num_cat=0
split_feature=6 19 0 0 0 17 14 4 10 6 6 16 6 0
split_gain=2.27282 3.94828 2.16187 3.80702 3.67112 4.23611 3.18963 5.94891 4.81816 3.96227 4.7282 3.93424 3.42597 3.02652
threshold=-0.40293939149435815 -0.231975997383222 0.07142857142856153 0.28571428571428859 0.22318007662843559 0.342537044366577 0.32307449494949597 1.046573066071846 1.0000000180025095e-35 -0.0017678777389399656 0.11450963345503469 -0.053313624679409567 -0.082182695244570156 0.69488409770687498
decision_type=2 2 2 2 2 2 2 2 2 2 2 2 2 2
left_child=1 -1 -2 4 5 -4 7 9 -9 13 -11 -12 -8 -5
right_child=2 -3 3 6 -6 -7 12 8 -10 10 11 -13 -14 -15
leaf_value=0.0034593545944298868 0.0062660615850235407 -0.0066761043381989614 0.0039888308649313484 0.0097369050718601746 -0.0081730908067136707 -0.0060230679400834746 0.00021272933707371474 -0.0092940072676880835 0.0014268444243499593 -0.0065539431998336674 0.0090530818946081403 -0.0014803986431041138 0.0093669590819025154 0.0020466926544793914
leaf_weight=52.626394391059875 67.835687145590782 83.851084306836128 93.044964835047722 89.127647548913956 65.840923771262169 57.141941398382187 60.843338459730148 74.272015258669853 69.779832154512405 64.226127609610558 51.991760909557343 69.84482042491436 89.015751212835312 96.845495671033859
leaf_count=217 281 350 386 376 273 235 254 307 290 265 214 288 366 402
internal_value=0.00077099 -0.00278369 0.00129366 0.000878051 -0.00254352 0.000108254 0.00199867 0.000856573 -0.00422709 0.00285491 -0.000254122 0.00319427 0.00577718 0.00589066
internal_weight=1086.29 136.477 949.81 881.975 216.028 150.187 665.947 516.088 144.052 372.036 186.063 121.837 149.859 185.973
internal_count=4504 567 3937 3656 894 621 2762 2142 597 1545 767 502 620 778
is_linear=0
shrinkage=0.03


Tree=263
num_leaves=15
num_cat=0
split_feature=4 0 8 13 0 14 14 13 6 14 15 0 13 16
split_gain=2.8574 4.21383 3.65067 3.51395 3.2932 3.96663 5.05824 3.18235 2.38899 4.02228 2.58225 2.19752 3.54533 2.08772
threshold=0.90427178824308008 0.060303030303023565 0.29413205771700124 0.15384615384613198 0.83333333333333581 0.24000000000005686 0.32742946708464021 0.036564171122990603 0.26795081982430824 0.16666666666662042 -0.12058780711009566 0.51754926108377131 0.42462121212121445 -0.64969003005937154
decision_type=2 2 2 2 2 2 2 2 2 2 2 2 2 2
left_child=3 -2 4 7 5 8 -7 -1 9 10 -3 12 -5 -8
right_child=1 2 -4 11 -6 6 13 -9 -10 -11 -12 -13 -14 -15
leaf_value=0.0036938445087663337 -0.0095295294247944601 -0.0053621011950816377 -0.0075334448196314949 -0.0029427214388040566 0.0062624627169414271 0.0076911097464254143 0.0039704947720208784 -0.0055893814493998863 0.0023737011668482997 -0.01021225338805553 0.001951624034796055 0.0093080056143729408 0.0070807163050078626 -0.0025494647618967609
leaf_weight=51.028100192546844 51.573815867304802 87.350025653839111 64.782788217067719 59.85807529091835 57.202932789921761 78.78181765973568 54.21044510602951 77.945713564753532 49.065483629703522 75.287925139069557 78.287783414125443 53.78153170645237 58.03038027882576 170.9051730632782
leaf_count=212 213 361 271 246 237 324 223 321 203 310 334 226 242 704
internal_value=-0.000673365 -0.00164219 -0.00101181 0.00178614 -0.000310444 -0.00099054 0.0013953 -0.00191572 -0.00347207 -0.00468664 -0.00194941 0.00454282 0.00207864 -0.000927226
internal_weight=1068.09 767.448 715.874 300.644 651.092 593.889 303.897 128.974 289.991 240.926 165.638 171.67 117.888 225.116
internal_count=4427 3180 2967 1247 2696 2459 1251 533 1208 1005 695 714 488 927
is_linear=0
shrinkage=0.03


Tree=264
num_leaves=15
num_cat=0
split_feature=14 14 0 5 8 0 18 0 6 8 16 19 14 8
split_gain=4.14644 3.7862 3.21822 3.2626 8.60945 3.64703 2.61199 2.26034 2.24461 2.18568 5.02868 3.94636 3.92678 2.62324
threshold=0.020833333333354059 0.066666666666658048 0.063660925363046669 0.30630111190991299 0.26975810459212507 0.18181818181816656 -0.4871298311435151 0.24217986314759371 -0.029093792777850066 -0.079258690664661402 -0.020103902481425868 -0.40389858176992743 0.23660287081341841 -0.23496805974298834
decision_type=2 2 2 2 2 2 2 2 2 2 2 2 2 2
left_child=6 -2 -3 5 -5 -4 -1 -7 -8 11 -11 13 -12 -9
right_child=1 2 3 4 -6 7 8 9 -10 10 12 -13 -14 -15
leaf_value=-0.010033387523226038 0.0063715786503783676 0.005587093014918736 -0.0069621736896330784 0.0093498298640760022 -0.0044767301892808245 0.005023257251825136 0.0028103404782425395 -0.0042469652849278245 -0.0056636803100717911 0.0058010778791968212 -0.0073148473019883217 -0.0075937044200609684 0.0016327571255118625 0.0047023800507322812
leaf_weight=51.128844887018204 82.375170603394508 74.001925468444824 95.863945186138153 83.560163125395775 70.556069999933243 50.389432549476624 47.102037250995636 51.410332351922989 57.280059918761253 95.038094252347946 79.000685706734657 105.2898166924715 89.935399755835533 56.795605152845383
leaf_count=214 346 305 394 348 296 208 200 211 238 394 326 433 370 234
internal_value=-0.000339074 0.000424054 -0.000184911 -0.000766224 0.00307812 -0.00173305 -0.00479389 -0.000726976 -0.00188614 -0.00137959 0.000449422 -0.00359959 -0.00264146 0.000450627
internal_weight=1089.73 934.217 851.841 777.84 154.116 623.723 155.511 527.859 104.382 477.47 263.974 213.496 168.936 108.206
internal_count=4517 3865 3519 3214 644 2570 652 2176 438 1968 1090 878 696 445
is_linear=0
shrinkage=0.03


Tree=265
num_leaves=15
num_cat=0
split_feature=3 7 14 8 9 18 6 18 3 0 13 17 16 16
split_gain=3.21826 5.92461 7.09484 6.21535 5.88729 5.63755 3.91234 3.80524 3.43086 3.35421 5.67182 3.00124 2.58087 6.54877
threshold=-0.086956521739130418 0.33333333333333337 0.39285714285714363 -0.21499927064325322 -0.12915749333637042 0.079367467931613297 -0.07364976989930376 0.041033330692693611 0.43478260869565222 0.35714285714280997 0.23333333333335865 0.72932863777597501 -0.062558691053893722 -0.57137644609467986
decision_type=2 2 2 2 2 2 2 2 2 2 2 2 2 2
left_child=1 2 3 -1 -5 -6 7 12 9 -8 11 -11 13 -2
right_child=6 -3 -4 4 5 -7 8 -9 -10 10 -12 -13 -14 -15
leaf_value=-0.01005560370680213 0.0034058297024294765 0.0042230801372694481 -0.010637204453560646 0.0093329743479819635 -0.0094158853907235027 0.0026772570042694847 0.008940012988415796 -0.0073083607283066995 -0.0033601648716101236 0.009555596649960486 -0.005199767655398025 2.6240576374206984e-05 0.0037090512644883584 -0.010222740136135243
leaf_weight=48.631152167916298 72.163820743560791 106.23538036644459 91.787007480859756 54.905527457594872 50.301454275846481 88.937593325972557 110.52135144174099 61.645125210285187 49.246349036693573 72.496265739202499 57.285748362541199 48.318670362234116 125.27754600346088 49.296382993459702
leaf_count=200 299 442 376 232 209 369 457 258 203 299 236 200 523 205
internal_value=0.000149466 -0.00181517 -0.00376648 -0.00100661 0.00145562 -0.00186646 0.00149316 -0.000944887 0.00369978 0.00494109 0.00228317 0.00589693 0.000758548 -0.00231101
internal_weight=1087.05 440.798 334.563 242.776 194.145 139.239 646.251 308.383 337.868 288.622 178.101 120.815 246.738 121.46
internal_count=4508 1828 1386 1010 810 578 2680 1285 1395 1192 735 499 1027 504
is_linear=0
shrinkage=0.03


Tree=266
num_leaves=15
num_cat=0
split_feature=17 17 18 5 9 19 17 17 19 19 9 8 19 8
split_gain=3.04848 2.44155 2.54226 3.05787 3.96091 3.63865 4.08896 4.0051 3.45299 2.91497 4.19265 2.88982 2.6153 4.02176
threshold=1.5012498407336701 1.1601471010237854 -0.71707239345528262 0.33492817278927933 -0.033793805287366314 0.25835313834454637 0.40370416171733309 -0.1366275733361639 0.078100723111775641 0.58281852476317597 -0.14871010625915521 -0.087359220622140563 -0.5681316054616562 -0.16151108714130505
decision_type=2 2 2 2 2 2 2 2 2 2 2 2 2 2
left_child=1 2 9 5 -5 8 7 -7 12 10 -1 -12 13 -4
right_child=-2 -3 3 4 -6 6 -8 -9 -10 -11 11 -13 -14 -15
leaf_value=-0.0028766369243979168 -0.0058394343502975923 0.0074965849299466064 0.0028655665148711665 0.00069949301264818592 -0.0096418016497202205 0.0059722524332543334 0.011025979177332714 -0.0046873807832120027 -0.0076056800421284406 0.0092524038196549734 0.01038761066459839 0.0004363362869770759 0.0028656226640091024 -0.0059301662643886028
leaf_weight=90.790273696184158 50.529922813177109 50.751430958509445 80.024960100650787 72.503293141722679 55.734041884541512 67.48065148293972 54.886530369520187 51.656826823949814 48.460227712988853 57.53238707780838 52.104357987642288 49.476439699530602 199.50137329101562 100.3531269133091
leaf_count=377 207 210 330 305 233 283 227 214 200 243 216 205 825 415
internal_value=0.0010197 0.00138234 0.00102943 0.000128522 -0.00398817 0.00103054 0.00462289 0.0013477 -0.000465442 0.00360909 0.00172971 0.00578855 0.000532392 -0.00205589
internal_weight=1081.79 1031.26 980.504 730.601 128.237 602.364 174.024 119.137 428.34 249.903 192.371 101.581 379.879 180.378
internal_count=4490 4283 4073 3032 538 2494 724 497 1770 1041 798 421 1570 745
is_linear=0
shrinkage=0.03


Tree=267
num_leaves=15
num_cat=0
split_feature=17 3 11 11 3 5 8 9 16 3 11 0 8 5
split_gain=3.7114 3.55032 2.7288 2.39011 5.1252 5.72069 7.46853 5.03325 5.36671 4.17196 5.80933 3.68971 3.10354 3.06951
threshold=-1.6789032846750895 -0.39130434782608686 -0.21781914021323551 0.19615163355368237 0.34782608695652178 0.20955749196763698 0.20187461300609885 -0.17368629894936474 0.16060353072609831 -0.21739130434782605 0.93204208522328225 0.5555555555555608 -0.10669597313591288 -0.029224310746587292
decision_type=2 2 2 2 2 2 2 2 2 2 2 2 2 2
left_child=-1 2 -2 4 5 7 -7 -3 12 -5 -11 -12 -9 -6
right_child=1 3 -4 9 13 6 -8 8 -10 10 11 -13 -14 -15
leaf_value=0.0070624445401128687 9.0474975959504498e-05 -0.010506686609925748 -0.0088371059215794565 0.0090990232547877217 -0.0018436805059687136 0.011386275416090479 -0.0028039030891437973 -0.0018709651288291353 -0.0076535084526140329 0.003353806755483768 -0.00024880631146704895 -0.010624065393117464 0.005315011058736485 -0.012395505321418856
leaf_weight=49.907018348574638 48.727341324090958 50.390265643596649 78.350688472390175 51.310359865427017 48.796961113810539 69.904130429029465 57.297663390636444 101.97171953320503 66.963741540908813 199.57923127710819 70.039074495434761 50.480278864502907 105.71970091760159 50.192576721310616
leaf_count=208 202 210 325 213 201 292 238 420 277 827 290 210 440 209
internal_value=-0.000545953 -0.000939445 -0.00554004 -0.000279349 -0.00152728 -0.00014479 0.00513005 -0.00225547 -0.000580855 0.00156849 0.000239998 -0.00484464 0.00182582 -0.00753272
internal_weight=1099.63 1049.72 127.078 922.646 551.237 452.247 127.202 325.045 274.655 371.409 320.099 120.519 207.691 98.9895
internal_count=4562 4354 527 3827 2287 1877 530 1347 1137 1540 1327 500 860 410
is_linear=0
shrinkage=0.03


Tree=268
num_leaves=15
num_cat=0
split_feature=14 14 18 11 11 18 11 18 13 15 14 6 6 15
split_gain=4.76831 3.84548 4.09976 5.9734 12.2562 2.77438 5.35485 2.3635 3.31801 2.34892 3.46209 1.85832 3.90286 3.21167
threshold=0.032258064516126152 0.21680376028202772 0.14198837864358357 -0.20341117771558107 0.42575189027154275 0.26629924660939847 0.12269366761684562 0.32194566256903207 0.30303030303028422 -0.63272353176673957 0.11796331435806379 -0.077467467844401269 -0.26794091280426569 -0.069642154472435616
decision_type=2 2 2 2 2 2 2 2 2 2 2 2 2 2
left_child=7 2 3 -2 -5 11 -7 8 -1 -4 -11 12 -3 -13
right_child=1 5 9 4 -6 6 -8 -9 -10 10 -12 13 -14 -15
leaf_value=-0.0019285586093684612 -0.0053165713929611506 0.0030492224686884 0.0015331997776545589 0.014607537487912554 -0.0039953960644339816 -0.0072328504343364261 0.0022261057367711501 0.00075217142112307548 -0.012003171546054838 0.003444797446341187 0.014468939708821665 -0.0012545752633550209 -0.0047951025025080776 0.00849190238495489
leaf_weight=67.946582660079002 83.029686540365219 126.21742574870586 50.087509006261826 55.528799667954445 63.832611665129662 117.2254234701395 92.991389602422714 58.192264869809151 50.244979202747345 51.756543576717377 55.193586438894272 52.37841023504734 96.074008360505104 64.038156315684319
leaf_count=284 347 520 207 231 267 482 385 243 214 217 229 215 396 265
internal_value=0.000274952 0.00115606 0.00354544 0.000680584 0.00489833 -0.000426355 -0.00309408 -0.00416942 -0.00652477 0.00710275 0.00952614 0.00125028 -0.000371985 0.00423566
internal_weight=1084.74 908.354 359.429 202.391 119.361 548.925 210.217 176.384 118.192 157.038 106.95 338.708 222.291 116.417
internal_count=4502 3761 1498 845 498 2263 867 741 498 653 446 1396 916 480
is_linear=0
shrinkage=0.03


Tree=269
num_leaves=15
num_cat=0
split_feature=5 13 13 20 8 8 11 0 0 4 9 9 9 0
split_gain=3.76935 3.82637 7.2851 6.33822 5.9465 3.65124 3.4619 3.0884 3.68041 2.71764 7.11548 6.02951 2.18157 2.60299
threshold=0.20955749196763698 0.47727272727271758 0.38583959899749798 1.0000000180025095e-35 -0.031137921029605161 0.031589279416952186 0.044725714828701392 0.55823643410852097 0.80993431855501019 0.95093288151721878 -0.066727910187817221 -0.00843628208620501 -0.026443000628891083 0.27777777777776069
decision_type=2 2 2 2 2 2 2 2 2 2 2 2 2 2
left_child=1 2 3 9 -5 -6 -3 12 -9 11 -11 -1 13 -2
right_child=7 6 -4 4 5 -7 -8 8 -10 10 -12 -13 -14 -15
leaf_value=0.0034312889130892052 0.0022862966809964547 -0.009841951889065028 0.0085759651698990007 -0.013184869139077807 0.0043276111247660971 -0.0052082180294700112 -0.00048916547628427098 -0.004405502655920393 0.0052796867581560618 -0.0024731369569607471 0.0086853785867052058 -0.0092987296213527075 0.0012049896594658381 0.011731921212181929
leaf_weight=71.901794642210007 50.418484389781952 76.086231306195259 68.419121727347374 58.487253114581108 48.66266542673111 108.13216638565063 64.499118119478226 91.710705459117889 50.723354890942574 96.190276980400085 101.40339389443398 54.774147287011147 86.666213840246201 57.482671037316322
leaf_count=298 210 316 286 242 202 447 270 384 212 398 417 224 357 240
internal_value=-0.000161542 -0.0013463 -0.000297685 -0.00149134 -0.00542058 -0.00220641 -0.00571516 0.00245129 -0.000894348 0.00115998 0.00332634 -0.0022172 0.00486152 0.00761502
internal_weight=1085.56 748.556 607.971 539.552 215.282 156.795 140.585 337.001 142.434 324.27 197.594 126.676 194.567 107.901
internal_count=4503 3100 2514 2228 891 649 586 1403 596 1337 815 522 807 450
is_linear=0
shrinkage=0.03


Tree=270
num_leaves=15
num_cat=0
split_feature=9 9 0 0 7 9 19 15 17 15 13 4 11 8
split_gain=3.0304 3.66942 2.94404 6.75935 6.37149 6.30475 5.13938 4.89768 4.80543 3.03347 2.82761 2.78747 2.6834 2.34878
threshold=-0.33938220870477004 -0.14592673940986187 0.36140661938532576 0.30952380952380326 0.33333333333333337 0.042072082406893196 0.23496734368729119 0.84149439236289869 0.75868914526923181 0.28242766358367172 0.27272727272722691 0.87960330650101703 0.18476999524287602 -0.095593995572804277
decision_type=2 2 2 2 2 2 2 2 2 2 2 2 2 2
left_child=-1 11 3 4 8 6 9 -8 -3 13 -7 -2 -13 -4
right_child=1 2 5 -5 -6 10 7 -9 -10 -11 -12 12 -14 -15
leaf_value=0.0062783487711867919 0.001633894435881353 -0.0048375900625151399 0.00029395823666925031 0.011930295190788887 0.0080850654308733238 -0.0027833070345523224 0.01187063517976723 -0.00058275566144979501 0.005535025510173896 0.0041770286163142559 -0.010260012959058741 -0.010238896514990346 -0.0018429109628114141 -0.0080278756320153449
leaf_weight=53.437834069132805 48.013128161430359 154.7867832928896 56.120801568031311 50.071451187133789 66.965505808591843 171.74868376553059 62.014233380556107 48.576176911592484 49.125771313905716 52.587116554379463 60.193727791309357 75.208448469638824 64.420247435569763 61.045185253024101
leaf_count=223 201 639 230 207 278 709 260 206 203 220 248 313 268 252
internal_value=-0.000369168 -0.000746036 0.000115984 0.00234843 0.00039311 -0.00129183 0.0017263 0.00661196 -0.002266 -0.00155472 -0.00489923 -0.00447755 -0.00656288 -0.00419295
internal_weight=1074.32 1020.88 833.235 320.95 270.878 512.286 280.344 110.59 203.913 169.753 231.942 187.642 139.629 117.166
internal_count=4457 4234 3452 1327 1120 2125 1168 466 842 702 957 782 581 482
is_linear=0
shrinkage=0.03


Tree=271
num_leaves=15
num_cat=0
split_feature=20 17 5 20 13 4 4 9 11 6 18 5 4 0
split_gain=2.97252 6.46739 6.07393 4.18961 4.15554 5.57053 4.1412 7.06705 3.76825 3.11154 6.11006 4.15902 4.96428 3.00201
threshold=-0.030453225128538364 0.1568030286491808 -0.052100527872055595 0.34856398501296076 0.35294117647064016 0.97016179633107391 1.0184385976683494 -0.029293759341094155 -0.01163153507549365 -0.39650696990014589 -0.49620850750571183 0.33492817278927933 0.96926547053491541 0.53125000000001421
decision_type=2 2 2 2 2 2 2 2 2 2 2 2 2 2
left_child=1 4 3 -2 6 -6 7 8 -1 -4 -11 -12 -13 -8
right_child=2 -3 9 -5 5 -7 13 -9 -10 10 11 12 -14 -15
leaf_value=-0.002781489942454942 -0.012216537650720944 0.006355698506766469 -0.0067139969106947608 -0.0017059260807256761 0.0020619828193510024 -0.010618890760954411 0.00041639091087771504 -0.010064540024087132 0.0085478520236617703 0.00955515133190208 0.0018995919166682035 0.00066835420939831511 -0.011203648736189063 0.010448782949928192
leaf_weight=48.709218099713326 68.21001423895359 154.23226857185364 50.1455959379673 67.475177943706512 51.526642590761185 68.888104617595673 50.654758736491203 53.901077419519424 48.321350038051605 56.72673986852169 200.80296815931797 65.271719977259636 55.674657538533211 53.162190452218056
leaf_count=204 283 634 208 280 216 287 207 221 201 236 833 273 234 221
internal_value=-0.000320252 0.00128829 -0.00182734 -0.00723609 -0.000851148 -0.00532675 0.0013262 -0.00183684 0.00300294 -5.1447e-05 0.000907329 -0.000740229 -0.00502445 0.00579779
internal_weight=1093.7 529.396 564.307 135.685 375.163 120.415 254.749 150.932 97.0306 428.622 378.476 321.749 120.946 103.817
internal_count=4538 2191 2347 563 1557 503 1054 626 405 1784 1576 1340 507 428
is_linear=0
shrinkage=0.03


Tree=272
num_leaves=15
num_cat=0
split_feature=15 9 3 6 17 8 8 12 13 6 15 6 15 6
split_gain=2.84176 6.26711 6.15648 4.40797 4.37277 4.28363 5.28433 4.59272 4.27466 6.02685 3.99892 3.39865 3.29236 2.80597
threshold=0.29938890424115661 0.17065830790148342 -0.086956521739130418 -0.088636362682899414 -0.069683629732304811 -0.12689502035747904 -0.23236263046184488 1.0000000180025095e-35 0.12820512820511545 0.023675448314510298 -0.19231367408206484 0.015434911752542026 -0.90499398696093147 -0.25102127208011116
decision_type=2 2 2 2 2 2 2 2 2 2 2 2 2 2
left_child=1 3 -3 5 -2 6 -1 13 9 -6 12 -10 -5 -7
right_child=4 2 -4 10 8 7 -8 -9 11 -11 -12 -13 -14 -15
leaf_value=-0.0010495664548017451 0.0062425736197998308 -0.0019707762686856458 0.010274128811315562 -0.0076762699664277784 -0.011812512116180555 -0.0015538280376565388 0.01120142368962425 0.0050602537692396154 0.0093288844124411515 0.0020028488080524589 -0.010002644140880926 -0.00069172035620274574 0.0013904519911818436 -0.0096064743782954768
leaf_weight=66.942374303936958 164.10574363172054 63.422031491994858 79.177582308650017 51.803586423397064 47.395107477903366 101.03449480235577 53.874587252736092 52.826797187328339 49.356827706098557 59.448009520769119 87.310761973261833 67.853328943252563 95.329447194933891 60.936859533190727
leaf_count=275 691 260 326 214 200 417 222 222 208 247 361 279 393 252
internal_value=0.000552568 -0.000573354 0.00494586 -0.00198498 0.00260076 0.000230198 0.00464143 -0.00230012 -0.000144699 -0.00437969 -0.00509467 0.00373696 -0.00194919 -0.00478034
internal_weight=1100.82 712.659 142.6 570.059 388.159 335.615 120.817 214.798 224.053 106.843 234.444 117.21 147.133 161.971
internal_count=4567 2942 586 2356 1625 1388 497 891 934 447 968 487 607 669
is_linear=0
shrinkage=0.03


Tree=273
num_leaves=15
num_cat=0
split_feature=20 11 11 5 9 13 9 6 13 18 5 0 8 5
split_gain=2.01299 1.78722 4.4482 4.30452 5.35077 7.08189 5.34934 5.27141 7.44459 3.47539 3.25394 4.00293 3.35751 3.2138
threshold=-1.4638302109074233 1.0000000180025095e-35 0.18476999524287602 0.22672658384697583 -0.036631587656059915 0.10526315789473173 -0.049706901362439583 0.1559772492357536 0.20000000000026649 -0.77345622353284516 -0.41513470116388657 0.16271373414228846 -0.054340756522974223 0.24325216737160885
decision_type=2 2 2 2 2 2 2 2 2 2 2 2 2 2
left_child=-1 3 -3 4 5 -2 -5 8 -6 -7 -4 -12 -13 -14
right_child=1 2 10 6 7 9 -8 -9 -10 -11 11 12 13 -15
leaf_value=0.0057793388493026883 0.0051839209416258501 -0.0074849657468656411 0.0063452094459061168 0.010183068371741101 -0.0011886310435755118 -0.0007230043481344494 -0.0014759403607224639 -0.0020760285482548852 0.014516945152139617 -0.010359250913018422 0.0059672189101494053 -0.0072650723087012876 0.0033905491817339062 -0.0037593430680753787
leaf_weight=48.506948888301849 52.335395038127899 85.812435209751129 54.648214042186737 81.444291695952415 48.513927832245827 50.879837051033974 58.091219395399094 98.821488693356514 54.753448784351349 99.492549672722816 54.190872013568878 89.746209755539894 99.631963789463043 118.30918490886688
leaf_count=202 217 356 225 342 200 213 241 406 227 414 224 372 414 494
internal_value=0.000103484 -0.000185784 -0.00146881 0.00100085 -0.000579192 -0.00397503 0.00544606 0.00284077 0.00742448 -0.00722693 -0.00015528 -0.00121003 -0.00254932 -0.000488029
internal_weight=1095.18 1046.67 502.339 544.332 404.797 202.708 139.536 202.089 103.267 150.372 416.526 361.878 307.687 217.941
internal_count=4547 4345 2085 2260 1677 844 583 833 427 627 1729 1504 1280 908
is_linear=0
shrinkage=0.03


Tree=274
num_leaves=15
num_cat=0
split_feature=0 9 11 11 8 18 5 20 9 0 13 11 11 5
split_gain=2.46441 5.99821 2.79437 2.14859 4.39043 3.18689 3.19328 3.39012 3.06878 6.75807 3.06444 2.34779 2.10571 1.97176
threshold=0.75595575723196717 0.042072082406893196 1.1551078393801328 0.4499770807107531 0.073929021187043212 1.4896460717454054 0.028889270842414608 -0.99452113051075008 -0.06195844563948625 0.38888888888886153 0.20000000000000265 0.71993563858317378 0.020157827793846273 0.3831403560783892
decision_type=2 2 2 2 2 2 2 2 2 2 2 2 2 2
left_child=2 12 3 5 11 6 7 -1 9 -9 -10 -5 -2 -8
right_child=1 -3 -4 4 -6 -7 13 8 10 -11 -12 -13 -14 -15
leaf_value=-0.0032262950460633195 -0.0035291121581062152 -0.01091996782983997 0.0048938678977660105 -0.011938846102119724 0.0018561559052538161 -0.0067906743119562482 -0.0028563145104885334 -0.0066536282878994464 0.0010288411811373744 0.0074187825138415063 0.010354619343728401 -0.002532457673187773 0.0039971903988178922 0.0033767583768887109
leaf_weight=63.864243865013123 65.177007585763931 64.974652588367462 83.641018927097321 49.705035299062729 73.250622674822807 50.416129589080811 221.90974302589893 54.950295954942703 49.332555219531059 58.012351140379906 90.266173988580704 48.432932943105698 58.939489558339119 52.71001248061657
leaf_count=264 272 268 348 205 304 207 922 228 203 243 373 201 244 222
internal_value=-0.000831119 -0.00389613 -0.000166611 -0.000714062 -0.00364642 9.15606e-05 0.000730655 0.00276504 0.00431327 0.000581438 0.00720853 -0.00764444 6.13073e-05 -0.00162096
internal_weight=1085.58 189.091 896.491 812.85 171.389 641.462 591.045 316.426 252.561 112.963 139.599 98.138 124.116 274.62
internal_count=4504 784 3720 3372 710 2662 2455 1311 1047 471 576 406 516 1144
is_linear=0
shrinkage=0.03


Tree=275
num_leaves=15
num_cat=0
split_feature=20 6 20 15 14 4 0 0 16 4 4 16 16 17
split_gain=2.51207 3.97397 3.88379 3.7878 3.39229 2.9612 5.82325 5.52138 3.80004 2.94847 5.52955 3.25074 3.60294 2.62339
threshold=-0.078716046280969829 -0.39650696990014589 0.24343296528546474 0.54693344663314569 0.13043478260873556 0.95839111090271112 0.62857142857143222 0.6153846153845367 0.40372149660255024 1.0698224287080047 1.0114990437805755 -0.84823325163135121 -0.25250513733478291 0.42932409693121465
decision_type=2 2 2 2 2 2 2 2 2 2 2 2 2 2
left_child=3 -2 13 9 -5 7 8 -4 -7 10 11 -1 -13 -3
right_child=1 2 5 4 -6 6 -8 -9 -10 -11 -12 12 -14 -15
leaf_value=-0.0065232610974113115 -0.0087711349440202594 -0.0020542872847307964 -0.0014071077616842715 0.00014336415209487827 0.010727381448048471 -0.0036243435928640082 -0.009508853078326971 0.0094874518328312285 0.0053306566829342461 -0.0048189579472845039 0.0088930235099788958 0.0063058442437430246 -0.0024503283447005072 -0.010607252121441129
leaf_weight=66.463119879364967 67.134491503238678 84.745308682322502 94.326943844556808 52.51674984395504 51.966780617833138 76.573370888829231 60.034602582454681 68.739468216896057 84.695856258273125 105.36611679196358 57.071420714259148 65.880335316061974 100.33921352028847 50.465935125946999
leaf_count=274 279 353 392 225 214 319 249 287 352 433 236 271 414 211
internal_value=-0.000842384 -0.00216571 -0.00123677 0.000717742 0.00565702 0.000318256 -0.00192624 0.00333104 0.00109754 -0.000642744 0.000931878 -0.0011668 0.00110294 -0.005511
internal_weight=1086.32 586.716 519.581 499.604 104.484 384.37 221.304 163.066 161.269 395.12 289.754 232.683 166.22 135.211
internal_count=4509 2442 2163 2067 439 1599 920 679 671 1628 1195 959 685 564
is_linear=0
shrinkage=0.03


Tree=276
num_leaves=15
num_cat=0
split_feature=9 9 11 14 9 18 9 20 20 6 14 11 3 4
split_gain=2.51546 3.476 4.24507 2.73156 4.27318 5.29908 3.63409 6.70093 6.14032 5.00278 2.79224 2.6914 2.39053 3.74814
threshold=0.12164591470313831 0.2112887573048908 0.19615163355368237 0.23809523809530611 0.046199843270408332 0.26629924660939847 0.054243197780676843 0.73891901553402317 -0.67717505028292291 -0.30835185151853389 0.11111111111108828 0.42575189027154275 1.0000000180025095e-35 0.96926547053491541
decision_type=2 2 2 2 2 2 2 2 2 2 2 2 2 2
left_child=3 -2 -3 6 5 11 7 8 -1 -10 -11 12 13 -5
right_child=1 2 -4 4 -6 -7 -8 -9 9 10 -12 -13 -14 -15
leaf_value=-0.0036762536025125151 -0.0072051705989959148 -0.0036455737475105431 0.0053490455083344997 0.010156455127307954 0.010773723797459552 -0.0057704837008173129 -0.0074848489836339864 -0.0072374694349860618 -0.0016342154316701613 0.011906996446043887 0.0033666743489735649 0.0083638649704463001 -0.0021258846746293361 -0.00079718455126176967
leaf_weight=95.068658873438835 81.472493261098862 109.04378943145275 75.599653884768486 49.095453217625618 49.143416419625282 64.628756985068321 53.524906322360039 74.535106614232063 63.240853101015091 80.866075173020363 66.507586926221848 70.077619090676308 83.804923683404922 57.144015312194824
leaf_count=397 336 449 311 202 203 269 222 312 265 344 276 289 347 236
internal_value=0.000262301 -0.00224138 8.10794e-05 0.00109598 0.00295745 0.00162922 -0.000524068 0.000540262 0.00252267 0.00534115 0.00828982 0.00354187 0.00159496 0.00449371
internal_weight=1073.75 266.116 184.643 807.637 373.894 324.751 433.743 380.218 305.683 210.615 147.374 260.122 190.044 106.239
internal_count=4458 1096 760 3362 1546 1343 1816 1594 1282 885 620 1074 785 438
is_linear=0
shrinkage=0.03


Tree=277
num_leaves=15
num_cat=0
split_feature=11 18 6 19 19 20 17 13 6 6 19 17 20 8
split_gain=3.12672 2.56092 2.64435 6.48387 5.62359 7.36805 4.90938 4.17347 3.91192 3.8762 3.78824 2.7467 2.67068 2.3677
threshold=1.4993616953994648 1.1068513965188791 0.10945255203870026 -0.25511412490611718 0.2857064783287438 0.13994409520834067 -0.5763158553787916 0.071428571428587009 -0.15301162286134265 -0.065440425060663401 -0.60222215099615428 -0.49161081191639266 0.064659233210739145 -0.10669597313591288
decision_type=2 2 2 2 2 2 2 2 2 2 2 2 2 2
left_child=1 2 3 7 5 11 -6 -1 -8 10 -9 -5 13 -4
right_child=-2 -3 12 4 6 -7 8 9 -10 -11 -12 -13 -14 -15
leaf_value=-0.0044011719146851893 0.00633727157156756 0.0028615588765709297 -0.0052699390861270885 -0.0060366078920396898 0.0057805854094011939 0.00035017281249111106 -0.0071290827827414222 -0.0018149386930382129 0.0014937369061767377 0.010451389328576262 0.0077038474067292135 -0.016355094884064166 -0.0089759853630864712 0.0030089454023465418
leaf_weight=51.821465447545052 50.471732437610626 131.80189174413681 66.319832876324654 53.441817477345467 82.727392286062241 75.792701110243797 89.290668115019798 92.871100157499313 92.251631885766983 67.836021304130554 56.6560268253088 54.164808183908463 72.61291378736496 50.760777220129967
leaf_count=214 210 545 272 221 349 316 375 384 385 281 236 224 301 208
internal_value=-0.000608114 -0.000974465 -0.00154482 -0.000697443 -0.00289829 -0.00685854 -7.36137e-05 0.0029488 -0.00282476 0.00476066 0.00192431 -0.0117261 -0.00464691 -0.00170437
internal_weight=1088.82 1038.35 906.547 716.854 447.669 183.399 264.27 269.185 181.542 217.363 149.527 107.607 189.694 117.081
internal_count=4521 4311 3766 2985 1870 761 1109 1115 760 901 620 445 781 480
is_linear=0
shrinkage=0.03


Tree=278
num_leaves=15
num_cat=0
split_feature=17 11 11 18 6 14 13 14 1 4 7 18 3 19
split_gain=5.62365 3.64079 6.07253 2.87799 4.1082 3.47393 6.35035 3.89526 3.37816 4.83282 5.45992 3.45875 3.3537 3.09626
threshold=1.5012498407336701 1.1551078393801328 0.89795702379442888 0.90390059132966039 0.25072621905152243 0.14285714285712853 0.42462121212121445 0.062499999999992416 1.0000000180025095e-35 1.0716397038262766 1.0000000180025095e-35 -0.25223699947365058 0.1304347826086957 -0.04238217117180313
decision_type=2 2 2 2 2 2 2 2 2 2 2 2 2 2
left_child=1 2 3 4 5 7 8 12 9 10 -7 -10 13 -1
right_child=-2 -3 -4 -5 -6 6 -8 -9 11 -11 -12 -13 -14 -15
leaf_value=-0.0066183097731652473 -0.0079680135550498996 0.0067893019612281493 -0.0082353556255682046 0.0058523259568996041 -0.0060107902828402957 0.0072113958680995868 0.010283832345890297 -0.0056557833867476055 0.0087173566084666268 -0.0088146167114746127 -0.0040330463221131402 -0.00012442009199439775 0.0076698823741816287 0.0035351373935968672
leaf_weight=47.84274360537529 55.845006495714188 97.51452562212944 57.267574176192284 111.6932318508625 67.689604759216309 71.112611576914787 83.58844193816185 102.70618607103825 78.869623810052872 51.148886367678642 74.778444036841393 75.545988753437996 50.859262734651566 50.758743450045586
leaf_count=201 229 406 238 464 278 292 345 430 328 213 309 313 212 219
internal_value=0.000901276 0.00142267 0.000822718 0.00146512 0.00078176 0.0014894 0.00310043 -0.00129622 0.00127168 -0.00132549 0.00150525 0.0045234 0.00178569 -0.00147309
internal_weight=1077.22 1021.38 923.861 866.594 754.901 687.211 435.044 252.167 351.456 197.04 145.891 154.416 149.461 98.6015
internal_count=4477 4248 3842 3604 3140 2862 1800 1062 1455 814 601 641 632 420
is_linear=0
shrinkage=0.03


Tree=279
num_leaves=15
num_cat=0
split_feature=4 13 15 4 17 4 16 17 0 15 14 5 6 0
split_gain=1.98019 7.83615 3.49262 5.50994 7.99178 4.68864 5.36367 4.63582 5.03437 4.51369 4.90426 3.49699 3.73094 3.27897
threshold=0.84855737257407748 0.31666406209303261 0.10642409757110059 1.0732814914690536 0.62707155090134781 1.202142472974012 -0.20339333750660513 0.7458789816327015 0.60996279454322411 -0.9659950258399993 0.43999999999998585 0.19469740567843455 -0.15837456150381554 0.76923076923079237
decision_type=2 2 2 2 2 2 2 2 2 2 2 2 2 2
left_child=1 -1 3 4 9 6 -5 8 11 -2 -11 12 -4 -10
right_child=2 -3 7 5 -6 -7 -8 -9 13 10 -12 -13 -14 -15
leaf_value=-0.0071884065227693986 0.0080672382282336568 0.0067682735761611951 -0.01097857643915208 -0.012281410927623491 0.012117189632428716 0.0049514642158363089 0.00077562788618215552 -0.0073781715043429296 0.0096325434860137105 -0.0034898077865836174 0.0062652755677038681 0.0027429673605150712 -0.00086019679892227266 -9.2733205791377504e-05
leaf_weight=112.43419171869755 69.454127192497253 47.797456294298172 56.005239084362984 52.227677449584007 83.471668913960457 48.889739856123924 54.939987525343895 87.328224778175354 60.267725080251694 147.03959378600121 61.773239627480507 67.006828725337982 72.947360709309578 59.598538026213646
leaf_count=466 285 202 233 216 345 202 228 363 255 608 255 280 303 250
internal_value=7.94558e-05 -0.00294627 0.000618954 0.00223972 0.00425489 -0.00241847 -0.00585147 -0.00146464 0.000260002 0.00172418 -0.000524927 -0.00268357 -0.00550046 0.00498697
internal_weight=1081.18 160.232 920.95 517.796 361.739 156.057 107.168 403.154 315.826 278.267 208.813 195.959 128.953 119.866
internal_count=4491 668 3823 2139 1493 646 444 1684 1321 1148 863 816 536 505
is_linear=0
shrinkage=0.03


Tree=280
num_leaves=15
num_cat=0
split_feature=18 1 9 16 15 1 19 13 9 9 6 16 0 0
split_gain=1.83607 3.64284 4.24187 6.16097 3.6357 4.06345 3.47127 3.53478 3.69516 6.37859 3.65599 3.27831 2.98884 2.71595
threshold=-0.036435216571039881 -0.24999999999999997 -0.041661584764175065 0.092913513015099827 -0.44693172669231457 1.0000000180025095e-35 1.3099150251798988 0.46531676022453317 -0.046691156228607859 0.12164591470313831 0.40871955552761269 0.35273475639448953 0.6621547466617943 0.17799539170504544
decision_type=2 2 2 2 2 2 2 2 2 2 2 2 2 2
left_child=1 2 3 -1 12 -6 7 8 -2 -10 -11 -7 -3 -9
right_child=6 4 -4 -5 5 11 -8 13 9 10 -12 -13 -14 -15
leaf_value=0.0014133699909048315 -0.0075184569426757081 -0.0087841171759851372 -0.0011882560525917473 0.015508976977636079 -0.0024668429347735037 0.0083035196204682572 0.0059635177034037777 -0.0019103707904432566 0.0046161488552684529 -0.0087913342238038362 -0.00018245755036123431 -0.00091801034932121771 0.00077397272056919117 0.0076126863908255842
leaf_weight=57.273592993617058 113.07047875225544 61.42455667257309 61.976412624120712 51.564398542046547 111.64659920334816 91.710092306137085 53.267570152878761 48.328229933977127 103.24597844481468 86.792464330792427 86.404538318514824 52.680234625935555 51.543174892663956 51.65864734351635
leaf_count=238 473 253 256 214 463 387 224 202 428 357 355 220 211 215
internal_value=0.000251516 0.00148362 0.00503762 0.00847934 -0.000206906 0.00177115 -0.000976246 -0.0017841 -0.00307134 -0.00115113 -0.00462216 0.00502096 -0.00457513 0.00313799
internal_weight=1082.59 539.819 170.814 108.838 369.005 256.037 542.768 489.5 389.513 276.443 173.197 144.39 112.968 99.9869
internal_count=4496 2242 708 452 1534 1070 2254 2030 1613 1140 712 607 464 417
is_linear=0
shrinkage=0.03


Tree=281
num_leaves=15
num_cat=0
split_feature=20 7 18 20 16 5 8 18 1 0 0 8 20 1
split_gain=2.9617 5.9116 3.12003 3.87297 3.08936 3.82447 3.78091 3.73478 1.95859 3.3214 3.50206 2.9512 3.17445 1.97956
threshold=1.1191388119996406 1.0000000180025095e-35 0.84938436820741037 0.014034979747199864 0.94063605855897547 0.30630111190991299 0.0062085404958370565 -0.3824403716270236 0.41666666666666674 0.66666666666666308 0.78896761133597859 -0.31586325058926129 -0.94451118321693028 -0.24999999999999997
decision_type=2 2 2 2 2 2 2 2 2 2 2 2 2 2
left_child=2 -2 4 -4 5 6 8 -8 9 11 -11 -1 -13 -14
right_child=1 -3 3 -5 -6 -7 7 -9 -10 10 -12 12 13 -15
leaf_value=0.0059824638115302106 0.003636818047949852 -0.0099089200997393937 0.010888658978321888 0.0013543318115678568 -0.0044733707082025651 0.0078129001163203104 0.0026235993187963807 -0.006000381746144221 0.0065724963670562367 0.010984259802413498 0.00060068846318933069 -0.0080690808048631581 0.0038260414154687658 -0.0022543230509557391
leaf_weight=48.447273552417755 51.142115697264671 56.42814102768898 62.013010859489441 93.535306975245476 84.607374206185341 70.832809403538704 67.598999112844467 118.63275793194771 69.871024131774902 50.745314866304398 62.7597935795784 51.139494866132736 72.03020291030407 123.70916800200939
leaf_count=200 212 235 256 389 353 298 283 493 293 211 260 210 297 512
internal_value=0.00102464 -0.00359338 0.00154938 0.00537615 0.000795625 0.00142762 0.000694189 -0.00288327 0.00210136 0.00126705 0.00551051 -0.000428464 -0.00178032 2.27594e-05
internal_weight=1083.49 107.57 975.923 155.548 820.374 735.767 664.934 186.232 478.702 408.831 113.505 295.326 246.879 195.739
internal_count=4502 447 4055 645 3410 3057 2759 776 1983 1690 471 1219 1019 809
is_linear=0
shrinkage=0.03


Tree=282
num_leaves=15
num_cat=0
split_feature=5 0 0 14 1 14 13 11 4 15 15 5 16 16
split_gain=4.97874 3.50148 6.67918 4.48744 4.49495 5.19577 4.56249 4.49062 4.32265 4.28472 3.32761 4.29171 3.26815 3.17372
threshold=-0.4908666206766838 0.82352941176470795 0.76923076923079237 0.21680376028202772 -1.0000000180025095e-35 0.56250000000003053 0.42967032967041535 0.29158733955728394 1.0874104621738312 0.36768142948590682 -0.44693172669231457 -0.11773330488886592 0.60417258767580562 -0.17048144081342367
decision_type=2 2 2 2 2 2 2 2 2 2 2 2 2 2
left_child=-1 2 3 10 5 7 8 13 9 -6 -2 -12 -13 -5
right_child=1 -3 -4 4 6 -7 -8 -9 -10 -11 11 12 -14 -15
leaf_value=0.0071961801818138209 -0.0025926991792761052 0.003840368833420487 -0.011320992258206023 0.00042572963011928511 -0.0026106143692093127 -0.0074513705860433637 -0.013181829724531283 -0.0032140306545068572 0.0029542077268610973 -0.012797494960889763 0.0093553600666754534 -0.0029453787681253392 0.0056729352227156346 0.010281351602453692
leaf_weight=64.081713423132896 108.16666501760483 109.33528326451778 56.091875076293945 50.986297503113747 124.14673230051994 54.694941192865372 48.898682296276093 69.424997508525848 66.639411106705666 50.363182365894318 74.382136195898056 88.619702622294426 63.733806967735291 65.95365883409977
leaf_count=264 447 457 232 210 512 226 201 287 277 209 317 377 266 273
internal_value=-0.000606237 -0.00112337 -0.00172946 -0.00104679 -0.00275166 0.000281725 -0.00523477 0.00268665 -0.00338829 -0.0058251 0.00165759 0.00369743 0.000725608 0.00617791
internal_weight=1095.52 1031.44 922.102 866.01 531.108 241.06 290.048 186.365 241.149 174.51 334.902 226.736 152.354 116.94
internal_count=4555 4291 3834 3602 2195 996 1199 770 998 721 1407 960 643 483
is_linear=0
shrinkage=0.03


Tree=283
num_leaves=15
num_cat=0
split_feature=18 18 3 4 20 11 1 4 11 20 4 6 18 9
split_gain=4.03397 3.35957 3.04895 2.76056 2.59801 4.48251 6.03162 3.46751 2.74128 3.32244 2.45731 2.28669 3.29765 3.1781
threshold=-0.81431262362160861 -1.1800116896823714 -0.086956521739130418 1.0129807468978294 -0.29575793118953858 -0.40051043845865769 -1.0000000180025095e-35 1.0971180768498019 -0.62250917483636148 0.36716787982206678 0.97557936688741864 -0.11873663725446872 0.070954738668672426 -0.13907362066508416
decision_type=2 2 2 2 2 2 2 2 2 2 2 2 2 2
left_child=1 3 11 -1 5 -4 -7 8 -6 -10 -11 13 -13 -2
right_child=2 -3 4 -5 7 6 -8 -9 9 10 -12 12 -14 -15
leaf_value=-0.0028030350177694848 -0.0053297581391471352 0.0078949177809623117 0.010290859951935738 0.0056424921712015562 -0.0053683825652425503 -0.0070281086994161074 0.0056557574077985267 -0.0065389834370850998 -0.0021675942238328937 0.0012946227683724874 0.0099453315039592528 -0.011706378653724094 -0.0031073338551324161 0.0042245181706026891
leaf_weight=89.362720593810081 51.947852671146393 80.314331084489822 49.075556486845016 50.232136234641075 55.086496829986572 56.133757725358009 70.307495087385178 82.628006607294083 98.0633195489645 68.914536520838737 49.165003225207329 49.865736052393913 173.31323975324631 64.66657455265522
leaf_count=372 217 336 202 209 229 232 293 345 407 287 204 206 717 270
internal_value=-0.000380877 0.00320438 -0.00130113 0.000326048 0.000127562 0.00306204 -2.84064e-05 -0.00135035 0.000320073 0.00185844 0.00515423 -0.0034965 -0.00524307 -7.57358e-05
internal_weight=1089.08 219.909 869.168 139.595 529.374 175.517 126.441 353.857 271.229 216.143 118.08 339.793 223.179 116.614
internal_count=4526 917 3609 581 2199 727 525 1472 1127 898 491 1410 923 487
is_linear=0
shrinkage=0.03


Tree=284
num_leaves=15
num_cat=0
split_feature=14 13 14 18 9 4 4 8 11 9 8 13 3 18
split_gain=1.96099 1.94264 3.1373 7.38481 3.54432 2.91083 5.32708 6.03777 4.84657 4.27517 2.82288 2.35902 1.97588 4.44778
threshold=0.69848484848475756 0.18749999999999353 0.29411764705879478 0.63260521920598622 -0.036631587656059915 0.85464979446002576 0.95705550032240427 -0.16687237635756921 0.22926490684467718 -0.049706901362439583 0.060665772000527349 0.29629629629630089 0.34782608695652178 0.75143671063678918
decision_type=2 2 2 2 2 2 2 2 2 2 2 2 2 2
left_child=1 5 11 4 -4 -1 8 -8 -7 -9 -11 -3 13 -13
right_child=-2 2 3 -5 -6 6 7 9 -10 10 -12 12 -14 -15
leaf_value=-0.0041151277183111065 -0.0064428849290679435 -0.0070033136702222767 0.0010178530301066175 -0.0077857947368961174 0.010327963856899073 0.011211229477987975 0.0078411131332335061 -0.0086510874326337691 -0.00055393412806900241 -0.0044506422019547917 0.0050290914011746407 -0.0050392129897985898 0.0031028986605649276 0.0045458342004925595
leaf_weight=78.105660110712051 48.641084268689156 102.46375401318073 94.355834946036339 53.379267081618309 56.671879529953003 79.824775904417038 52.374276027083397 72.652087226510048 49.41873574256897 48.073979720473289 55.592148900032043 190.75614154338837 56.243363708257675 51.81141509115696
leaf_count=325 201 426 389 219 234 330 215 304 204 199 232 798 236 217
internal_value=-0.000846623 -0.00055579 -0.00164935 0.00135404 0.00473041 0.00096469 0.00211458 -0.000656361 0.00685952 -0.00332711 0.000630465 -0.00317709 -0.0017714 -0.00294143
internal_weight=1090.36 1041.72 605.682 204.407 151.028 436.042 357.936 228.692 129.244 176.318 103.666 401.275 298.811 242.568
internal_count=4529 4328 2519 842 623 1809 1484 950 534 735 431 1677 1251 1015
is_linear=0
shrinkage=0.03


Tree=285
num_leaves=15
num_cat=0
split_feature=9 9 4 16 16 11 4 18 16 16 16 3 9 16
split_gain=3.71376 3.34187 5.86352 4.60459 9.69532 4.29859 4.21019 3.96421 3.52736 5.87876 4.395 4.30075 3.12895 4.22138
threshold=-0.33938220870477004 -0.00843628208620501 0.90164564667203606 1.0000000180025095e-35 0.32211774116868935 0.37792470308546572 0.83634997797042931 0.61029751079919048 -0.062558691053893722 0.73251915986106297 -1.2633278635297323 -0.13043478260869562 -0.14592673940986187 -0.44226819169510106
decision_type=2 2 2 2 2 2 2 2 2 2 2 2 2 2
left_child=-1 6 -3 5 -5 -4 -2 -6 10 11 -8 -10 -12 -14
right_child=1 2 3 4 7 -7 8 -9 9 -11 12 -13 13 -15
leaf_value=0.006789314679415571 0.0042515973835733712 -0.0047883424045019347 0.0092383931188251122 -0.011457244715969334 -0.0027354328178239426 -0.00083625207875833894 0.0014579378802622568 0.0079850016101076591 -0.0034649309310324692 -0.0067823598227944844 -0.013520850032010369 0.0061035836581688693 -0.009534100184506903 0.0015849250014417855
leaf_weight=50.559131518006325 64.874804437160492 122.92554219067097 117.39290073513985 48.523952543735504 48.228767588734627 54.223786920309067 50.658265471458435 73.023972794413567 67.24001944065094 100.4444385766983 65.039258688688278 98.476914435625076 72.08642752468586 49.018279239535332
leaf_count=211 273 507 485 201 200 224 210 301 280 423 271 412 300 203
internal_value=-0.000774064 -0.00117549 0.000709149 0.00272918 -0.000777101 0.00612166 -0.00270929 0.00378145 -0.00364016 -0.00123133 -0.00626619 0.00223337 -0.00835143 -0.00514917
internal_weight=1082.72 1032.16 464.319 341.393 169.777 171.617 567.838 121.253 502.964 266.161 236.802 165.717 186.144 121.105
internal_count=4501 4290 1918 1411 702 709 2372 501 2099 1115 984 692 774 503
is_linear=0
shrinkage=0.03


Tree=286
num_leaves=15
num_cat=0
split_feature=14 7 13 13 13 14 13 10 9 9 16 16 14 9
split_gain=3.44751 4.46015 3.32511 6.12957 6.37409 2.61324 2.60722 4.90806 4.19538 4.16971 3.99574 3.62764 3.49838 2.70719
threshold=0.020833333333354059 1.0000000180025095e-35 0.62115563839704313 0.47727272727271758 0.42105263157892742 0.066666666666658048 0.07692307692306545 -1.0000000180025095e-35 -0.21580063275304048 0.15919027503925301 -0.54887941726665457 -0.020103902481425868 0.38095238095236716 -0.030255495272580431
decision_type=2 2 2 2 2 2 2 2 2 2 2 2 2 2
left_child=1 -1 3 4 5 -2 7 -7 -8 10 -10 -12 -13 -9
right_child=2 -3 -4 -5 -6 6 8 13 9 -11 11 12 -14 -15
leaf_value=0.0014988779315003344 0.0066539476452942784 -0.0084813472087532701 0.0075210217823755594 -0.006238043378915651 0.011647965398012007 -0.0026413092656026363 -0.0082759851101100526 0.0023326881246785369 -0.0037239639449167766 -0.004806487065561184 0.009653458894665061 -0.0023496681133236543 0.0062288026137465096 0.011521480701583488
leaf_weight=78.758994981646538 60.32737834751606 74.891629263758659 66.588956490159035 94.310368463397026 48.7773197889328 74.705778256058693 54.820496261119843 61.345729604363441 77.860309571027756 104.90760304033756 65.641495928168297 92.607166141271591 71.625420957803726 55.469404980540276
leaf_count=330 254 317 279 388 203 309 227 257 323 431 272 386 296 229
internal_value=0.000613121 -0.00347962 0.00130505 0.000784502 0.00168154 0.000929962 0.000359793 0.0032614 -0.000850939 0.000222767 0.00198669 0.00395904 0.00146509 0.00698978
internal_weight=1082.64 153.651 928.987 862.398 768.088 719.311 658.983 191.521 467.462 412.642 307.734 229.874 164.233 116.815
internal_count=4501 647 3854 3575 3187 2984 2730 795 1935 1708 1277 954 682 486
is_linear=0
shrinkage=0.03


Tree=287
num_leaves=15
num_cat=0
split_feature=8 8 16 17 17 14 11 11 17 3 1 17 13 13
split_gain=2.99051 3.12131 5.22494 2.67601 3.3239 2.76214 6.82074 4.62439 3.63165 2.91412 2.65002 4.86676 2.57922 3.1876
threshold=-0.36892593455817313 0.11930559049226767 0.57066360050685161 -1.482378790043011 -0.80850130987807056 0.043015726179457259 -0.12291942959667752 -0.21115167703761364 0.10902248837573582 0.1304347826086957 0.25000000000000006 -0.062573805732608748 0.062499999999993651 0.32025641025644108
decision_type=2 2 2 2 2 2 2 2 2 2 2 2 2 2
left_child=-1 3 -3 -2 -5 6 -6 10 -9 -10 11 -7 -4 -14
right_child=1 2 12 4 5 7 -8 8 9 -11 -12 -13 13 -15
leaf_value=0.007523749410973498 0.0055863496277240949 0.0087547713387142179 -0.0054716614240324438 -0.0059125794826317239 -0.0033974707912318536 0.01120039276202024 0.011685627191463833 -0.0076766117908323083 -0.0050167260558034192 0.0037276857665433922 -0.0023118736285511689 -0.00018326717776656837 0.0054100221070813772 -0.0024345376030788781
leaf_weight=50.833391159772873 51.344802930951118 90.018725901842117 47.971322000026703 108.18246740102768 51.131198778748512 51.89567643404007 48.311241611838341 119.14180850982666 60.46954245865345 67.099331989884377 79.491982504725456 82.878035321831703 102.38523705303669 78.41417983174324
leaf_count=210 214 377 201 451 217 214 203 494 250 277 329 341 427 325
internal_value=0.000759169 0.000393669 0.00284107 -0.00070215 -0.00122295 -0.000273395 0.00413885 -0.00125941 -0.00402314 -0.000450174 0.001942 0.00444396 0.00037661 0.00203381
internal_weight=1089.57 1038.74 318.789 719.946 668.601 560.419 99.4424 460.976 246.711 127.569 214.266 134.774 228.771 180.799
internal_count=4530 4320 1330 2990 2776 2325 420 1905 1021 527 884 555 953 752
is_linear=0
shrinkage=0.03


Tree=288
num_leaves=15
num_cat=0
split_feature=15 1 1 18 6 6 15 14 18 15 14 0 4 6
split_gain=4.4601 5.84875 2.99243 6.64496 4.0989 4.24468 5.0519 3.76872 7.65579 3.98103 3.05752 3.00064 2.68433 2.35692
threshold=-0.62381340760398296 -1.0000000180025095e-35 1.0000000180025095e-35 -1.1424765512928792 0.14784457852328189 -0.14962880180735089 0.32309714747934754 0.22222222222223045 0.63260521920598622 0.54693344663314569 0.27027027027024603 0.39547661640684445 0.99166586907318022 0.32469358135754489
decision_type=2 2 2 2 2 2 2 2 2 2 2 2 2 2
left_child=1 -1 3 -2 5 10 -7 9 11 -4 -5 -9 -3 -6
right_child=2 12 7 4 13 6 -8 8 -10 -11 -12 -13 -14 -15
leaf_value=-0.0082556792366987927 -0.0061616704057074444 0.0046924994802512356 0.0072010680876552196 0.0010312245292003663 0.0136862856642525 -0.0074233038562424945 0.0048126672087135331 0.0035933782069565226 -0.011504559076437569 -0.0019528847241550855 0.0090343145246050711 -0.0052028557694844043 -0.0034312163453862963 0.0047787237872600379
leaf_weight=109.67279572784901 58.889609351754189 72.830261588096619 80.909813091158867 84.7572071403265 48.976509898900986 65.011531367897987 49.107211202383041 96.46205960214138 64.608486339449883 81.790634900331497 85.269064962863922 48.255480393767357 64.326029598712921 70.436312898993492
leaf_count=453 245 300 346 357 201 269 206 400 267 344 352 200 266 290
internal_value=0.000249298 -0.00325362 0.00129863 0.00289727 0.00427844 0.00224373 -0.00217696 -0.000700624 -0.00332813 0.00267829 0.00518824 0.000584507 0.000895816 0.00883532
internal_weight=1081.3 246.829 834.474 462.447 403.558 284.145 114.119 372.026 209.326 162.7 170.026 144.718 137.156 119.413
internal_count=4496 1019 3477 1920 1675 1184 475 1557 867 690 709 600 566 491
is_linear=0
shrinkage=0.03


Tree=289
num_leaves=15
num_cat=0
split_feature=8 18 8 4 6 4 0 8 17 19 4 5 5 19
split_gain=3.13446 4.73446 4.67857 3.70005 5.37059 3.63661 3.48626 3.69261 3.00694 5.47787 2.80947 4.19313 1.97542 3.11476
threshold=0.081949580250728515 -0.81431262362160861 -0.099641245829498987 1.1156731898523249 -0.28679949962032719 1.094935194079018 0.80000000000002602 0.139057331112272 -0.054483584238927192 -1.1789274574967994 0.88973722716727777 0.31770145154925045 -0.11356753194242696 -0.16512827907285085
decision_type=2 2 2 2 2 2 2 2 2 2 2 2 2 2
left_child=2 -2 5 4 -4 8 7 -3 9 -1 -9 -12 -6 -14
right_child=1 6 3 -5 12 -7 -8 10 -10 -11 11 -13 13 -15
leaf_value=0.0076165500249235803 0.0061584299311424288 -0.010304808556270121 -0.0023678665519237321 -0.0033040563222190449 0.011788567187875522 0.0039970129088565259 0.0038061596643687882 0.003280570859512015 -0.0070813965289192923 -0.0038304123152154961 0.0008933467425103974 -0.0084983588031212892 -0.00010372913696591079 0.0084449077038548422
leaf_weight=48.242147281765938 49.645684540271759 71.580284103751183 64.582322850823402 52.751382648944855 61.793874859809875 87.571210458874702 48.280126720666885 52.42251817882061 93.42319367825985 123.37145845592022 74.263781309127808 93.224433988332748 61.308699235320091 96.943909361958504
leaf_count=200 208 298 270 220 256 362 200 220 384 513 307 392 254 405
internal_value=4.36361e-05 -0.00209266 0.0012557 0.00375564 0.0050985 -0.00115534 -0.00337009 -0.00460285 -0.00290023 -0.000488038 -0.00255905 -0.00442892 0.00729375 0.00523133
internal_weight=1079.41 389.417 689.988 337.38 284.629 352.608 339.771 291.491 265.037 171.614 219.911 167.488 220.046 158.253
internal_count=4489 1625 2864 1405 1185 1459 1417 1217 1097 713 919 699 915 659
is_linear=0
shrinkage=0.03


Tree=290
num_leaves=15
num_cat=0
split_feature=15 15 14 4 11 11 11 6 8 4 4 6 9 11
split_gain=2.40824 5.06619 4.84357 3.36612 2.49383 2.79429 2.84663 2.71884 4.57812 4.05995 5.84631 3.70864 2.54818 3.96157
threshold=0.75637347406784017 0.5294309399080338 0.18749999999997727 0.96669374490189652 -1.429250517109762 -0.62250917483636148 -0.40051043845865769 -0.26794091280426569 -0.12190026227426513 1.120919401538887 1.0144308683130989 0.10539138633614827 -0.092021599925519254 -0.94162627725779957
decision_type=2 2 2 2 2 2 2 2 2 2 2 2 2 2
left_child=1 4 3 -2 -1 12 -7 8 -8 10 11 -9 -6 -14
right_child=2 -3 -4 -5 5 6 7 9 -10 -11 -12 -13 13 -15
leaf_value=0.0056254048036271783 0.004792574710371803 0.0071689042857370584 -0.0095023069578176675 -0.0047476268034944893 -0.0088275414123554826 0.0058816830335354457 0.0097849659577704598 -0.0065920463626508068 -0.0015181370844131205 -0.0080373723535785528 0.0055343211920832244 0.0013535004335411996 0.0042897109883634314 -0.0064944581643707087
leaf_weight=55.666034385561943 66.883920907974243 88.117930755019188 64.263132885098457 57.017615035176277 58.311361566185951 67.396118432283401 50.711479738354683 114.49561510980129 73.910716384649277 69.391355395317078 100.92201434075832 92.241476655006409 55.458437845110893 57.45777203142643
leaf_count=232 284 370 269 239 243 279 209 475 308 288 418 381 230 236
internal_value=-0.000112404 0.000547758 -0.00314802 0.000388456 -0.00022542 -0.000700156 0.000319369 -0.000478556 0.00328136 -0.00174796 -0.000223559 -0.00309867 -0.00400144 -0.00124054
internal_weight=1072.24 884.08 188.165 123.902 795.962 740.296 569.069 501.673 124.622 377.05 307.659 206.737 171.228 112.916
internal_count=4461 3669 792 523 3299 3067 2358 2079 517 1562 1274 856 709 466
is_linear=0
shrinkage=0.03


Tree=291
num_leaves=15
num_cat=0
split_feature=18 20 13 13 11 3 11 20 3 14 14 3 20 11
split_gain=2.82067 4.28995 3.25514 3.36751 3.95065 3.60859 3.36367 3.16425 3.73254 3.73781 3.87292 2.66577 4.23904 5.28465
threshold=1.1068513965188791 0.78908902194455632 0.14285714285714612 0.21428571428569279 0.11520410827049919 0.26086956521739135 -0.22771638030597299 -0.79218422599905869 0.043478260869565195 0.35294117647057677 0.12499999999999568 -0.2608695652173913 -0.40648182826423435 -0.74561252780932696
decision_type=2 2 2 2 2 2 2 2 2 2 2 2 2 2
left_child=2 -2 7 6 11 -6 -4 -1 9 10 -9 -5 -13 -14
right_child=1 -3 3 4 5 -7 -8 8 -10 -11 -12 12 13 -15
leaf_value=0.0031345201042135098 -7.0240729308417401e-05 0.010486074649848609 -0.00044101042073027764 0.0064396654347596153 -0.0057558808038907965 0.0027347186819717622 0.009627971186011091 -0.0035023436533771091 -0.0082222165932910474 -0.0074478673634912366 0.0079171817259987547 -0.0057359397875863848 -0.0038980961738891069 0.0077140931404543582
leaf_weight=61.006783500313759 87.509411051869392 52.284799262881279 51.217863768339157 82.583155140280724 148.85445088148117 60.194275841116905 65.221455931663513 48.425588130950928 113.2906823605299 48.064368814229965 49.315865233540535 67.40188592672348 54.443767637014389 83.951261326670647
leaf_count=251 362 216 213 344 619 252 269 202 475 200 206 280 228 350
internal_value=0.000207063 0.00410372 -0.000394925 0.000884182 -0.000207205 -0.00330429 0.00536315 -0.00282376 -0.00425948 -0.00100993 0.00236432 0.00205595 0.000185809 0.00316929
internal_weight=1073.77 139.794 933.971 613.868 497.429 209.049 116.439 320.103 259.097 145.806 97.7415 288.38 205.797 138.395
internal_count=4467 578 3889 2555 2073 871 482 1334 1083 608 408 1202 858 578
is_linear=0
shrinkage=0.03


Tree=292
num_leaves=15
num_cat=0
split_feature=4 8 8 4 4 0 13 0 5 11 9 9 0 17
split_gain=5.60656 2.90879 4.13693 3.26588 5.10135 2.49985 6.79327 2.57956 2.27503 2.25104 7.26854 5.00189 2.04237 1.90616
threshold=1.1365688498356874 -0.10193897354407359 -0.15043776427752723 0.93269762767773778 0.99026833908567558 0.19999999999996007 0.32305502846302242 0.37499999999991335 0.22311411888916891 0.21163471682404042 0.07575565858007012 0.085579722070430811 0.70152654363181421 -0.38139787134643988
decision_type=2 2 2 2 2 2 2 2 2 2 2 2 2 2
left_child=1 2 3 -1 -5 8 9 -8 -3 11 -11 12 -7 -2
right_child=13 5 -4 4 -6 6 7 -9 -10 10 -12 -13 -14 -15
leaf_value=0.0032679349077832697 0.00031689303867422767 0.00016396994298467743 -0.0098271507811955334 -0.011554992453925867 3.7422825953320951e-05 0.0028554346973011678 -0.010628435981748721 -0.0023510169459014293 0.0080888471951660063 0.0031695987574478497 -0.010388975435309197 0.0095830553119367751 -0.0035704025633252214 0.0072620343060816536
leaf_weight=77.386708468198776 54.471769735217094 75.200651079416275 68.570816248655319 48.891921266913414 93.246560528874397 98.495604738593102 66.422523722052574 71.463584125041962 52.841411828994751 92.889331892132759 51.126231268048286 65.607108250260353 73.118948802351952 100.10368689894676
leaf_count=321 227 312 285 203 385 412 276 300 219 389 212 270 306 417
internal_value=-0.000299705 -0.00118078 -0.00366024 -0.001558 -0.00420722 -5.7408e-05 -0.000989195 -0.00657081 0.00361555 0.00108849 -0.00183084 0.00286201 9.40401e-05 0.00490121
internal_weight=1089.84 935.261 288.096 219.525 142.138 647.165 519.123 137.886 128.042 381.237 144.016 237.222 171.615 154.575
internal_count=4534 3890 1194 909 588 2696 2165 576 531 1589 601 988 718 644
is_linear=0
shrinkage=0.03


Tree=293
num_leaves=15
num_cat=0
split_feature=8 0 5 4 19 4 3 3 0 20 20 8 19 6
split_gain=6.14741 3.17647 5.30661 3.58129 2.76319 3.4361 3.06591 4.48285 3.78226 3.31222 2.89851 2.69849 7.22863 2.74198
threshold=0.081949580250728515 0.3157894736842029 0.19182178821621823 1.0227895990709917 0.654521996439832 0.84855737257407748 0.17391304347826089 0.3043478260869566 0.16666666666668209 0.28030791009438699 -0.53968800347327706 -0.24471897627757319 -0.5331996259693802 -0.12810434960272571
decision_type=2 2 2 2 2 2 2 2 2 2 2 2 2 2
left_child=4 3 -3 -2 5 -1 8 -8 -7 11 -9 -10 -13 -14
right_child=1 2 -4 -5 -6 6 7 10 9 -11 -12 12 13 -15
leaf_value=-0.0026249653073109201 -0.0025820027901966619 -0.012854212214493562 -0.0022331287170538122 0.0072943944813570636 -0.0031940176550412113 -0.0010981908445194903 -0.0052642279704086256 0.0092208652771173672 0.0033467034130076996 -1.7520977750063271e-05 -1.9015464796080899e-05 0.018991871014352315 0.010093122521246568 0.00025222607824724379
leaf_weight=86.697533011436462 81.976230502128601 49.165210872888565 208.50957718491554 48.480574533343315 73.874598428606987 64.384076192975044 68.904444947838783 49.857717588543892 72.480133906006813 51.123928621411324 68.925506338477135 54.533288836479187 47.504439309239388 50.023430153727531
leaf_count=360 341 204 874 201 309 267 286 206 299 213 285 227 199 208
internal_value=0.000436292 -0.00256278 -0.00446577 0.00122205 0.00213373 0.0027949 0.00370157 0.000598793 0.00538063 0.00688643 0.00407511 0.00842447 0.0106612 0.00530404
internal_weight=1076.44 388.132 257.675 130.457 688.309 614.434 527.737 187.688 340.049 275.665 118.783 224.541 152.061 97.5279
internal_count=4479 1620 1078 542 2859 2550 2190 777 1413 1146 491 933 634 407
is_linear=0
shrinkage=0.03


Tree=294
num_leaves=15
num_cat=0
split_feature=9 6 4 0 15 20 20 15 17 0 0 20 9 4
split_gain=3.66415 3.74825 5.80434 3.17558 2.83438 4.90389 4.81508 2.97428 2.33474 3.63201 3.29544 3.57881 2.73097 2.58399
threshold=-0.050270770549575079 -0.52024213995191981 0.84281231878175367 0.15217391304348407 -0.67120610651848633 0.75085935405730531 0.064659233210739145 0.42938634698685457 -0.73706102272304608 0.11111111111113031 0.34917588620457146 -0.22601261442450737 0.02453696548059995 0.98139758526782583
decision_type=2 2 2 2 2 2 2 2 2 2 2 2 2 2
left_child=1 -1 -3 -4 -5 6 7 -6 -2 -10 -11 -12 -13 -14
right_child=8 2 3 4 5 -7 -8 -9 9 10 11 12 13 -15
leaf_value=-0.0061184537007798806 0.0025518316714086423 0.010789557420032752 0.0067008921332139893 0.0041983939700461319 -0.0042692300645693756 0.0060846966606447409 -0.0099310289779224441 0.0042603630488848559 -0.0098707727422920177 0.0021114496819456467 -0.008124972795472387 -0.0071482202288464126 0.0042064008004070895 -0.0032524744712400903
leaf_weight=50.97278618812561 75.341858357191086 55.405463263392448 64.069463610649109 87.489086613059044 79.347916200757027 50.823390156030655 72.00165830552578 60.327057972550392 55.969569504261017 122.04414410889149 100.99494209885597 48.70531177520752 82.678847327828407 75.028926089406013
leaf_count=213 312 234 266 362 329 213 303 257 231 505 416 205 342 311
internal_value=-0.000563009 0.0012439 0.00209934 0.000821631 -0.000333856 -0.00189466 -0.00390669 -0.000565292 -0.00223615 -0.00299773 -0.00199869 -0.00363814 -0.00130255 0.000666965
internal_weight=1081.2 520.437 469.464 414.059 349.989 262.5 211.677 139.675 560.764 485.422 429.452 307.408 206.413 157.708
internal_count=4499 2177 1964 1730 1464 1102 889 586 2322 2010 1779 1274 858 653
is_linear=0
shrinkage=0.03


Tree=295
num_leaves=15
num_cat=0
split_feature=20 20 9 17 4 15 9 19 19 8 15 20 3 9
split_gain=3.04199 4.16278 3.95598 4.76182 3.86623 3.01767 3.32633 2.9508 5.13659 2.95046 2.6657 2.66441 2.63484 2.99081
threshold=-0.96125458716180912 -0.67717505028292291 0.02453696548059995 0.7458789816327015 1.0482902353534362 0.070953760263541651 -0.11609614614114135 -0.32380245109366546 -0.84999492699995016 0.092132393762554235 0.72033488197161955 0.014034979747199864 -0.17391304347826084 0.19936290573373372
decision_type=2 2 2 2 2 2 2 2 2 2 2 2 2 2
left_child=4 -2 3 5 -1 7 -7 8 -3 -8 11 -4 -13 -14
right_child=1 2 10 -5 -6 6 9 -9 -10 -11 -12 12 13 -15
leaf_value=0.0077608931274771682 -0.0064244250056257803 -0.0056496319718132414 0.007789415185363472 -0.0087308520317962175 -0.0021407063691443505 0.0056743680302598553 0.0030752894976973375 -0.0059943030904038384 0.0067272993610802637 -0.006468981155218689 -0.0026006940097124151 0.006977928448704312 -0.005478438824715005 0.0038194223166520503
leaf_weight=86.287764146924019 96.622545629739761 54.049345850944519 95.368209719657898 68.108033001422882 55.163421437144279 107.74091577529907 55.1036207228899 119.38844001293182 56.787872791290283 52.143152147531509 67.68758137524128 49.245835915207863 59.314730331301689 55.568569228053093
leaf_count=359 399 224 392 285 228 456 232 498 235 218 281 205 246 230
internal_value=-6.44566e-05 -0.000689424 3.95055e-06 -0.00163402 0.0039582 -0.000463452 0.0020679 -0.00282097 0.000708394 -0.00164657 0.00255968 0.00392944 0.0015226 -0.00100938
internal_weight=1078.58 937.129 840.506 513.321 141.451 445.213 214.988 230.226 110.837 107.247 327.185 259.497 164.129 114.883
internal_count=4488 3901 3502 2148 587 1863 906 957 459 450 1354 1073 681 476
is_linear=0
shrinkage=0.03


Tree=296
num_leaves=15
num_cat=0
split_feature=17 9 9 13 4 4 11 3 13 19 20 15 17 5
split_gain=2.6591 2.44688 2.73828 3.12251 3.63894 6.37222 2.73974 4.24782 3.08822 6.69904 5.51251 4.72146 3.69322 3.24933
threshold=1.4341475270376154 0.42655239130512407 0.2112887573048908 0.44827586206896092 0.93095976267197689 1.0129807468978294 -0.782270217342244 -0.21739130434782605 0.16666666666664862 0.3781693830156389 0.047984083418157915 0.47499674780817674 0.10902248837573582 -0.14806218214370173
decision_type=2 2 2 2 2 2 2 2 2 2 2 2 2 2
left_child=1 2 3 6 -5 -6 7 -1 9 10 -8 12 13 -10
right_child=-2 -3 -4 4 5 -7 8 -9 11 -11 -12 -13 -14 -15
leaf_value=0.0041398894208993483 -0.0054802568468193397 -0.004944400015355236 0.0058423568589845492 0.0032655242538149505 -0.013618185267094105 -0.00025404045476816478 0.0084180006105832577 -0.0058510501933696996 0.0040657991064713302 -0.0054326111869809615 -0.002706866325883133 0.01133780598770691 0.007459842482165884 -0.0050764314639100694
leaf_weight=57.411906957626343 63.455309808254242 61.54889103770256 90.035726860165596 55.721046149730682 48.897235631942749 79.920372545719147 95.195948958396912 95.567412585020065 61.344838619232178 109.9216598123312 63.596312150359154 65.879061698913574 72.286987155675888 69.192990019917488
leaf_count=240 261 255 371 234 203 333 392 399 253 463 268 279 299 286
internal_value=0.000246977 0.000625859 0.0010048 0.000476624 -0.00294014 -0.00564616 0.00140448 -0.00208918 0.00240906 0.000122185 0.00401587 0.004652 0.00225987 -0.000788642
internal_weight=1089.98 1026.52 964.971 874.936 184.539 128.818 690.397 152.979 537.418 268.714 158.792 268.704 202.825 130.538
internal_count=4536 4275 4020 3649 770 536 2879 639 2240 1123 660 1117 838 539
is_linear=0
shrinkage=0.03


Tree=297
num_leaves=15
num_cat=0
split_feature=5 15 7 15 15 15 17 6 17 13 7 4 4 0
split_gain=2.00328 4.28734 4.5332 4.05788 4.35323 3.99242 3.26977 3.22444 4.81937 5.3166 2.89009 2.82398 7.45063 3.26937
threshold=0.19182178821621823 0.25415262216819567 1.0000000180025095e-35 0.72033488197161955 0.47499674780817674 0.22997227169634582 -0.30488122952903446 -0.1010333645636209 0.1568030286491808 0.15384615384613198 1.0000000180025095e-35 0.98139758526782583 0.92082188083231309 0.48148148148146325
decision_type=2 2 2 2 2 2 2 2 2 2 2 2 2 2
left_child=3 2 -2 4 5 7 -3 8 9 -1 -11 12 -9 -13
right_child=1 6 -4 -5 -6 -7 -8 11 -10 10 -12 13 -14 -15
leaf_value=-0.0071730383342790659 0.0028853145031221775 0.0108447124179335 -0.0068579922403130301 -0.0069198896899559607 0.0072786793242169533 -0.007415097018375629 0.0020467454935796502 -0.0045295382434626221 0.0099261229748442495 -0.0014276195942392795 0.0076608219030617148 -0.0014698471245193391 0.0096549426477141008 -0.010493970844408274
leaf_weight=57.336473628878593 81.835065394639969 48.8645079433918 80.910898849368095 92.443272680044174 56.120214506983757 73.875215649604797 140.54841788113117 82.53859181702137 53.264228403568268 55.391696095466614 64.105180621147156 94.47838506102562 48.868845194578171 55.562933847308159
leaf_count=238 340 206 336 389 237 307 589 340 220 229 265 392 202 230
internal_value=-0.000325039 0.0015215 -0.00201871 -0.00121529 -0.000346124 -0.00113251 0.00453697 -0.000162213 0.00244316 -2.17551e-05 0.00355982 -0.0022977 0.000906045 -0.00504229
internal_weight=1086.14 352.159 162.746 733.985 641.542 585.422 189.413 511.546 230.098 176.833 119.497 281.449 131.407 150.041
internal_count=4520 1471 676 3049 2660 2423 795 2116 952 732 494 1164 542 622
is_linear=0
shrinkage=0.03


Tree=298
num_leaves=15
num_cat=0
split_feature=15 17 19 15 6 19 19 6 19 8 14 17 20 6
split_gain=3.03332 4.60413 3.65137 3.61555 3.61137 6.9765 5.82583 10.4694 4.98942 3.64004 2.77968 2.62975 3.81325 3.48847
threshold=0.29938890424115661 0.97016575468862176 -1.1327708908107408 -1.1010927917378508 0.14784457852328189 -0.50016057854827223 0.39814699562737782 -0.082182695244570156 -0.25511412490611718 0.11930559049226767 0.29411764705879478 0.078873693847630641 0.47160485837596855 -0.21950341237018833
decision_type=2 2 2 2 2 2 2 2 2 2 2 2 2 2
left_child=2 11 -1 -4 5 -5 7 10 -6 -8 -7 13 -13 -2
right_child=1 -3 3 4 8 6 9 -9 -10 -11 -12 12 -14 -15
leaf_value=-0.0063804443818923744 -0.0014332010470692869 0.0097911382287341718 0.0061027057504529168 0.0042957863694827528 -0.0040455625837048145 -0.0069144140750220092 0.0056353322722812607 -0.017106544722017638 0.0075419089059768308 -0.0047673213399357529 0.0018387678437585861 -0.0072357846540603392 0.0027273010297425792 0.0064439210801052645
leaf_weight=100.14633584022522 90.852658808231354 54.154794543981552 64.981363892555237 96.284453630447388 50.790501728653908 59.415360912680626 57.597721815109253 66.363789916038513 80.652417108416557 53.691315770149231 62.875070780515671 68.099905982613564 61.767937213182449 105.07350045442581
leaf_count=413 386 225 268 399 208 247 241 275 333 226 259 283 261 442
internal_value=-4.87722e-05 0.00208932 -0.00122793 -0.000311162 -0.00115088 -0.0025754 -0.00481538 -0.00795942 0.00308025 0.00062739 -0.00251856 0.000680453 -0.00257169 0.00284646
internal_weight=1072.75 379.949 692.798 592.652 527.671 396.228 299.943 188.654 131.443 111.289 122.29 325.794 129.868 195.926
internal_count=4466 1597 2869 2456 2188 1647 1248 781 541 467 506 1372 544 828
is_linear=0
shrinkage=0.03


Tree=299
num_leaves=15
num_cat=0
split_feature=17 0 0 0 17 20 0 18 5 16 16 9 6 20
split_gain=2.66991 1.85408 5.17985 3.74897 4.12544 3.7134 3.18518 2.57775 2.67117 5.54004 3.55712 3.7526 4.28629 3.13261
threshold=1.4647633478518802 0.66666666666662822 0.70900537634411009 0.55823643410852097 0.85924206984111795 -1.1668497271579907 0.60996279454322411 -1.3709679710550631 0.19738113187947806 0.69762779919649909 0.28780224180350916 -0.040161592158096011 0.071502032169646804 -0.061742020751436144
decision_type=2 2 2 2 2 2 2 2 2 2 2 2 2 2
left_child=1 3 -3 4 5 -1 -5 -7 10 -10 11 13 -13 -9
right_child=-2 2 -4 6 -6 7 -8 8 9 -11 -12 12 -14 -15
leaf_value=-0.0075578728878093783 -0.0061354762573496381 0.010172630697850666 0.00010725867973278829 -0.01094468326241317 0.0064925654397037236 0.0059076927341845395 -0.00083710216057399447 -0.00015117841972530282 0.0097295866076724975 -0.0020263143459388869 -0.0088762314069263486 0.009450991816155184 -0.0013843090654257345 -0.0093072688442770255
leaf_weight=58.634964108467102 61.476399570703506 52.476013362407684 231.31241647899151 49.773138508200645 76.397643893957138 56.219369053840637 59.384415090084076 77.140597075223923 55.123406574130058 86.839336752891541 53.316777288913727 48.982189729809761 81.245117843151093 54.855079010128975
leaf_count=243 253 220 964 211 317 234 251 321 231 362 220 203 335 229
internal_value=-0.000306331 6.53435e-05 0.00211237 -0.000709956 0.000170916 -0.000721811 -0.00572341 0.000123771 -0.000643159 0.00271416 -0.00217241 -0.000668767 0.00288991 -0.0041571
internal_weight=1103.18 1041.7 283.788 757.912 648.754 572.357 109.158 513.722 457.503 141.963 315.54 262.223 130.227 131.996
internal_count=4594 4341 1184 3157 2695 2378 462 2135 1901 593 1308 1088 538 550
is_linear=0
shrinkage=0.03


end of trees

feature_importances:
Column_4=329
Column_17=313
Column_13=284
Column_20=281
Column_9=269
Column_18=263
Column_16=258
Column_6=256
Column_15=252
Column_0=249
Column_11=237
Column_14=233
Column_19=224
Column_5=199
Column_8=194
Column_3=160
Column_1=95
Column_7=72
Column_10=18
Column_12=13

parameters:
[boosting: gbdt]
[objective: binary]
[metric: binary_logloss]
[tree_learner: serial]
[device_type: cpu]
[data_sample_strategy: bagging]
[data: ]
[valid: ]
[num_iterations: 300]
[learning_rate: 0.03]
[num_leaves: 15]
[num_threads: 0]
[seed: 0]
[deterministic: 0]
[force_col_wise: 0]
[force_row_wise: 0]
[histogram_pool_size: -1]
[max_depth: -1]
[min_data_in_leaf: 200]
[min_sum_hessian_in_leaf: 0.001]
[bagging_fraction: 0.7]
[pos_bagging_fraction: 1]
[neg_bagging_fraction: 1]
[bagging_freq: 1]
[bagging_seed: 3]
[bagging_by_query: 0]
[feature_fraction: 0.7]
[feature_fraction_bynode: 1]
[feature_fraction_seed: 2]
[extra_trees: 0]
[extra_seed: 6]
[early_stopping_round: 0]
[early_stopping_min_delta: 0]
[first_metric_only: 0]
[max_delta_step: 0]
[lambda_l1: 0]
[lambda_l2: 5]
[linear_lambda: 0]
[min_gain_to_split: 0]
[drop_rate: 0.1]
[max_drop: 50]
[skip_drop: 0.5]
[xgboost_dart_mode: 0]
[uniform_drop: 0]
[drop_seed: 4]
[top_rate: 0.2]
[other_rate: 0.1]
[min_data_per_group: 100]
[max_cat_threshold: 32]
[cat_l2: 10]
[cat_smooth: 10]
[max_cat_to_onehot: 4]
[top_k: 20]
[monotone_constraints: ]
[monotone_constraints_method: basic]
[monotone_penalty: 0]
[feature_contri: ]
[forcedsplits_filename: ]
[refit_decay_rate: 0.9]
[cegb_tradeoff: 1]
[cegb_penalty_split: 0]
[cegb_penalty_feature_lazy: ]
[cegb_penalty_feature_coupled: ]
[path_smooth: 0]
[interaction_constraints: ]
[verbosity: -1]
[saved_feature_importance_type: 0]
[use_quantized_grad: 0]
[num_grad_quant_bins: 4]
[quant_train_renew_leaf: 0]
[stochastic_rounding: 1]
[linear_tree: 0]
[max_bin: 255]
[max_bin_by_feature: ]
[min_data_in_bin: 3]
[bin_construct_sample_cnt: 200000]
[data_random_seed: 1]
[is_enable_sparse: 1]
[enable_bundle: 1]
[use_missing: 1]
[zero_as_missing: 0]
[feature_pre_filter: 1]
[pre_partition: 0]
[two_round: 0]
[header: 0]
[label_column: ]
[weight_column: ]
[group_column: ]
[ignore_column: ]
[categorical_feature: ]
[forcedbins_filename: ]
[precise_float_parser: 0]
[parser_config_file: ]
[objective_seed: 5]
[num_class: 1]
[is_unbalance: 0]
[scale_pos_weight: 1]
[sigmoid: 1]
[boost_from_average: 1]
[reg_sqrt: 0]
[alpha: 0.9]
[fair_c: 1]
[poisson_max_delta_step: 0.7]
[tweedie_variance_power: 1.5]
[lambdarank_truncation_level: 30]
[lambdarank_norm: 1]
[label_gain: ]
[lambdarank_position_bias_regularization: 0]
[eval_at: ]
[multi_error_top_k: 1]
[auc_mu_weights: ]
[num_machines: 1]
[local_listen_port: 12400]
[time_out: 120]
[machine_list_filename: ]
[machines: ]
[gpu_platform_id: -1]
[gpu_device_id: -1]
[gpu_device_id_list: ]
[gpu_use_dp: 0]
[num_gpu: 1]

end of parameters

pandas_categorical:null
